SiO2,TiO2,Al2O3,Fe2O3t,MgO,CaO,Na2O,K2O,MnO,P2O5,L.O.I,Total,Ga,Rb,Sr,Y,Zr,Nb,Ba,La,Ce,Pr,Nd,Sm,Eu,Gd,Tb,Dy,Ho,Er,Tm,Yb,Lu,Hf,Ta,Pb,Th,U,Al,10000*Ga/Al,Zr+Nb+Ce+Y,REE,Sr/Y,A/CNK,A/NK,P,Type_Encoded
0.5115791043457409,-0.5351541900377714,-0.4078922075106666,-0.40852181921500097,-0.6254255410246301,-0.3866253576760631,-0.4890075750244663,-0.08542191703789158,-0.23150698326054528,-0.6248719664763439,0.024218011185565,-0.6290995285041836,-1.313008415759568,1.7880340097220144,-0.725344441558269,1.0497393420131629,-0.17989181421018205,0.10516481841966109,-0.8679298150664103,-0.031524802367674125,0.5293081059953794,0.46367932805951845,0.5791218547551248,1.0247831185811775,-0.8316624637879093,1.000886662731572,1.127768791512997,1.1682860287906194,1.2237525623537433,1.1292141654522208,0.9678057569968483,0.9492574406868051,0.9258437533766333,0.16387428549983132,0.9677708552774784,0.3924873143862985,3.232177798581345,2.39983484631383,-0.4078922075106669,-0.49968365158473493,0.3483931748113549,0.60229866375839,-0.5798371954867949,0.4258464980187864,0.07506658321240604,-0.624126994206658,0
0.1276650125116189,-0.03998712512579167,-0.5303209513015871,0.2712899460477983,-0.1874571585023332,-0.375806882153862,-1.1595570477555364,1.119869869718162,-0.4243025120011519,0.07329251386897835,0.41895715301549147,0.2485850851408633,0.31940083341614195,-0.31855289065777564,-0.4457328822627994,0.17953310877397258,-0.004583954981566675,-0.38259861002804285,1.022016050969493,0.8798283245612871,1.1933441595857233,1.18526745508295,1.4147439500746315,1.235045964071233,0.6610084095499335,1.1185988586011744,0.849952644293575,0.5764430210312748,0.5680032173869483,0.3920732417825565,0.18337654504757572,0.002762979011681193,0.020479389132159694,-0.18144971651928218,-0.6326476790977659,0.36684258485172494,0.016021804139598736,-0.5297930884356289,-0.5303209513015865,0.559600077381065,0.3910138117325439,1.21528801614055,-0.4963473037984145,0.24423251816645367,-0.06061266993776365,0.0737991889818308,0
-1.6077304431439678,1.6435808955749396,1.5019961956277104,0.872545685102452,1.1463556428155708,0.3057570757448079,-0.2016292295682937,1.0589965471547251,-0.03871145451993881,1.236899981111182,1.6877615374688266,-0.037616419308596126,0.5711492199218887,-0.06167781637345415,0.919621332514535,-0.4059069367209577,0.416170351192642,-0.33901295956367467,1.3416378985741,1.2894453076396384,1.089224124226129,0.9090172647994209,0.697590874253206,0.08692153583248319,1.3682137143413873,0.10890227186112024,-0.3978292761402798,-0.33606979277964194,-0.3319337064638705,-0.40816806264087,-0.48695447955150684,-0.5081684494290403,-0.5153516305508922,-0.3369350728646517,-0.40519634739936244,-0.09332595286342045,1.0181310249490563,1.2814875011405313,1.5019961956277086,0.1652371006434511,0.4990898939350123,0.9603539406327732,0.2492955522191546,0.18115131879421534,0.2582270935116913,1.2370094942959784,0
-1.9190121392256883,3.624249155222858,0.596023491574891,3.2284711249409748,1.8033082165990162,1.8636175509417678,-0.5728262591158504,-0.852425781337198,0.5396751317018809,2.400507448353386,-0.5819885280532506,0.3821457872172994,0.1584590764551566,-0.8524423015595298,0.5687114944494228,-0.18878673878308017,1.0548852812261524,-0.2158418823536142,2.0920294553004743,-0.03454252795353144,0.009699894060935457,0.16707561940571533,0.2396503785315754,0.24213808259041616,2.822807605418533,0.2310489017443726,-0.06128431858612965,-0.14527664676414836,-0.08774612757984697,-0.23630918495223913,-0.2648687189234371,-0.3406907075033428,-0.3256893383730802,0.5567199391729514,-0.5093750695442943,-0.22847224320915355,-0.8443889323807946,-0.8286151377800738,0.5960234915748899,0.15217728500687946,0.6657371942968342,0.08116149518524565,-0.08224749128005811,-0.48720315417237,1.0584839683041631,2.4002197996101273,0
0.04984458849118971,-0.8817711354761572,1.2000052942767712,-1.0135542902988925,-0.3467183885104411,-0.5056285884202755,-0.620722650025212,1.545983127662221,-0.4243025120011519,1.236899981111182,-0.27183634518687994,0.17226468395435163,-1.0853907880576028,-0.3837370629190363,-0.2656050698264191,-1.0088043334540566,-1.160167630531583,-1.1542653673414613,0.32629148530621926,-1.2259405892500674,-1.3270046818164265,-1.383822379575116,-1.469893158142915,-1.727323903499769,-0.17969127773229981,-1.633512280830129,-1.3725765334618023,-1.289506461765548,-1.2619949546134104,-1.2030513799288478,-1.1333439178672746,-1.0795154982624056,-1.0979118843463076,-1.6070992661394758,-0.7601710682910124,0.14469511525848036,-1.777786234826711,-0.8391617983451718,1.2000052942767714,-0.6626147787736516,-1.5636815678361051,-1.447019035922512,1.5486543383413738,0.8078062160357059,0.19439386150611956,1.2370094942959784,2
-0.9229107117641844,1.0988971241717618,1.0530908017276654,0.8529066785504156,1.0667250278115168,0.9115917049880702,-0.28544791365967725,-0.5480591685200129,0.15408407422066794,0.887817740938521,-0.11676025375369456,1.7559130085747805,-0.3933412331253656,-0.5337641260600331,1.0034733701832323,-0.6744832410561167,0.05639269170664737,-0.5368485831268893,1.333460874708482,0.07107786755148061,0.09602458102768019,0.07853719891204282,0.07861903724604537,-0.2835190311347222,0.9355225931522952,-0.541143103160219,-0.6835924883576354,-0.732187629458832,-0.7816204344633162,-0.707596005003336,-0.7831523053899208,-0.7120999266416825,-0.7384289750139432,-0.15927294574741271,-0.3946040192703724,-0.16528555299067912,-0.334076357616975,-0.6153382241303131,1.0530908017276654,-0.2582152229315583,-0.14302790390644993,-0.005879736208309136,0.8544228416781352,0.19014694890685307,0.8711659305283614,0.8880464027017345,2
0.599775584902229,-0.13902053810818757,-1.0281978427180025,-0.27255946616244114,-0.5258872722695626,-0.6895426722976943,-0.17768103411361263,0.1580713732158568,-0.809893569482365,-0.5085112197521235,-0.03217329479013883,-0.6290995285041836,-0.5634796619126928,-0.6041216453261558,-0.7014751621062167,0.9485525707062803,0.7576241286211088,-0.19082837320244986,-0.23301408033514504,0.76817247788456,0.8281243301110341,0.8753829833550958,1.1231466563954284,1.1649583489078812,-0.09390559535656183,1.1656837369490152,1.038867624402782,1.1189657781440074,1.0331277527703726,0.8488589289090043,0.7296754605122475,0.6936639995593452,0.5663608440442688,0.740470325568443,-0.6092683910790041,-0.021033949358702134,-0.262869951835977,-0.45596646447994266,-1.0281978427180032,-2.6437838430692215,1.010296801213916,1.0316576631750651,-0.5751956568297552,-0.06364244795687302,-0.5232477118894359,-0.5078059636752432,0
0.28330586055248097,-1.0303212549497511,0.596023491574891,-1.01430963670474,0.03152703275881521,-0.5813579170756832,2.3728017818099216,-0.6576311491341994,-0.6170980407417584,-0.8575934599247846,-0.22954286570510207,1.6986727076848833,2.365660314777243,1.6845670696247752,-0.7523678757950568,1.0092646334904098,-1.157042577388812,-0.470145892057118,-0.9181001841974338,-0.737672589458326,-0.5231890389453154,-0.35382542116539156,-0.2303870500856469,1.235045964071233,-1.0547052379648283,1.4011081286882199,1.727851669506949,1.858769537843188,1.4906272957704625,1.7213437598753936,1.8642962849388744,2.239205588876953,2.07086339050935,-0.5869678106334707,3.1930539966996307,0.17450711334242228,-1.25975963276995,0.26706570981622385,0.5960234915748899,1.412328779351038,-0.7166092465687159,-0.08581556095749247,-0.5838442493502743,-0.5334035505365348,-0.8718758466219009,-0.8567690552694875,0
0.5297372032838394,-0.7332210160025632,-0.2936253799724726,-0.7076389959306328,-0.744871463530711,-0.4839916373758732,0.8041949795283116,-0.15846990411401554,0.3468796029612744,-0.5085112197521235,-0.46920591610184315,-0.07577661990187907,-1.037108260969307,0.0017807558832768295,-0.6503267061375333,-0.3203295414820275,-0.8277686852724563,-0.6535782924989895,-0.821983994534619,-0.97305518515521,-1.011255538334218,-0.9927776890613953,-0.9920217723820722,-0.9586963905416777,-0.9002910096884998,-0.7130029091298385,-0.4502269246933208,-0.42475806709495006,-0.39274582291324,-0.33056654896245863,-0.3349070414189079,-0.29875740856836897,-0.2458042474103326,-0.9006107115499133,-0.32871693485386166,0.0815449687795927,-0.2984731547264761,0.16277095533914324,-0.29362537997247296,-0.35210886229198163,-1.005710675323287,-0.9750275966396055,-0.5211680347413788,-0.33847147773312125,-0.6305412161414308,-0.5078059636752432,0
1.2249329911996818,-0.5351541900377714,-0.8812833501688969,-0.7605132443399616,-0.5657025797715896,-0.9924599869193254,-0.4291370863877638,0.5598353021345412,-1.0026890982229715,-0.6248719664763439,-0.8921407109196213,1.2789105011589876,-0.8301831448766116,-0.4509905739822418,-0.3289439078009721,-0.6582933576470154,-0.7606943739154208,-0.27837565523152497,-0.5567933525390444,-0.9096829478522028,-1.1905452728036108,-1.0222904958926196,-1.061656946992031,-1.2530643742277552,-0.6257768260861379,-1.1626634973517196,-0.9614086355770576,-0.8998764816573128,-0.9036203125966735,-0.8115207909633214,-0.7271216473935442,-0.6741602752243252,-0.6585438840511955,-0.7675500869186953,-0.30746303665498725,-0.31274274781447775,0.15250074855317822,-0.6247130335215114,-0.8812833501688963,-0.08119605782376288,-1.0555203353396163,-1.1377858175872473,-0.2184642284388156,0.3286297544796825,-0.46057803679777193,-0.624126994206658,0
-0.43004802630146,-0.18853724459938556,-0.03244405988517296,-0.7484277018464006,0.5093107227831392,1.0305949357322823,-0.4291370863877638,0.5598353021345412,0.7324706604424877,-0.3921504730279032,2.2234789442380123,0.5538666898869642,-3.4466362794709187,-1.1090403130006832,-0.518193194885101,-0.8606669002607805,-0.8971296208802997,-0.837010692940861,-0.6452930202747768,-0.8795056919936279,-0.9836980421102188,-1.0149122941848134,-1.1051789311232554,-1.4166021429422426,-0.6944053719867285,-1.3392317911561231,-1.1503236156862646,-1.0922254591790999,-1.0713701450300397,-0.9952018080088771,-0.9372366148799566,-0.895807712452044,-0.8981991569394385,-1.3631547876489094,-0.8621897796456097,-0.9795057157133936,-0.5892326449988848,-0.9692372786480478,-0.03244405988517326,-1.8631668672936321,-1.2036142110995065,-1.0840511798391854,-0.16366626546981428,-0.8395610845287056,-0.06949286365819526,-0.3914849331438284,1
0.6542498817165283,-0.6837043095113653,-0.48951137003794737,-0.1479273091975946,-0.5856102335226031,-0.4948101128980743,0.5527389272541604,-0.15846990411401554,-0.03871145451993881,-0.6248719664763439,-0.3705211306443615,1.7940732091680365,0.31940083341614195,0.7533646087496224,-0.5633743309907714,0.7704638532061671,-0.3094671884226369,0.8639079293383114,-0.7282421862012995,-0.5415204263775893,-0.5364697600171224,-0.519097139420247,-0.49151895487299285,-0.2578202389081598,-0.7458767814121713,0.045063632270400854,0.6276997265180373,0.6915236058733697,0.71287807267031,0.8947791831703931,1.0378440794923192,1.0810478087681514,0.9924146625122561,0.02764555075834596,1.4289804461930533,0.1937406604933526,1.0188453522219882,0.8764283202441112,-0.48951137003794665,0.5469684373161984,-0.04597609212205621,-0.3309520901883192,-0.5485839379376095,-0.2777686681426386,-0.5799791301818805,-0.624126994206658,0
1.1185784117050952,-0.6341876030201673,-1.4526174878598639,-0.9523712314252405,-0.705056156028684,-0.6462687702088897,0.8760395658923549,-0.8159017877991356,-0.809893569482365,-0.8575934599247846,-0.41281461012613935,-0.34289802405472414,0.06649235819173584,2.847535476317744,-0.7570564842588527,0.6348735796549443,-0.019828116653620186,2.577333306193066,-0.8858147653405306,-0.08886158849896633,0.15578782585081102,-0.039514028412854056,-0.06500351038699469,0.05991028316570168,-1.0032338285393854,0.2286946578269806,0.46101003818638403,0.7408438565199815,0.9645028213203594,1.0349568014420012,1.2759743759769198,1.2407937094728136,1.1788132080920009,1.1491565297928983,3.129292302103007,0.8119709777480876,1.1315888280419018,1.3100132545870316,-1.4526174878598646,0.6984598064544975,0.5399292901318788,0.21609020677576418,-0.5823971661477841,-0.6748122530702128,-0.9448088396264501,-0.8567690552694875,0
0.8721470689737331,-0.8322544289849592,-0.6201020300815973,-0.7990359110381868,-0.7249638097796975,-1.2196479728855487,1.4627703545320414,-0.8159017877991356,-0.6170980407417584,-0.6248719664763439,-0.7793580989682138,1.8588692602913193,-0.12138073549798215,0.8485541936390825,-0.6733435113234408,1.0497393420131629,-0.6608451149634703,0.9431173749836649,-0.8364769714808887,-0.8402752593774806,-0.7987640011853081,-0.6091112002554808,-0.43929257391552373,-0.10829999322634275,-0.9174481461636474,0.7183773926445265,0.7166008936282522,1.0532054439485248,1.292377493803757,1.2621412172615043,1.5561276659588028,1.580253748470221,1.6181812083871128,0.20822782704357057,0.36628553624933213,-0.23580855921075664,0.3542522315993397,1.5326649776279901,-0.6201020300815987,-2.6437838430692215,-0.2832138542616862,-0.4331663253537093,-0.5717316060122989,-0.07320685016794756,-0.8819607497149098,-0.624126994206658,0
-1.3638931145466213,0.6037300592597818,2.057006500813223,-0.5686552572546826,0.7681102215463146,1.5066078587091312,-0.8242823113900016,0.7181059407994774,-0.809893569482365,0.7714569942143008,2.2516745972258643,-0.17117712138503222,0.17225408419466937,-0.6024661742845999,0.10496549366669262,-0.9401997025079902,-0.4390425626350917,-1.191785631068208,0.33344546541586734,-0.6625312223704746,-0.7069610167764431,-0.7109303838232043,-0.7200093715619204,-1.019438990349916,0.42080849889786676,-1.1438295460125831,-1.0836477403536033,-1.1251056262768413,-1.1704950460133925,-1.1426299927428099,-1.077313259870898,-1.0535567893978979,-1.084597702519183,-0.6281532420669429,-0.9323276437018954,0.27965050443417444,-1.452016928378645,-0.7219766809551935,2.0570065008132223,-0.15759666461544422,-0.8732785998778094,-0.8173023720650604,1.3996015639205157,0.07629841037173299,1.1278674221639697,0.7717253721703198,2
-0.6894494397028931,0.10856299434780224,0.8408809791567348,-0.17058770137302132,0.2106959165179367,0.17593536947839472,0.4689202431627763,-0.13412057508864125,-0.03871145451993881,-0.15942897957946245,1.6595658844809746,-0.07577661990187907,0.0343040067995386,0.9023570024896469,-0.40992896308472093,-0.3729466625616064,-0.20275805671826233,-0.2742067370396642,-0.09425153510490249,-0.08886158849896633,-0.08492524357568858,0.034267988665206424,0.030744854701698885,-0.03120361654665577,-0.24831982363289035,-0.23744563781664485,-0.36132575758310564,-0.4428421589987077,-0.6291205867966198,-0.601254363555909,-0.6850986538962618,-0.6781539227419418,-0.7517431568410677,-0.7485414262570925,-0.4881211713454199,-0.34159306854087323,-0.06111846878981567,-0.0024600601807262734,0.8408809791567337,-2.6437838430692215,-0.26472779487418246,-0.10209878451751049,-0.4045507058527223,-0.010939181912235195,0.036519626976286815,-0.15884287208099884,0
1.0796681996948787,-0.23805395109058358,-0.5629686163125003,-0.7076389959306328,-0.08791888974726575,-0.7003611478198953,1.3071070840766135,-1.0106964200021342,0.7324706604424877,-0.6248719664763439,-0.46920591610184315,3.263240932008671,-1.1980500179302926,-0.9724639520723273,-0.3255340107363932,-0.6380560033856388,-0.32471135009469043,-0.49099048301642156,-0.26693381361364876,0.022794258177760773,-0.4539300785558425,-0.20183446598458707,-0.28261343104311615,-0.8021673833435253,-0.3855769154340713,-0.7483165678907191,-0.7836063013566273,-0.7930159385896535,-0.7968704192299859,-0.7245139934154267,-0.6850986538962618,-0.6501983901186259,-0.645229702224071,-0.25114813894515853,-0.5731367641409175,-0.6589465965312226,-0.5120923720694702,-1.0043928138650413,-0.5629686163125007,-0.39429081362513974,-0.8773352629100671,-0.8324013611843508,-0.23261975366287188,-0.28896484695806085,-0.7185403046822125,-0.624126994206658,1
-2.090217072070633,2.3863314929429085,0.6613188215967158,2.9429501835305993,0.03152703275881521,0.8142254252882601,0.5287907317994793,0.8642019149517265,1.889243832886127,1.5859822212838433,-0.28593417168080587,-0.648179628800825,1.1930846569186349,-0.8503729627575851,-0.1567441060397377,-0.03498284639661858,3.2805328853459654,0.1760364276812931,0.3744575065616946,1.3958593997429172,1.6498689464290845,1.7164979780449856,1.9500643548886902,1.7022967318269115,3.646350156225619,0.9655730039706911,0.4165594546312764,0.23942130827942582,0.20200358298687657,0.1286359936514306,-0.0687614159361191,-0.20091304438676327,-0.07271988365771266,2.4797627761050793,-0.5688859845011427,-0.17735043147109852,-0.6604390507798829,-1.0465794561254336,0.661318821596716,0.723644584617751,2.7597969215812745,1.646867455133592,-0.3853243492350421,-0.9474606190354287,-0.44064102513966735,1.5859725858902234,0
0.975907634334304,0.05904628785660422,-1.1261408377507391,-0.544484172267561,-0.2869954272574006,-0.4839916373758732,-0.24952562047765592,0.07284872162704459,-0.23150698326054528,-0.3921504730279032,-0.9908254963771029,0.34398558662401646,-1.4739501727205537,-0.5503188364755914,-0.3604854556483269,-0.2859260392376874,-0.21800221839031583,-0.232517555121057,-0.33785689228688387,0.004687904662615807,-0.08160506330773681,-0.1885537029105362,-0.32613541517434047,-0.5171444150125615,-0.2997912330583332,-0.6565010551124293,-0.5391280918035358,-0.5053144764844165,-0.438495777213249,-0.42240705748523644,-0.3629223704170963,-0.35866212133261727,-0.3922602475087033,-0.5141012780973276,-0.03116236006961965,-0.35441543330816,0.3661199658961725,-0.4946375532186354,-1.12614083775074,-0.44930678960445003,-0.2467552371363317,-0.15946014024030394,-0.404570432915318,-0.22153513463689312,-0.4932461123869799,-0.3914849331438284,1
-0.3859497860232196,0.2571131138213963,0.9061763091785597,0.03335582820581852,0.33014183902401756,0.5654004882776346,0.5048425363447983,-0.8037271232864485,0.3468796029612744,0.07329251386897835,-0.11676025375369456,0.4393860881071967,-0.1404327579009595,-0.5958442901183767,2.3418579680304497,-0.8181684563118898,-0.4085542392909847,-0.674422883458293,0.9449257480638029,-0.6592117242260314,-0.7489612971660323,-0.7625777957778467,-0.7613552564865834,-1.1245704130949434,0.42080849889786676,-1.1132243750864863,-1.0836477403536033,-1.0988014925986482,-1.101870114563379,-1.0217872183707337,-0.965251943878145,-0.9057918312460855,-0.8981991569394385,-0.6408256825080113,-0.6241461198182161,-0.498667036940137,-1.3190983042541151,-0.9516595110395512,0.9061763091785597,-0.08779553583015894,-0.7710404214319213,-0.8345477861081713,3.2195727605388003,-0.026381416663360354,0.32697987984211363,0.0737991889818308,1
0.9344034081900756,-0.6341876030201673,-0.709883108861606,-0.7945038326031014,-0.705056156028684,-0.8193643785641076,1.486718549986722,-2.2038135422455003,-0.4243025120011519,-0.6248719664763439,-0.4410102631139913,-1.0107015344368233,-0.1404327579009595,-0.4385745411705731,-0.709999904767664,-0.14426455940805177,-1.0335648678451788,0.4094958464254933,-0.8898234610916265,-0.96098428281178,-1.1141811266407213,-0.806847006024683,-0.8048772406178077,-0.5171444150125615,-0.7287196449370237,-0.34103237018189503,-0.33910046580555187,-0.13048057157016477,0.003753781020171046,-0.0187921910825023,-0.05475375143702493,-0.1170464465168156,-0.13929079279333562,-1.1318827495994115,1.1739336678065602,0.01422755375133673,-1.0520742825753724,1.2982947428480336,-0.7098831088616064,0.32000920617897444,-1.000575658826758,-0.914187552247172,-0.5557607392730498,0.16398957400570574,-0.45751960111232054,-0.624126994206658,0
0.9058692527159181,-0.4856374835465734,-0.5384828675543164,-0.9816031373315408,-0.6055178872736166,-0.4407177352870687,0.9359100545290574,-0.3897885298550767,-0.4243025120011519,-0.7412327132005644,-1.1318037613163625,0.5157064892937083,-0.8301831448766116,-0.5751509020989288,-0.812296816705031,-0.6097237074197117,-0.8430128469445098,-0.6327337015396859,-0.4522095640050687,-0.30613783068070527,-0.4182713424780411,-0.43793692063438056,-0.5232900032887866,-0.7694598296006279,-0.21400555068259508,-0.7883387144863839,-0.7836063013566273,-0.8390481725264913,-0.7663704496966466,-0.7293477043903097,-0.6850986538962618,-0.6641761564302838,-0.711800611359694,-0.8309122891240371,-0.6007668317994543,0.07833937758777094,0.12283141281109568,-0.166519224526696,-0.5384828675543167,-0.16648027888581438,-0.9034211467124333,-0.4876411096272266,-0.5888507881537889,-0.5042714288702653,-0.7239426275914441,-0.7404480247380727,0
-1.4884057929793102,1.0493804176805637,1.6489106881768176,1.2910075939419974,2.1815536378682725,-0.07288956753223082,-1.3870649045750065,-0.47501118144388893,0.3468796029612744,1.1205392343869618,2.4208485151529757,-0.34289802405472414,-0.6002663492180609,-0.8524423015595298,1.4382352459170418,-0.6501984159424647,-0.3628217542748242,-0.674422883458293,2.415808727504374,-0.35743916564028266,-0.49994777706965343,-0.3936677103875443,-0.3696573993055648,-0.6573196453392649,0.9012083202019999,-0.6941689577907021,-0.6835924883576354,-0.7387636628783802,-0.7206204953966376,-0.6955117275661283,-0.6850986538962618,-0.6761570989831335,-0.645229702224071,-0.7517095363673598,-0.6539015772966403,-0.40249930118548566,-0.9333969396070422,-0.6469782058256073,1.6489106881768167,-0.48021491711803826,-0.6205844380836276,-0.49037965177141185,1.1018974624273177,2.6421744126926257,2.246440225163501,1.1206884637645642,2
0.34815621390283924,-1.0303212549497511,-0.007958311126989161,-0.8179195711843756,-0.3865336960124681,-0.24598517588744864,1.1873661068032086,0.3285166763934801,-0.809893569482365,-0.7412327132005644,-0.8921407109196213,0.057784082174557015,2.1587351986845476,1.5604067415080882,-0.7875750629868339,1.6770973241158351,-0.5533737751754931,2.4981238605477123,-0.9382361713163999,-0.7738852964886159,-0.6310948976537463,-0.5028650956630738,-0.3957705897842994,0.8145202730911222,-1.071862374439976,1.8366432534057489,1.8612034201722718,1.8094492871965764,1.8108769758705252,1.8421865342474695,1.7102119754488383,1.7200314115868003,1.644809572041362,0.8006644176635177,2.27913637414803,-0.21016382967618302,1.1731258980808175,2.599049545876793,-0.00795831112698933,1.5137902045385532,0.19177517166722682,-0.19506118811470874,-0.5907099558085729,-0.7748099300869067,-0.8563969101890353,-0.7404480247380727,0
-0.21215083904425902,-0.28757065758178146,0.759261816629454,0.2728006388594937,-0.1675495047513197,-0.4407177352870687,0.5287907317994793,-0.633281820108825,-0.4243025120011519,2.516868195077606,0.6727180299061584,-1.0870219356233621,2.2507019169479676,0.9685758441518799,-0.6085554670964418,-0.840429545999404,-0.6974311029763988,-0.5701999286617752,0.09179511831557428,-0.7406903150441835,-0.659316429931336,-0.7168329451894491,-0.7352420660078488,-0.764787321923071,-0.6257768260861379,-0.9484273008690433,-0.9725212814658345,-0.9294686320452802,-0.9798702364300218,-0.9952018080088771,-0.9792596083772389,-0.973683839045567,-1.0180267933835598,-0.9608048036449881,0.19200357101856177,-0.5403397224338192,-0.8503227995292112,0.6654951089421505,0.7592618166294539,1.2905315015175887,-0.9307394344739666,-0.7886587015299367,-0.3163707360495895,0.6837480281017011,0.1694147239990395,2.516540830141541,2
1.2327150336017252,-0.6837043095113653,-1.0771693402343703,-1.0067561726462644,-0.665240848526657,-0.9491860848305209,1.0077546408931002,-0.633281820108825,-0.23150698326054528,-0.6248719664763439,-0.7088689664985841,0.9354686958196039,-0.8899615117478352,-0.5326880698830219,-0.7780273512060131,-0.7076725020447742,-0.38294404768193474,-0.3275688898954814,-0.9000918894386644,-0.8390681691431376,-0.9023536255454018,-0.9219469526664573,-1.029015458893613,-1.2063392974521874,-0.8659767367382045,-1.1556007655995433,-1.0503098026872728,-0.9031644983670871,-0.8273703887633252,-0.8042702245009969,-0.7691446408908266,-0.7580268730942729,-0.7251147931868186,-0.11175129409340614,-0.5497574761221558,-0.4409663954873462,-0.5506625085341776,-0.7782255373023831,-1.077169340234371,-0.06975188258766832,-0.7304737911093437,-0.9842054135552527,-0.5578159797140294,-0.3572226756625351,-0.9081124770369071,-0.624126994206658,0
1.157488623715308,-0.6837043095113653,-1.5505604828926005,-0.3443173747179589,-0.6453331947756435,-0.7219980988642976,0.9598582499837379,-0.7185044716976362,0.9252661891830941,-0.7412327132005644,-1.4419559441827332,0.2676651854375048,-0.10134690263900548,-0.7200046182350637,-0.6824820354565123,-0.4230543517127746,0.06736848811052588,0.574751763550852,-0.8035624957522753,-0.6051340817274653,-0.2051157692755407,-0.9918923048564585,-1.0835920269941681,-1.1904527713484943,-0.9195070025406651,-1.0774398675421275,-0.774716184645606,-0.7150899425680064,-0.6687705471899609,-0.5224648746653154,-0.4122293494539077,-0.3494767320420991,-0.2910724656225563,0.5187026178497459,-0.2577289148696211,-0.40794880621158275,-0.5805691989621969,-0.8806453299012241,-1.5505604828926003,0.6163146634609469,-0.3074100519933298,-1.6276888027861742,-0.5326382043420964,-0.7709352975153919,-1.0597753337138158,-0.7404480247380727,0
1.0537280583547368,-0.08950383161698967,-0.7180450251143339,-0.5852728781833288,-0.2272724660043602,-0.3974438331982642,0.2893087772526684,-0.4506618524185136,-0.23150698326054528,-0.3921504730279032,-1.0472168023528068,1.870393610354575,-1.542925211418119,-0.8979677552023151,-0.09621843314346232,-0.6906731244652178,-0.5914841793556269,-0.6535782924989895,-0.26385020149742117,-0.05566660705453393,-0.21773245429375732,-0.4423638416590642,-0.5742107247223189,-0.9400063598314504,-0.4542054613346617,-1.080264960242998,-0.9502959896882807,-0.926180615335506,-0.8654953506799993,-0.879192744611684,-0.7971599698890149,-0.7899760532352054,-0.778371520495317,-0.9798134643065908,-0.6815316449551772,-0.43455521310370276,-0.5180262392178868,-1.0043928138650413,-0.7180450251143344,-0.5822865156407353,-0.6950421772832951,-0.37750730663946364,0.003898125192884938,-0.18472289961398816,-0.4240932904805549,-0.3914849331438284,1
-0.3963258425592749,-0.08950383161698967,0.07366085140029162,-0.33374252503609314,0.5093107227831392,0.13266146738959023,-0.14175874093159072,0.6937566117741032,-0.03871145451993881,-0.27578972630368276,1.3353158751206777,-0.20933732197828805,-1.7268586479449595,-0.5875669349105975,-0.04080760584405522,-0.5530591154878575,-0.11815295943836537,-0.13246351851639987,0.06393776645757406,0.13445010485448766,0.050538111356741494,-0.03508710738817026,-0.11722989134446397,-0.5615332379493511,0.09482290587006194,-0.541143103160219,-0.6280292589137509,-0.6697153119731233,-0.6672455487132938,-0.5770858086814937,-0.5450220089053203,-0.4924493131727719,-0.43220279299007713,-0.24481191872462418,-0.6177699503585539,-0.8544876592323469,0.7814906662853279,-0.15480071278769822,0.07366085140029267,-0.8418885558241637,-0.1940699678819464,-0.04266501852344297,-0.11382827343840365,-0.35877727041279844,-0.2534270634242746,-0.2751639026124136,1
0.2184555072021227,-0.7827377224937612,-0.12222513866518168,-0.7960145254147967,-0.0082882747432117,-0.3217145045428565,0.6605058068002251,0.4380886570076666,0.15408407422066794,-0.7412327132005644,-0.20134721271725015,-0.01853631901198177,-0.11744107833510409,0.5960948598018189,-0.4167487572138788,0.5984463419844666,-0.38797462103371255,0.2344012823673431,-0.3430990328844708,-0.26992512365041554,-0.7708744869345137,-0.702076541773837,-0.6133805104404209,-0.16437008535702421,-0.40273405190921896,-0.05852310009484932,0.46101003818638403,0.6816595557440472,0.667128118370301,0.7497678539239018,0.7716984540095301,0.8314448389171167,0.9524721170308825,0.11635263384582475,0.8891314319416428,0.11039528950598805,1.0722501565577367,0.26706570981622385,-0.12222513866518099,0.17149224983831532,-0.2925595842853686,-0.4148847061749615,-0.5149543783242398,-0.5190268370861308,-0.6836042670525069,-0.7404480247380727,1
0.18732733759394954,0.009529581365406346,0.530728161553066,-0.4175859760851717,-0.0082882747432117,-0.2243482248430465,-0.24952562047765592,0.1945953667539193,-0.23150698326054528,1.0041784876627413,-0.5537928750653988,0.2485850851408633,-0.048466039637539524,0.5588467613668128,-0.3272389592686827,-0.5591303217662704,-0.40093215845495794,-0.27003781884780353,-0.22376324398646222,-0.32424418419585027,-0.25425443724122626,-0.17969986086116885,-0.24344364532501436,-0.2881915388122789,-0.2826340965831856,-0.494058224812378,-0.5724660294698666,-0.6253270863911724,-0.6748705410966286,-0.7462656928024003,-0.7271216473935442,-0.7360618117473817,-0.7650573386681924,-0.7548776464776269,0.33440468895102043,0.28477945034108904,-0.10265553882873138,1.8021907476249406,0.530728161553066,0.04941681565249529,-0.49734404216693673,-0.3259931084677686,-0.28697294627713993,0.5243186456181358,0.22885418734283086,1.0043674332331491,2
0.15879318211979204,0.6532467657509798,-1.5097509016289608,0.3134382754940918,0.6884796065422605,-0.7328165743864987,-0.8242823113900016,1.4729351405860969,1.6964483041455203,1.0041784876627413,-0.28593417168080587,-0.6290995285041836,0.8712011429966634,-0.554457514079481,-0.37242009537435306,-0.42556378364118536,3.875055190556052,1.0264957388208793,-0.5382916798416787,-0.10998566759996861,-0.29077642018869526,-0.27118956203796374,-0.49587115328611514,-0.9096350599273314,-0.41989118838436645,-0.9696154961255716,-1.0058592191321651,-0.9639928074979085,-0.8959953202133386,-0.2967305721382772,-0.6290679958998852,-0.27279869970386134,-0.3523177020273294,3.6202824158012334,-0.2968360875555501,-0.27248052244519705,-0.8028518623418791,-0.166519224526696,-1.5097509016289616,1.2820621345534857,2.5656932980124862,-0.35900364350307895,-0.37088954284941095,-0.4892522678942794,-0.8566514811563125,1.0043674332331491,0
-2.9151135666871903,2.3863314929429085,1.8121490132313791,2.36511018305722,3.9334271679574595,3.767669242849163,0.0019304317964952968,-1.570730987585755,0.5396751317018809,3.0986719286987086,3.0270550543917905,3.225080731415415,-0.5082996309546409,-1.1173176682084622,3.143183778206491,-0.6117474428458494,-0.4237984009630382,-0.7286188199524823,0.9973471540396723,-0.25483649572112815,-0.3322786735380917,-0.29922672852762694,-0.30002222469560585,-0.5194806688513398,1.4502366874067238,-0.8283608610820486,-0.5835786753586435,-0.6812233704573327,-0.6519955639466242,-0.6979285830535699,-0.71311398289445,-0.6981221603300245,-0.711800611359694,-0.8752658306677765,-0.7899265257694367,-0.565984451968393,-1.2182225627310346,-1.0641572237339303,1.8121490132313784,-0.46067300423847907,-0.606719893543,-0.3688475922916356,2.145691311320048,-1.10766059403723,1.5980371569755765,3.098145982798616,1
0.09913085703746141,-0.18853724459938556,0.4327851665203294,-0.36773311329923314,0.0116193790078017,-0.960004560352722,-0.5848003568431906,1.7407777598652194,-0.23150698326054528,-0.043068232855241965,-0.28593417168080587,2.251995616287188,-0.8071914653107563,0.5422920509512544,-0.14907183764443527,-0.613771178271987,-0.5076412901593326,-0.47848372844083936,0.386791955026605,-0.05868433264039147,-0.03346244942243703,-0.02475762499724175,-0.051946915147627525,-0.15502507000191065,0.42080849889786676,-0.013792465664400327,-0.4168889870269901,-0.5809388608092216,-0.7129955030133028,-0.6350903403800904,-0.7411293118926383,-0.6781539227419418,-0.6984864295325693,-0.7327008757057571,-0.18631581692140303,0.42774881749633736,-0.04331686734456632,1.767035212407947,0.4327851665203281,-0.36663146517635753,-0.5404781807377785,-0.09121863059331596,-0.12837182951181425,0.6525710938661107,-0.2353753124854893,-0.04252184154958386,2
-1.2808846622581609,0.15807970083900025,0.8490428954094627,0.30150380228170043,0.3102341852730043,2.8156433968954655,-3.5783247886783247,2.3251616564742155,1.3108572466643074,0.3060140073174192,2.2516745972258643,-0.01853631901198177,0.06649235819173584,0.5836788269901502,-0.22835194439589462,-0.4417536670502867,0.17834598508307545,0.45118502834410046,-0.3316896680544286,0.6082330218341132,0.46290450063634503,0.3589088638086727,0.34845533885963614,0.06691904468203672,0.0261943599694716,-0.19036075946880388,-0.31687517402799803,-0.43791013393404665,-0.4766207391299232,-0.4973295775959236,-0.40494536391437874,-0.4005954202675911,-0.40557442933582794,0.870362840089394,-0.043914698988944414,2.065805916517232,0.40765703593508823,0.18503612764323907,0.8490428954094617,0.0402805402773407,0.23336880528911014,0.40808421547889384,-0.291649611817721,-0.4782115045717083,2.2336099468780093,0.30644125004466044,0
0.3896604400470676,-0.18853724459938556,-0.6772354438506942,-0.20457828963616131,-0.2670877735063871,-0.3866253576760631,-0.7284895295712772,-0.024548594474454757,-0.809893569482365,-0.3921504730279032,0.6727180299061584,-0.5336990270210304,1.2850513751820547,-0.26475008180721127,-0.6443593862745202,0.5154731895128227,0.4832292185241457,0.7638538927336542,-0.47353582540089884,0.5056303519149588,0.6123126126941724,0.4031780740555088,0.46596469601394186,0.7210701195399869,-0.2311626871577427,0.7419198318184468,0.8166147066272444,0.7901641071665938,0.7662530193536536,0.6845127557629808,0.5335681575249296,0.37017855063240435,0.3133913893289009,0.8893715007509962,-0.0885478852065807,-0.2582476975535087,0.3720538330445891,-0.3094850677424697,-0.6772354438506946,1.2263109345157461,0.7663835176287985,0.6692819243121034,-0.5580911923221267,0.41396479001928566,0.08491323992310248,-0.3914849331438284,0
-1.5766022735357947,2.3863314929429085,0.6123473240803469,1.8552513591101207,1.0070020665584765,2.27471962078541,0.6485317090728843,0.07284872162704459,0.5396751317018809,1.8187037147322842,-0.7934559254621398,0.9545487961162453,-0.14062736021473685,-0.6264000584857377,0.6898559863376531,-0.3510629957639335,0.32055503761538384,-0.3243935953310651,1.3237772281792661,0.4547304692557097,0.8608379374739092,0.6806045712631201,0.782238470179269,0.41206905751628564,1.82150642206756,0.29289117020272104,-0.021304640223569468,-0.1849565322390172,-0.29521936479065436,-0.3170881066506578,-0.3896043234096246,-0.4385757847680683,-0.4482434597650225,0.3719312931961936,-0.47306639106402115,0.03705136303710742,-0.36079958175288374,-0.3060927882419276,0.6123473240803481,-0.022321606630195764,0.3797456277988621,0.6907044097584186,0.0838954236440377,-1.576207251188844,-0.24761498221947828,1.818614646953053,0
0.42338262378925273,-0.8817711354761572,-0.31811112873065645,-0.9795637020357525,-0.48607196476753556,0.14347994291179136,0.09772321361521967,0.29199268285541863,-0.23150698326054528,-0.7412327132005644,0.08060931716126882,-0.13301692079177638,-0.41931026514524455,0.9639405252355236,-0.5435116805895993,0.25582793433936196,-0.12707079401651658,1.676430084931965,-0.8869557018235348,-0.6181706562583695,-0.5135605161682555,-0.4320343592681357,-0.32744107469827727,0.31923445927010313,-1.020390965014533,0.7207316365619184,0.4943479758527147,0.6158992215485644,0.8653779203370067,0.899612894145276,0.7156677960131534,0.5518895126839577,0.6728742986612655,0.7974963075532507,1.0846672953712875,0.5211597448260221,1.3398675649513214,1.457666502498404,-0.3181111287306569,-2.6437838430692215,0.05348917741570647,-0.29468491044100475,-0.5260975971814014,-0.5754414728628183,-0.41379759189072907,-0.7404480247380727,0
-1.1252438142173025,1.1979305371541575,1.771339431967738,0.5092240638897781,1.106540335313544,1.777069746764159,-0.010043665930844983,-0.9741724264640718,-0.4243025120011519,0.887817740938521,-0.03217329479013883,0.6683472916667588,0.6412843473381127,-1.04282147133845,1.3274135913182274,-0.8910229316528453,-0.30184510758661015,-0.9833397214751721,0.4947183790945715,-0.6773180777411764,-0.7024787734147083,-0.7596265150947242,-0.7221854707684816,-0.9960764519621319,0.4894370447984573,-0.9154678860255545,-0.9725212814658345,-1.0050930163700853,-1.0789951374133746,-1.0677074726321227,-1.0352902663736157,-1.0256012567745822,-1.0313409752106846,-0.7105241049338874,-0.7814249664898869,-0.7551143322858739,-1.2538257656215335,-0.9540032133873507,1.7713394319677387,0.141548580048515,-0.7413086759170197,-0.8026474708610437,2.9195882510540163,-0.0994796635294278,1.2290007685326068,0.8880464027017345,1
0.3663143128409378,-0.4856374835465734,0.04101318638937989,-0.517291701657049,-0.3865336960124681,-0.14861889618763865,-0.620722650025212,1.2416165148450355,-0.6170980407417584,-0.5085112197521235,-0.540230765978242,0.8011829499319096,-0.6636450543094216,0.25816607710328743,-0.1063768481358776,0.6477932888809054,-0.5168766843343364,-0.5746028640612059,-0.2931567569874713,-0.2641746594519871,-0.22963838603928882,-0.18242378691686773,-0.009704418440731777,0.5680518981422177,-0.4777863598076134,0.5063491909839646,0.7010130075313988,0.6624633210362771,0.8259162786325215,0.570195419422632,0.6004037225595519,0.5465491700731913,0.5292961858461926,-0.28068915374084913,0.12525584322342656,0.08987950587832931,0.7856382591479769,0.4251369214044493,0.04101318638938077,-0.19849818375670777,-0.2991121392696008,-0.019840674816905445,-0.4576783944825463,-0.06798366589160243,-0.19298360609032716,-0.5078059636752432,1
0.8332368569635166,-1.0303212549497511,-0.1875204686870066,-1.0203524079515203,-0.6851485022776705,-0.7003611478198953,0.6485317090728843,-0.268041884728202,-0.23150698326054528,-0.7412327132005644,-0.5122431658062367,0.514699865297359,0.5204991806190061,2.1585889232274003,-0.7873506175139607,0.2429257682587963,-1.1969604194480852,0.23531082281699353,-0.9267821567928515,-1.2570219486714673,-1.3956032799154394,-1.2946371495005444,-1.299498304299266,-0.9085079786979849,-1.024875157462877,-0.6534351285510586,-0.13789098329259014,0.15724918879437216,0.23681710965105673,0.2042711134734387,0.326848982145467,0.37288421001116834,0.37514479827596314,-1.390693719196929,1.471488242590802,1.5279077145295485,-1.081888760057284,-0.08653539920186523,-0.18752046868700706,0.5797611849098586,-1.1209151713214567,-1.1979243712990564,-0.5863571567588616,0.0673937755016395,-0.4634728993683596,-0.7404480247380727,1
1.1912108074574967,-0.6341876030201673,-1.5423985666398725,-0.8368032313305647,-0.3666260422614546,-1.0032784624415265,0.9718323477110793,-0.8280764523118227,-1.0026890982229715,-0.7412327132005644,-0.08856460076584265,0.5538666898869642,0.25042579471857657,-0.7158659406311741,-0.7504924324095384,-0.5854388823060599,-0.019828116653620186,0.6096039196348075,-0.9114087459052198,-0.17939335607469095,-0.20511576927554095,-1.025241776575742,-1.2326983446277424,-1.6128474653996276,-0.9860766920642378,-1.4475270113561571,-1.2503374286852567,-1.141545709825712,-1.05612016026337,-0.9226961433856314,-0.7971599698890149,-0.702115807847641,-0.6319155203969463,0.3888101033287952,-0.5837637132403548,-0.8031982001631995,-1.0283388139817065,-0.8965825058662613,-1.5423985666398734,0.8599061340308286,-0.5230191246495807,-1.1649491950714603,-0.5486075804583994,-0.4935302373166447,-1.0276006493900498,-0.7404480247380727,0
-1.1693420544955464,0.6037300592597818,1.4448627818586148,0.597599593373942,1.7435852553459756,1.3226937748317122,-0.4890075750244663,-0.7428538007230115,0.15408407422066794,0.6550962474900802,0.5881310709426026,-0.15209702108839074,-1.1520666587985828,-0.8110555255206342,1.3956115326098055,-0.7837649540675499,-0.7210595535680817,-0.7411255745280646,1.9193471767917283,-0.632052193953314,-0.7008186832807325,-0.7625777957778467,-0.8005250422046852,-0.9657051520580129,0.6438512730747858,-0.983740959629924,-0.9502959896882807,-0.9294686320452802,-0.9264952897466779,-0.8961107330237748,-0.8531906278853916,-0.8139379383409046,-0.8316282478038154,-1.150891410261014,-0.6602777467563027,-0.36403220688362514,-1.0164710796848733,-0.6797900386948013,1.444862781858615,-0.737543048510239,-0.9661710483000151,-0.7845878956399321,1.7832881381787984,0.2904590695396265,1.362549017072853,0.6554043416389048,2
-0.9203166976301687,1.0988971241717618,-0.06509172489608614,1.908880953925297,-0.5657025797715896,0.46803420857782474,-1.2314016341195797,2.3738603145249653,0.5396751317018809,-0.5085112197521235,-0.22954286570510207,0.15318458365771015,0.8482094634308087,-0.918661143221763,-0.22835194439589462,-0.3183058060558899,4.576286627470513,-0.03657840010360336,-0.7738796455214683,12.648958109405488,12.083535438467361,12.606723698766713,11.772976173306015,7.005592945853864,0.9355225931522952,3.708267167732426,1.127768791512997,0.21640519131100674,-0.13349608187985582,-0.3813205141987306,-0.48899135090894363,-0.47847154686111387,-0.40557442933582794,3.9687745279306146,-0.7537948988313502,-0.4730223074055633,3.1787729942455965,-1.1075157171682222,-0.06509172489608517,0.7417098058339364,6.762028778975813,11.488447774808911,-0.3397935405285466,-0.6807101847264608,-0.3130018220087963,-0.5078059636752432,0
-3.0188741320477632,2.534881612416503,2.7915789635587513,1.9096363003311447,1.604231679088881,1.1063242643876905,-0.6087485522978717,0.973773895565913,0.5396751317018809,2.749589688526047,3.323109410764235,-0.20933732197828805,2.135743519118692,-0.8772743671828672,2.1287394014942684,-0.5753202051753716,1.6722738289443195,-0.4826526466327,2.199955879368441,0.81645608725828,0.5791108100146551,0.25561403989938786,0.3528075372727586,-0.22978519284281906,1.9477936451860047,-0.4563903221341054,-0.6280292589137509,-0.6532752284242526,-0.659620556329959,-0.6616757507419471,-0.6290679958998852,-0.5902936773543774,-0.5786587930884478,1.009759684941146,-0.6964093736943893,-0.5403397224338192,-0.9749340096459577,-0.9540032133873507,2.7915789635587536,0.6488571301672641,1.1268616756851197,0.46929433313405544,1.3015654114678046,0.5228122755380609,1.1604765100007426,2.749182891204371,0
0.21326747893409137,-0.931287841967355,0.26138492521303847,-0.9183806431621004,-0.6254255410246301,-0.375806882153862,0.8520913704376738,-0.2315178911901406,0.15408407422066794,-0.6248719664763439,0.09470714365519478,-0.8008204311738755,-0.5772746696522055,-0.13645107608663465,-0.5889485589751131,-0.15033576568646467,-0.6143504218637071,-0.453470219289675,-0.8195171048416369,-0.8613993384784829,-0.8452465249366321,-0.8407867338805908,-0.8832168120540115,-0.7507697988904007,-0.8488196002630569,-0.3810545167775598,-0.28353723636166733,-0.22912107286338884,-0.17924603617986481,-0.10579898863039695,-0.04074608693793077,-0.011214787299976811,0.047107752786408934,-0.536278048869197,-0.15868574926286622,0.321964308166221,0.5441359803486677,0.48971743285718294,0.26138492521303835,-0.19624649558694562,-0.7427978307010129,-0.7975404598354013,-0.51268204382419,-0.10388612447000199,-0.3983696017478552,-0.624126994206658,1
1.0044417898084614,-0.7332210160025632,-0.27730154746701674,-0.9085611398860822,-0.5457949260205761,-1.0790077910969342,0.30128287498000866,-0.5967578265707626,-0.809893569482365,-0.27578972630368276,-0.46920591610184315,0.36306568692065794,0.7792344247332433,-0.49651602762502706,-0.6997702135739272,0.5458292209048875,0.06401477254267413,0.33445531897200054,-0.6369672675609622,-0.632052193953314,-0.5779720133665188,-0.4615471660993599,-0.3435442088268301,0.05056526781058789,-0.9174481461636474,0.6242076359488444,0.43878474640883025,0.8559244413620766,1.0483777375370424,1.1002118996029222,1.1919283889823546,1.0610795711800685,1.1122422989563776,0.9780785838384753,0.13036726624182593,-0.41211607476095086,0.9476389464409903,1.4975094424109967,-0.277301547467017,0.7670976166992587,0.07058878234914755,-0.2999399507717386,-0.5700575988634456,0.8578173786798536,-0.17087011133970023,-0.2751639026124136,0
0.9214333375200047,-0.6837043095113653,-0.644587778839781,-1.0686945779257637,-0.6055178872736166,-0.8301828540863087,0.7084021977095872,-0.5115351749819503,-0.03871145451993881,-0.6830523398384541,-0.20134721271725015,0.08640423261950567,-0.23239947616437945,-0.4758226396055792,-0.5275704118126929,-0.7554326581016227,-0.6486497856258275,-0.019902727336160553,-0.8216756333229962,-0.26992512365041554,-0.5431101205530258,-0.799468804316877,-1.092122335883888,-1.3932396045544588,-0.7458767814121713,-1.2662502297169695,-1.0947603862423803,-0.9837209077565535,-0.9112453049800082,-0.7825185251140231,-0.6850986538962618,-0.6162523862188851,-0.645229702224071,-1.1318827495994115,-0.7006601533341641,-0.1011737291542449,0.8230277363242436,-0.7278359368246924,-0.6445877788397827,-2.6437838430692215,-0.7725809263808798,-0.6958443272378301,-0.30630993412574214,-0.028571435605951562,-0.6075954907679401,-0.6822875094723654,1
0.4778569206035558,-0.7332210160025632,-0.4487017887743063,-0.9795637020357525,-0.6254255410246301,-0.9059121827417164,1.5825113318054462,-0.694155142672262,0.9252661891830941,-0.7412327132005644,-0.9062385374135473,-2.3081483546077926,0.5056334378995677,-0.2978595026383278,-0.7903882280651116,-0.5852365087634461,-0.5661788709800181,-0.08618852658674594,-0.8823919558915179,-0.6924067056704638,-0.7464711619650686,-0.8393110935390296,-1.0359789763546088,-1.2554006280665335,-0.8488196002630569,-1.1744347169386797,-1.039197156798496,-0.8423361892362654,-0.7129955030133028,-0.6375071958675318,-0.5170066799071319,-0.4724810755846891,-0.43220279299007713,-0.30500601081969914,-0.5093750695442943,-0.21208718439127613,0.010087936991182144,-0.20636216443928865,-0.4487017887743068,0.6514523015344323,-0.7449031874645896,-0.8552718888209223,-0.574773580543233,-0.3741897188617424,-0.9065363953299518,-0.7404480247380727,0
-2.941053708027334,2.6339150253988985,2.3018639883950667,2.9429501835305993,3.9334271679574595,2.317993522874214,-0.24952562047765592,-1.2541897102558826,1.1180617179237005,3.447754168871369,2.871978962958606,3.225080731415415,-0.25539115573023485,-1.100762957792904,2.8107188144100483,-0.6623408284992908,-0.40093215845495794,-0.7119431471850395,0.8400829361120641,-0.3212264586099927,-0.45844552372025693,-0.4261317979018909,-0.40882718502366655,-0.6362933607902594,1.347293868555838,-0.8825084711820659,-0.7058177801351893,-0.8012359803640886,-0.7587454573133117,-0.7946028025512308,-0.8111676343881091,-0.7919728769940136,-0.8183140659766908,-0.8816020508883108,-0.7920519155893241,-0.31915393019812116,-1.200420961285785,-1.0266579861691372,2.3018639883950684,-0.4163829146443236,-0.6411245040697429,-0.4869009631017715,2.2091412833326434,0.024995831756771367,1.90327518498746,3.44710907439286,1
0.3922544541810796,-0.6837043095113653,-0.19568238493973597,-0.9591693490778684,-0.505979618518549,-0.7544535254309009,0.6126094158908629,0.20677003126660645,-0.809893569482365,-0.6248719664763439,-0.15905373323547228,-1.2587428382930268,-0.24813337231800034,0.09945354733507072,-0.6196376325563231,0.8493895348255353,0.01828228752651359,1.747718586012783,-0.5259572313767682,-0.7074953335997511,-0.6294348075197704,-0.4925356132721453,-0.28261343104311615,0.4640821972743633,-0.7458767814121713,0.6712925142966852,0.8721779360711287,0.9874451097530419,0.9035028822536807,0.8391915069592379,0.7716984540095301,0.6417465818303301,0.5663608440442688,0.7468065457889771,-0.21394588457993977,0.2514413019461433,0.4551279731224201,0.020976963297269315,-0.19568238493973503,-2.6437838430692215,0.27496243891099315,-0.33864961405305594,-0.560129693795917,-0.08558598164155434,-0.6129518702709251,-0.624126994206658,0
-1.223816351309846,1.2969639501365535,1.4122151168477017,1.2570170056788574,2.0621077153621914,2.123260963474595,0.14561960452458186,-2.009018910042502,-0.03871145451993881,0.887817740938521,-0.243640692199028,1.1453497990825516,-0.6002663492180609,-1.100762957792904,0.7988795463084984,-0.7878124249198251,-0.28660094591455665,-1.0442059270763386,0.016758501079291555,-0.6592117242260314,-0.7456411168980805,-0.715357304847888,-0.696072280289747,-0.9096350599273314,0.6953226825002288,-0.8636745198429294,-0.8947327602443962,-0.8472682143009268,-0.9264952897466779,-0.8961107330237748,-0.8531906278853916,-0.8538744135170702,-0.84494242963094,-0.6154808016258745,-0.7622964581109,-0.8064037913550213,-1.2182225627310346,-1.0524387119949326,1.4122151168477008,-0.4384137853041911,-0.7256982257675721,-0.7828115439788389,1.1659207473972555,-0.22971370272131247,1.5240761085479404,0.8880464027017345,1
0.01612240474900459,0.306629820312594,0.016527437631196087,-0.36093499564660514,-0.3467183885104411,-0.5921763925978842,0.8999877613470355,0.4746126505457291,0.3468796029612744,-0.6248719664763439,-0.5255972220775468,-0.5909393279109277,-0.4393245922570756,-0.7282819734428428,-0.3886171064311028,0.03180042266592402,1.4969659697157043,0.13434724576268595,-0.6801378371881488,0.7500661243694152,0.7451198234122411,0.5802549150428541,0.8576625531949605,0.6509825043766349,0.31786568004698096,0.5535803184270829,0.18319389096696184,0.18188101585837818,0.14862863630353274,0.1407202710886382,0.0012769065593517274,0.030718511634997024,0.007165207305035071,1.339243136408924,-0.5157512390039566,-0.5948347726947883,-0.6189019807409674,-0.3001102583512714,0.01652743763119684,-0.05807496502455583,1.2901552002747352,0.7868171925544204,-0.46651209905077545,-0.3993044463968166,-0.7566743852465222,-0.624126994206658,0
0.2573657192123354,-0.08950383161698967,0.00020360512573877157,-0.19778017198353331,0.07134234026084223,-0.19189279827644315,-0.5608521613885096,0.20677003126660645,-0.03871145451993881,0.18965326059319867,0.024218011185565,2.175675215100676,-0.002482680505828729,0.5836788269901502,-0.37242009537435306,-0.31021086435133927,-0.4695308859791988,-0.04491623648732476,-0.4426997042386227,-0.01643617443838669,0.018000344730814754,0.01951158524959438,0.01333606104920892,0.07392780619837173,-0.26547696010803795,0.1674843159747874,-0.02794638091979896,-0.16007272195813196,-0.33174588384656134,-0.2943137166508357,-0.3769300349161904,-0.32671294119168476,-0.36563188385445405,-0.4507390758919856,0.3407808584106828,0.5784116035119579,0.23557488863100962,1.7084426537129578,0.00020360512573864604,0.20893391998840027,-0.36845512810406394,0.017878967258809154,-0.403771791937858,0.40066583753786705,0.19050839340451242,0.19012021951324545,2
0.7191002350668866,-0.7827377224937612,-0.44053987252157834,-1.1359204080461962,-0.705056156028684,-0.4948101128980743,0.16956779997926294,0.5841846311599156,-0.809893569482365,-0.7412327132005644,-0.14495590674154632,0.21042488454760747,0.5263259495088373,0.9313277457168738,-0.5966208273704157,1.0598580191438511,-0.04269435916170045,1.697691567710455,-0.7689458661355041,1.0427855061975915,1.2016446102556024,0.9122739918941261,0.5834740531682473,0.6393012351827427,-0.6944053719867285,0.5535803184270829,0.5610238511853761,0.8066041907154644,1.0331277527703726,1.1654669977638432,1.4580740144651436,1.3306507786191863,1.2986408445361224,0.2937668000207823,1.471488242590802,0.27131596733543806,2.6565926851849437,1.3451687898040248,-0.4405398725215788,0.6618573769966951,0.8475167782739532,1.161109290477215,-0.5599366102303938,-0.31431788312662673,-0.6114240078486421,-0.7404480247380727,0
1.017411860478536,-0.7332210160025632,-1.0934931727398276,-0.7960145254147967,-0.665240848526657,-0.5489024905090798,-0.4650593795697852,-0.0610725880125162,-0.6170980407417584,-0.7412327132005644,0.06651149066734287,0.07686418247117137,1.1011179386552141,1.026517330606334,-0.5846861876443894,0.9485525707062803,-0.06556060166978071,2.0728942049779193,-0.7920729570072113,1.0126082503390166,1.1850437089158439,1.0229470175112167,0.7445053944537773,0.7911577347033384,-0.7458767814121713,0.706606173057566,0.7054882477394755,0.9299048173319945,0.9492528365536896,1.117129888015013,1.4020433564687673,1.4005396101774759,1.2720124808818731,0.2937668000207823,2.1941207813525327,3.924023018592442,2.8405425667858553,2.13030907631688,-1.093493172739827,1.2683981595510498,0.8449492700256888,1.1950080013430724,-0.5560900943644688,0.09627280681242487,-0.28783928221323135,-0.7404480247380727,0
-0.04872794860135368,-0.18853724459938556,0.64499498909126,-0.7355868129469924,-0.1675495047513197,0.08938756530078575,0.5048425363447983,0.6450579537233535,-0.03871145451993881,-0.3921504730279032,-0.9626298433892511,-0.4764587261311331,-0.6250782973766884,-0.8731356895789777,0.5090382958192922,-0.8566194294085053,-0.5152633709953593,-0.7994904292141145,1.7004107165395677,-0.1311097467009711,-0.36382038608363293,-0.610586840597042,-0.8222860342702973,-1.061491559447927,0.4722799083233097,-1.0190546183908047,-0.9502959896882807,-0.927824623690393,-0.9493702668966824,-0.9226961433856314,-0.8952136213826741,-0.8638585323111115,-0.8848849751123139,-1.0051583451887276,-0.7899265257694367,-0.4601999426382765,-0.9215292053102092,-1.021970581473538,0.64499498909126,-2.6437838430692215,-0.7489598504968474,-0.5157666775945324,1.2673813769682583,-0.38890697369004085,-0.3594380939115544,-0.3914849331438284,1
0.35593825630487885,-0.6341876030201673,0.02468935388392402,-0.6366364337809626,-0.4263490035144951,-0.07288956753223082,0.12167140906990076,0.04849939260167029,0.15408407422066794,-0.5085112197521235,-0.34232547765650956,0.03870398187791554,-0.3933412331253656,0.32708081554899693,-0.2530736981140917,0.5923751357060537,-0.7469746284105727,-0.6285647833478251,-0.36869301344916,-0.8734702408219129,-0.8917290486879563,-0.8319328918312235,-0.7744118517259507,-0.3208990925551765,-0.40273405190921896,0.030938168766048456,0.40544680874249955,0.5271227703846628,0.4612533240202606,0.5201665826169571,0.6736448025158712,0.5439022176487244,0.7128168441426393,-0.7231965453749557,0.5426928912999899,0.809214169323121,-0.3874811619527237,0.6889321324201461,0.024689353883924816,-0.032383783309210094,-0.6796371277937088,-0.6817075286016319,-0.4822412713648188,-0.12091785235884815,-0.18208127238701752,-0.5078059636752432,1
1.336475598962296,-0.7827377224937612,-0.9139310151798086,-0.44402310028983616,-0.5856102335226031,-1.2412849239299508,-3.8178067432251357,0.4015646634696051,-0.809893569482365,-0.6248719664763439,1.1520441306996405,-0.4764587261311331,-0.6232580287839163,-0.11161901046329724,-0.7850176401883997,0.27262493837630447,-0.7134374727320549,0.45118502834410046,-0.7202247946991078,-1.1631718970642317,-1.3499139256652934,-1.131487881168149,-1.1225877247757452,-0.8745912523456556,-0.9860766920642378,-0.4964124687297702,-0.13907283980756793,0.07008844772605756,0.20200358298687657,0.3050664442346616,0.2674225320421407,0.38215949318525394,0.32670557115602555,-0.31134223104023323,0.404542553007306,0.08795615116323599,-0.7019761208187986,-0.3915146499154545,-0.9139310151798092,0.06334619051196692,-0.7469058438982359,-1.1115106159335806,-0.5859684775434559,6.435075963445248,3.314171492735555,-0.624126994206658,0
0.3792843835110087,-0.4856374835465734,-0.2283300499506477,-0.6056672311412128,-0.665240848526657,-0.7869089519975043,0.45694614543543605,0.5233113085964788,-1.0026890982229715,-0.7412327132005644,-0.6524776605228803,-0.9725413338435674,-0.20940779659852488,-0.5172094156444749,-0.5778663935152317,-0.3183058060558899,0.23170055093526276,0.8138809110359829,-0.818283659995146,-0.21258833751912334,-0.3937020084951983,-0.5441830252267876,-0.817933835857175,-1.1759679975480684,-0.7458767814121713,-1.1085158872517025,-0.8280568849117349,-0.6960194456513163,-0.5909956248799455,-0.4030722135857042,-0.2648687189234371,-0.11904327027562384,0.007165207305035071,0.7341341053479085,-0.315964595934537,-0.7358807851349436,0.7221519948011629,-0.7477574067809887,-0.22833004995064693,0.14305936193482133,0.08034531369255213,-0.49015760781377476,-0.4901815692860567,-0.11196969222545262,-0.6519466061126652,-0.7404480247380727,0
-2.554545602059198,2.336814786451711,0.6776426541021717,2.956546418835856,0.05143468650982872,1.4957893831869302,0.3372051681620306,1.2294418503323485,2.467630419107947,1.6208904453011093,1.5326854460356407,0.03870398187791554,0.9401761816942287,-0.8917597387964807,-0.13798967218455385,-0.10176611545916105,3.0594925411011893,0.034293209158028796,0.34053777328319085,0.9069878548340046,1.0854383008772923,1.207402060206368,1.4539137357927334,1.2817710408468008,3.509093064424438,0.7301486122314864,0.24986976629962324,0.09968059811402474,0.08762869723685406,0.0005426528170298907,-0.12479207393249561,-0.22687175325127087,-0.15260497462046024,2.0995895628730272,-0.6326476790977659,-0.17735043147109852,-0.9452646739038751,-1.0852505448641263,0.6776426541021718,0.5755024503641653,2.401886271773218,1.1299491217555424,-0.36493988912527087,-1.339088141418905,-0.45730738941831817,1.6208688950496475,0
-1.2419744502479482,1.5445474825925436,1.387729368089518,0.8627261818264338,1.0468173740605036,1.4092415790093213,0.20549009316128486,-0.5845831620580755,0.7324706604424877,0.6550962474900802,-1.0472168023528068,-1.0107015344368233,-0.8071914653107563,-0.9393545312412108,2.143231464018729,-0.38306533969229467,0.6951230657656896,-0.5576931740861929,2.645537830163331,0.3819036028948017,0.3583188221958659,0.3589088638086727,0.479021291253309,0.04355650629425287,2.153679282887776,0.08273153494867344,-0.2501992986953369,-0.40667397519119225,-0.46899574674658834,-0.4514093233345347,-0.5170066799071319,-0.5124175507608547,-0.5120878839528248,0.5313750582908146,-0.6942839838745017,-0.5275173576665324,-1.1351484226532034,-1.033689093212536,1.387729368089517,-0.544486490686014,0.43979646844956743,0.3431733651964557,0.7965864222269269,-0.30485030300666166,0.6633988239932843,0.6554043416389048,1
0.4571048075314379,-0.03998712512579167,-0.6690735275979648,-0.12300087780462532,-0.4064413497634816,-0.570539441553482,-0.32137020684169865,0.5598353021345412,-0.03871145451993881,-0.27578972630368276,-0.5114993955836209,-0.15209702108839074,-0.8301831448766116,-0.8814130447867569,-0.4883565955700356,-0.39318401682298293,0.06401477254267413,-0.3075580825745499,-0.45811776481976074,0.09823739782419795,0.16408827652069033,0.06378079549643077,0.0002794658098417547,-0.40033172307364184,-0.4542054613346617,-0.49876671264716216,-0.5835786753586435,-0.39023389164232164,-0.24024597524654348,-0.2218080520275901,-0.2648687189234371,-0.2608177571510116,-0.27243261106458183,-0.15927294574741271,-0.5327543575630561,-0.5255940029514393,-0.6705266249321911,-0.5930730518262172,-0.6690735275979666,-0.13466899716275313,-0.017219999741494872,0.06695068189650191,-0.4364141757192419,-0.030065210605578745,-0.4274505069415608,-0.2751639026124136,0
0.8695530548397173,-0.7332210160025632,-0.7833403551361587,-0.5988691134885848,-0.6055178872736166,-0.4190807842426664,0.30128287498000866,-0.10977124606326587,-0.23150698326054528,-0.5085112197521235,-1.216390720279918,0.07686418247117137,-1.1980500179302926,0.10773090254284985,-0.6085554670964418,0.0742988666148146,-0.795755945761144,-0.38259861002804285,-0.8559037278131227,-0.8191511802764782,-0.8253254433289219,-0.7183085855310104,-0.6873678834635022,-0.36996042316952277,-0.5914625531358427,0.16277582814000302,0.07206743207919288,0.045428322402751464,0.21725356775354623,0.18905738083746865,0.09933055805301073,0.13854699461064404,0.15362120740340576,-0.6186489117361418,0.02409777524745381,0.012175975388570832,0.4669957074192533,1.3686058132820207,-0.7833403551361594,-0.3449918592460893,-0.7931209923669951,-0.6740840193894414,-0.5340414655623102,-0.36934936716138395,-0.5874888042653086,-0.5078059636752432,1
0.6957541078607568,-0.08950383161698967,-0.4813494537852194,-0.49689734869916496,0.05143468650982872,0.46803420857782474,-0.4291370863877638,-1.0959190715909464,7.094723108882505,-0.15942897957946245,-0.7088689664985841,0.2676651854375048,-1.1060832996668724,-0.6289537109494931,0.08280116274692984,-0.9072128150619466,-0.5457516943394664,-0.8078282655978359,-0.31010438324083534,-0.6260167427815989,-0.7838231899795254,-0.9219469526664573,-1.0486003517526639,-1.3979121122320155,-0.2826340965831856,-1.27802144930393,-1.216999491018926,-1.1744258769234532,-1.147620068863388,-1.0677074726321227,-1.0352902663736157,-0.9497219539398676,-0.9381417024208122,-0.8784339407780436,-0.8026788646887614,-0.40249930118548566,-0.5951665121473014,-0.6668996757819036,-0.4813494537852209,-0.35404935327218506,-0.9132803783857687,-0.9240315010357287,1.010681491905632,0.02069825698554437,0.49469346342598175,-0.15884287208099884,2
0.24698966267628017,-0.5351541900377714,-0.644587778839781,-0.35413687799397714,-0.6254255410246301,-0.375806882153862,0.8041949795283116,-0.00019926544907938006,-0.23150698326054528,-0.6248719664763439,0.1229027966430467,-0.6290995285041836,-1.4049751340229883,1.7011217800403335,-0.709999904767664,0.5620191043139889,-0.05031643999772721,-0.13246351851639987,-0.8549786441782544,0.10729057458177033,0.6289135140339309,0.530083143429773,0.6226438388863491,0.8378828114789065,-0.7630339178873189,0.6948349534706056,0.7943894148496907,0.7901641071665938,0.8272529584203323,0.7763532642857583,0.6736448025158712,0.6537275243831798,0.6595601168341408,0.26525380902837825,0.7998650595063702,0.6457290185402138,3.2855826029170934,2.188901635011869,-0.6445877788397827,-0.5087968925209159,0.31347506263495906,0.6283518214544198,-0.5723622516674834,-0.6894764967773611,-0.8285880424183848,-0.624126994206658,0
0.5375192456858827,-0.7827377224937612,0.032851270136651956,-0.6940427606253768,-0.6851485022776705,-0.7003611478198953,0.8520913704376738,-0.3897885298550767,-0.4243025120011519,-0.7412327132005644,-0.2154450392111761,0.2867452857341191,1.0378605025920615,1.2996700524630453,-0.7057375334369403,1.4544864272406934,-0.5305075326674128,0.7346714653906291,-0.8435692793482124,-0.619981291609884,-0.5680114725626637,-0.3125074916016778,-0.17816066912817793,0.6977075811522025,-0.8659767367382045,0.6006651967749241,1.161106729179328,1.3326868642793261,1.37625241002044,1.7455123147498086,1.8642962849388744,2.0794596881722907,2.057549208682225,-0.07056586265993392,1.7902967155739182,0.41813204392087233,0.43732637167717076,0.1030065454702543,0.03285127013665055,-2.6437838430692215,-0.04700309542136162,-0.14117852106155607,-0.5796283863902623,0.11091528920310895,-0.43837420367818775,-0.7404480247380727,0
0.5115791043457409,-0.28757065758178146,-0.8404737689052558,-0.36093499564660514,-0.2272724660043602,-0.7003611478198953,0.6844540022549062,-0.4263125233931393,-0.4243025120011519,-0.6248719664763439,-0.28593417168080587,-0.6863398293940809,0.03660317475612447,-0.8826546480679237,-0.6059127968713932,0.2125199962200162,1.1036665985767233,-0.04449934466813878,0.7929036707337818,0.46639991929881125,0.6986372996609169,0.7337215105652198,0.9438360817747845,0.8799353805769174,0.9869940025777381,1.0173663701533164,0.6677052517176341,0.5484948789981946,0.4269408582952539,0.27896440497029323,0.15115891669965914,0.04150135993256178,0.00050811639147276,0.855155911560112,-0.5189393237337878,-0.5723956343520363,-0.8212468505019702,-0.9761512005740566,-0.8404737689052564,0.47431636943732225,1.034636779407462,0.771414743359694,-0.5397782395777091,-0.2898296472025665,-0.7095417445581071,-0.624126994206658,0
0.6620319241185716,-0.5351541900377714,-0.8486356851579837,-0.506716851975183,-0.5457949260205761,-0.7977274275197055,-0.7165154318439364,0.9494245665405386,-0.23150698326054528,-0.5085112197521235,0.2779788880762319,0.13410448336106867,-0.6692413879156263,0.09531486973118115,-0.5940634045719814,-0.2919972455161003,-0.14178141003004827,0.7054890380476042,-0.31010438324083534,0.18876916539992256,0.2470927832194833,0.2851268467306122,0.46596469601394186,0.5341698124377152,-0.5056768707601046,0.09214851061824184,0.01650420263530838,-0.19952892247542164,-0.37749583814657034,-0.3450676818871077,-0.3068917124207196,-0.37863035892069996,-0.36563188385445405,0.22090026748463898,-0.022660800790069872,0.26105807552160853,1.0129114850735716,0.19675463938223686,-0.8486356851579832,0.015602961745773932,0.020265620683165352,0.26679024376945903,-0.5003457193404978,0.1815747862417494,-0.4243726146792938,-0.5078059636752432,0
0.6283097403763865,0.009529581365406346,-1.501588985376233,0.21690500482677436,-0.3467183885104411,-0.14861889618763865,-0.33334430456903946,-0.4628365169312007,-0.23150698326054528,-0.3921504730279032,-0.06036894777799074,-0.09485672019849344,-0.25539115573023485,-0.6165376781378245,-0.22749947012974994,-0.27580736210699913,0.9710423920298581,-0.1282946003245391,-0.11892043203472338,0.6293571009351158,0.6953171193929654,0.5802549150428541,0.3702163309252483,0.28419065168842716,-0.025277049455971298,-0.1715268081296677,-0.2279740069177831,-0.3162535156724035,-0.3698708457632355,-0.32573283798757546,-0.2508610544243431,-0.2907701135331358,-0.2990609747188309,1.1491565297928983,-0.42010869710902166,-0.168811703301683,1.481686989798476,-0.25792361609087905,-1.5015889853762325,0.4909324985077768,0.8100311578492932,0.5567796524428836,-0.3526641474341352,-0.4504745027476429,-0.4052092986493322,-0.3914849331438284,0
0.16138719625380402,0.40566323329499004,-0.4160541237633945,0.43444476971087004,-0.20736481225334671,0.403123355444618,-0.9081009954813851,0.1945953667539193,-0.6170980407417584,0.18965326059319867,-0.5396950485714728,0.3821457872172994,-0.11744107833510409,-0.8069168479167447,-0.022905646255016048,-0.18271553250466713,0.818600775309323,-0.41594995556292863,1.4506381351251314,1.1121931946723136,1.2929495676242748,1.4951519268108042,1.5714230929470385,1.235045964071233,1.5188652333073143,0.812547149340208,0.16096859918940806,-0.010467961663408845,-0.05724615804650763,-0.262894595314096,-0.3489147059180021,-0.4125763628204408,-0.44551697481720165,0.4680128560854726,-0.6177699503585539,-0.20311152905417507,0.23557488863100962,-0.8860358453011631,-0.41605412376339485,0.2508579032014102,0.8803808838517373,1.2750178407447998,-0.3023986393645125,-0.1401227004587128,0.24532734150775906,0.19012021951324545,0
0.32481008669670935,-0.33708736407297946,-0.4487017887743063,-0.027827230667833325,-0.4462566572655086,0.03529518768978015,-0.6326967477525528,0.4015646634696051,-0.23150698326054528,-0.043068232855241965,-0.243640692199028,0.2485850851408633,0.7792344247332433,0.27741668430232214,-0.49688133823148284,0.09858369172846648,-0.27897886507852987,-0.04908515467918554,-0.06958263817508159,-0.14619837463025856,0.06448286848213877,0.18183202282132738,0.2396503785315754,0.5108072740499314,-0.14537700478200455,0.5300378792531625,0.6943756018506986,0.47780251973805066,0.43075335448692126,0.31956757715931083,0.22539953854485822,0.10260416695209511,0.07373611644065803,-0.27649301982729535,-0.14380802052365416,0.6553457921156789,-0.3400102247653916,-0.588385647130618,-0.4487017887743068,0.8233651034668458,-0.12248783792033506,0.1604311880615185,-0.504001849894901,-0.13131580962578954,-0.06326574256023879,-0.04252184154958386,0
0.40522452485115423,-0.4856374835465734,-0.47318753753249154,-0.21137640728878915,-0.5457949260205761,-0.375806882153862,-1.0996865591188338,0.2554686893173561,0.3468796029612744,-0.6248719664763439,0.5035441119790469,-0.6290995285041836,-1.4969418522864089,2.160514994072076,-0.6963603165093485,0.47702221641620746,-0.35519967343879744,-0.15747702766756422,-0.8673130926431649,0.10125512341005548,0.6289135140339309,0.5345100644544566,0.6095872436469819,0.8145202730911222,-0.8145053273127617,0.6477500751227648,0.7277135395170293,0.7244037729711109,0.7662530193536536,0.7183487325871618,0.6036064800204004,0.5918259878601231,0.5663608440442688,-0.1561048356371454,0.731852585269972,5.463732579848245,3.012624714089934,1.9896869354489055,-0.4731875375324907,-0.6020221440515108,0.08342632359046923,0.6134748762927669,-0.5682533355664527,0.7111738859552329,0.3335198290852545,-0.624126994206658,0
0.1977033941300048,-0.33708736407297946,0.17976576268575767,-0.041423465973089324,-0.744871463530711,-1.165555595274543,0.9478841522563977,-0.07324725252520443,-0.809893569482365,-0.7412327132005644,-0.2154450392111761,-0.20933732197828805,1.1011179386552141,-0.24819537139165296,-0.7590171750709857,0.06418018948412633,1.1463502512584733,1.6810158949430118,-0.8549786441782544,0.7802433802279901,0.6289135140339309,0.27037044331500015,0.03944925152794356,-0.080264947161002,-0.6429339625612855,-0.1432758811209631,0.08318007796796976,0.1079006398884602,0.1867535982202069,0.20839222473700084,0.19738420954666988,0.15651840843991852,0.10036448009490728,2.1629517650783696,0.39604099372775625,-0.9410386214115332,1.9741979631170457,0.3490952919892088,0.1797657626857586,0.8163237948038184,1.216724464374373,0.5431609563745041,-0.5768980989571763,0.40594307015880177,-0.538078583066979,-0.7404480247380727,0
0.4545107933974259,-0.5846708965289693,-0.3752445424997534,-0.29975193677295314,-0.505979618518549,-0.7219980988642976,-0.17768103411361263,0.1580713732158568,-0.4243025120011519,-0.15942897957946245,-0.46920591610184315,-0.9343811332503116,1.4689848117088955,0.3601902363801135,-0.6588514487989805,0.34143194286498474,-0.7591699577482155,-0.13246351851639987,-0.5567933525390444,-0.6290344683674565,-0.599553185108205,-0.43793692063438056,-0.41317938343678906,0.02019396790646902,-0.6944053719867285,0.2239861699921962,0.7054882477394755,0.6915236058733697,0.7281280574369796,0.6820959002755389,0.5615834865231178,0.40212773077333686,0.40659066211877326,-0.8467528396753727,-0.25007751151802626,-0.0819401820033146,-0.755380925154547,0.22019166286023265,-0.375244542499755,1.2293758176624212,-0.6000443720975125,-0.3852788451567456,-0.5570270074204924,0.3986276067925649,-0.2220789770751829,-0.15884287208099884,0
0.8124847438914024,-0.23805395109058358,-0.7506926901252471,-0.7144371135832608,-0.2272724660043602,-0.862638280652912,-0.5488780636611693,0.6085339601852909,0.3468796029612744,-0.27578972630368276,-0.243640692199028,0.3058253860307606,-1.5199335318522638,-0.33096892346944434,0.15952384669995506,-0.9355451110278737,-0.4847750476512523,-0.8411796111327217,0.52247088814062,0.2159286956726399,0.014680164462862988,-0.054270431828466095,-0.19556946278066759,-0.9680414058967912,0.3864942259475715,-0.9437188130342591,-1.1392109697974877,-1.2056620356663077,-1.193370023163397,-1.0918760275065378,-1.0492979308727097,-1.0016393716688827,-0.9913984297293107,-0.7295327655954901,-0.8409358814467354,0.8156253517067644,-0.2213328817970615,-1.1508742106025143,-0.7506926901252475,-0.5607360907375807,-0.6365029892228669,-0.15028232332465696,1.4556463724194422,0.35790932640879014,-0.34656250317490117,-0.2751639026124136,1
-0.9177226834961567,-0.8817711354761572,1.15919571301313,-0.17058770137302132,-0.6851485022776705,-0.20271127379864426,-0.05794005684020717,3.2017375013877087,0.15408407422066794,-0.8343213105799406,0.010120184691639042,-0.781740330877234,2.618568790001649,3.3234834007650442,-0.6997702135739272,7.586404768437779,-0.7515478769121887,2.118752305088387,-0.9083251337889922,-0.5928217613371667,-0.528169309347243,-0.3169344126263613,0.08297123565916786,1.9709659232864265,-1.0032338285393854,4.061403755341233,4.072619952038873,3.9302200650008947,4.1517496375543175,4.476559015558728,4.049491946797562,3.517172794514251,3.3223964822590633,-0.30817412092996616,2.1941207813525327,0.20207519759208897,0.3245828958572572,-0.2251117832216852,1.1591957130131292,1.35955457773841,1.5427980119039513,0.39476157802069706,-0.5900573808320685,-0.5393624900681673,-0.6961125801749874,-0.8335048491632046,0
0.8825231255097883,-0.6837043095113653,-1.4036459903434948,-0.5784747605307008,-0.4064413497634816,-1.0357338890081298,0.9598582499837379,-0.2923912137535774,-0.809893569482365,-0.7412327132005644,-0.5537928750653988,-0.5718592276142862,0.6872677064698234,-0.3971877651316774,-0.6597039230651253,-0.3264007477604404,0.940554068685751,0.6304485105941111,-0.8959906853240817,0.22196414684435498,-0.5255131651328816,-0.5279509814696144,-0.7918206453784404,-1.0848540978357109,-0.7801910543624665,-0.8283608610820486,-0.7058177801351893,-0.6088870028423018,-0.5299956858132668,-0.3426508263996662,-0.18082273192887227,-0.02319572985282658,0.1136786619220319,2.0995895628730272,-0.34997083305273613,-0.5980403638866101,-0.2984731547264761,0.8811157249397107,-1.4036459903434957,1.1106445872578317,0.19228867331687982,-0.8464641451680033,-0.5246646369326118,-0.6084297067753239,-1.1275013264599891,-0.7404480247380727,0
-1.3820512134847198,0.7027634722421778,1.3550817030786046,1.2728792802016555,2.4005378291294215,1.571518711842338,0.4689202431627763,-1.2907137037939447,0.15408407422066794,1.469621474559623,0.3484680205458617,1.2407503005657048,-0.8071914653107563,-0.8648583343711985,3.8422126764451647,-0.7149579495788697,-0.34757759260277066,-0.7911525928303932,1.7682501830965751,-0.37856324474128517,-0.41030290983495693,-0.39809463141222795,-0.34789640723995263,-0.8255299217313093,0.9183654566771475,-0.6588552990298213,-0.8613948225780657,-0.926180615335506,-0.9341202821300129,-0.828438779375412,-0.8391829633862974,-0.7919728769940136,-0.7650573386681924,-0.7643819768084282,-0.6772808653154022,-0.864104432807812,-0.6782406522251324,-0.5391678978268272,1.355081703078605,-0.538865881978161,-0.6133954149884874,-0.4777971608386702,3.5034517475762597,-0.3242782448270391,0.7970529748599653,1.4696515553588083,1
0.09394282876943377,-0.13902053810818757,0.26138492521303847,-0.5580804075728169,-0.7249638097796975,-0.9059121827417164,1.4507962568047001,0.3041673473681058,0.7324706604424877,-0.6248719664763439,-0.5537928750653988,-0.4001383249446214,0.06649235819173584,-0.6289537109494931,-0.5855386619105342,-0.21711903474900726,0.32316552096758383,0.25524587332664667,-0.6758207802254301,0.07409559313733792,0.05452232767828371,-0.039514028412854056,-0.2303870500856469,-0.573214507143243,-0.31694836953348077,-0.5929364693428439,-0.49467750824842827,-0.43297810886938537,-0.38512083052990514,-0.27014516177642056,-0.19483039642796643,-0.11105597524039072,-0.032777338176338794,0.6010734807166904,-0.3924786294504849,-0.5563676783929278,-0.20946514750022854,-0.7430700020853895,0.26138492521303835,0.18237806645451138,0.23747681848633323,-0.03703990492998181,-0.5051459979540374,-0.29735824905082603,-0.8651330843232911,-0.624126994206658,0
0.3715023411089654,-0.6837043095113653,-0.016120227379717095,-0.6895106821902913,-0.5258872722695626,-0.12698194514323644,0.20549009316128486,0.1945953667539193,0.15408407422066794,-0.5085112197521235,-0.6806733135107322,-0.38105822464797995,-0.4393245922570756,0.45537982126957355,-0.35366566151916917,0.4082152119275272,-0.6410277047898008,-0.3617540190687393,-0.3471077286355667,-0.7195662359431811,-0.7140994043525393,-0.6887957786997863,-0.66560689139789,-0.3162265848776196,-0.40273405190921896,-0.06087734401224131,0.13874330741185426,0.19667709105236178,0.11812866677019339,0.2953990222848955,0.32345319003851736,0.33423572297385523,0.40659066211877326,-0.564791039861601,0.3726617057089943,0.7515135278703302,0.12876527995951226,1.0873615315460723,-0.016120227379717307,-0.05027493824312375,-0.5671802665197284,-0.5800113960040605,-0.49083470050112477,-0.2203739243149878,-0.3070927677489932,-0.5078059636752432,1
-0.40929591322934583,-0.03998712512579167,-0.3507587937415696,0.05677156678709305,0.07134234026084223,0.27330164917820454,-2.1174848659427794,2.67822692734215,0.15408407422066794,-0.7412327132005644,1.7582506699384561,-0.07577661990187907,-0.6002663492180609,-0.6993112302156158,-0.5471773199340215,-0.4660384921639384,0.5137175418682527,-0.7828147564466718,0.38987556714283267,1.3505935159550548,1.077137850207413,1.1114854380048895,1.1623164421135306,0.40567585130490347,0.5065941812736048,0.06860607144432103,-0.4391142788045439,-0.39845393341675694,-0.4308707848299142,-0.49249586662104056,-0.5870450024026027,-0.5423699071429788,-0.538716247607074,0.11001641362529069,-0.7219140515330384,-1.0317568521400875,-1.0283388139817065,-1.0735320331251286,-0.35075879374157104,-0.06770566664485522,0.4911466334148553,1.0557124252523666,-0.44933938398416806,-0.26598650810008834,-0.008465391591558756,-0.7404480247380727,0
-1.571414245267767,3.4261823292580664,0.530728161553066,2.477656797528506,1.2060786040686113,2.1124424879523933,0.06180092043319829,-0.9741724264640718,0.7324706604424877,2.0514252081807247,-0.3282276511625836,0.8782283949297066,0.13477675327770594,-0.6666527141832433,0.8394251698276861,-0.20814636595301073,0.7049310293112957,-0.13086837918755984,0.6383337735913877,0.5662545267675632,1.0019328554304485,0.9578541559923667,1.0859919110350573,0.7277074983312941,1.6078324581603474,0.6419292733835373,0.2120228255017611,0.03925979123925529,-0.11492471928883875,-0.17192178601861538,-0.2553274754657836,-0.30120748896353117,-0.3162797522736989,0.808834329122659,-0.4304898776320772,-0.18188089859074005,-0.16643459343152267,-0.6519487890204473,0.530728161553066,0.1546359559437512,0.7424453125770406,0.8909578786984595,0.03095432009419152,-0.9773462830547337,0.554964666153987,2.0512567080158823,0
0.8202667862934456,-0.7827377224937612,-0.9792263452016335,-0.5580804075728169,-0.5856102335226031,-0.3217145045428565,0.37312746134405195,-0.7063298071849491,-0.23150698326054528,-0.27578972630368276,-0.11676025375369456,0.057784082174557015,0.5723093086405481,-0.5337641260600331,-0.6955078422432036,0.4932120998253086,-0.06556060166978071,0.17186750948943233,-0.8010154321442712,-0.7859561988320458,-0.7539415675679598,-0.6696124542594905,-0.5568019310698292,-0.18539636990602973,-0.9174481461636474,0.4076171955487761,0.30543299574350746,0.7079636894222403,0.979752806087029,1.025289379492235,1.023836414993225,0.9812066208277376,1.0057288443393806,0.6422589121501628,0.19837974047822415,-0.4153216659527725,0.4907311760129192,0.82955427328812,-0.9792263452016342,0.8729111785410005,-0.1045152801824843,-0.49208198877995896,-0.5683436270349149,-0.35583303283609335,-0.495581861997295,-0.2751639026124136,0
0.488232977139611,-0.6341876030201673,-1.0281978427180025,-0.28162362303261174,-0.12773419724929266,-0.05125261648782858,-0.7045413341165961,0.5841846311599156,0.15408407422066794,-0.7412327132005644,0.41895715301549147,0.057784082174557015,-0.0944493987692495,-0.012290747969947606,-0.6579989745328357,-0.1867630033569425,-0.24849054173442287,0.23857020055920386,-0.8824227920126803,-0.30010237950899044,-0.20777191348990226,-0.16937037847024036,-0.16075187547568826,-0.04522113957932624,-0.8488196002630569,0.10156548628780983,-0.039059026808575856,-0.11897251308595526,-0.1182460971131863,-0.1396349654545784,-0.19483039642796643,-0.21688763445722953,-0.2591184292374572,0.0719990923020855,-0.2075697151202774,1.3605758543164552,0.6212762532780826,0.23776943046872925,-1.0281978427180032,0.44677176912560496,-0.22313416125229946,-0.18558731258887923,-0.5348029203576193,-0.44719806703458376,-0.37060109559272714,-0.7404480247380727,0
-0.49489837965181827,0.10856299434780224,0.8000713978930937,0.2644918283951702,0.2306035702689502,0.31657555126700904,0.4808943408901171,-0.2071685621647652,-0.03871145451993881,-0.15942897957946245,-0.27183634518687994,0.03870398187791554,-0.519192738393661,0.509182630120138,-0.3928794777618264,-0.706863007874319,-0.5762400176835734,-0.5201729103594466,-0.33785689228688387,-0.4811659146604397,-0.5231890389453154,-0.4541689643915539,-0.5480975342435844,-0.7087172297923897,-0.40273405190921896,-0.8071726658255203,-0.8280568849117349,-0.8522002393655879,-0.9646202516633521,-0.9323635653353975,-0.9092212858817683,-0.8978045362108524,-0.9514558842479368,-1.0463437766221997,-0.3946040192703724,-0.4537887602546331,-0.7138438551156315,0.17331761590424127,0.8000713978930938,-2.6437838430692215,-0.7669324082346982,-0.6020677624626312,-0.22645231885520364,-0.12201342128835803,0.04078794310137526,-0.15884287208099884,0
0.8202667862934456,-0.7332210160025632,-0.2446538824561036,-1.0611411138672884,-0.6851485022776705,-0.7328165743864987,1.1873661068032086,-0.2315178911901406,0.3468796029612744,-0.7412327132005644,-1.0190211493649548,0.4966263889970669,-0.9221498631400316,-0.4716839620016896,-0.7781978460592419,-0.520679348669655,-0.6448387452078141,-0.12412568213267847,-0.9360776428350407,-0.6984421568421787,-0.7456411168980805,-0.8127495673909277,-0.9223865977721133,-1.0451377825764783,-0.6772482355115808,-0.9860952035473161,-0.8502821766892887,-0.8341161474618302,-0.7434954725466422,-0.7462656928024003,-0.71311398289445,-0.6921316890535997,-0.7251147931868186,-0.8784339407780436,-0.6942839838745017,-0.2646588799371521,-0.39341502910114007,-0.4723723809145396,-0.24465388245610287,-0.291861073795632,-0.7859319692718546,-0.8352139179810812,-0.5699218380552827,-0.33049117337758777,-0.7792865240053063,-0.7404480247380727,0
0.14582311144972113,-0.13902053810818757,0.17976576268575767,-0.09580840719411332,-0.6453331947756435,-0.5813579170756832,-0.8721787022993638,0.5963592956726038,-0.6170980407417584,-0.5085112197521235,0.6022288974365286,-0.01853631901198177,-1.1520666587985828,-0.736559328650622,0.44084035452771414,-0.4478248733286996,0.6051825119005738,-0.4659769738652572,1.5955679045878288,1.0910691155713113,1.077137850207413,0.7868445628614236,0.5443042674501455,0.010848952551355234,0.9698368661025905,0.030938168766048456,-0.31687517402799803,-0.49380641800020697,-0.5071207086632625,-0.5263318434452218,-0.5170066799071319,-0.5243984933137044,-0.5254020657799494,0.3888101033287952,-0.6815316449551772,-0.2329876389619537,-0.28067155328122656,-0.9012699105618603,0.1797657626857586,-0.5186783646905041,0.5964144715936955,0.854836658243771,0.0567173352930836,0.9800510429044366,0.3205842132935283,-0.5078059636752432,1
0.2755238181504377,-0.33708736407297946,0.13895618142211655,-0.37453123095186114,-0.4064413497634816,-0.9816415113971243,-0.38124069547840167,0.4380886570076666,-0.809893569482365,-0.6248719664763439,0.19339192911267616,-0.5909393279109277,0.31940083341614195,-0.5503188364755914,-0.50540608089293,-0.4882995818514526,-0.1036710058499145,0.11767157299524313,-0.15284016531322714,-0.5834707267512742,0.16408827652069033,-0.6427101653478988,-0.677169029938271,-0.6655877873784289,-0.19458738265707837,-0.6215284281051571,-0.4873238372518698,-0.4223657832029432,-0.4040050181527073,-0.4015439892433241,-0.3294259595078546,-0.3290551341251716,-0.31963266343527974,-0.8422188687629635,0.031299610702799435,0.25015906546941463,2.211552649053706,0.5246964973953903,0.1389561814221165,0.3643008346472933,-0.1019477719342199,-0.8875422773307776,-0.42100307605760207,1.0466895252806756,0.029840020073277143,-0.624126994206658,0
0.6827840371906858,-0.8322544289849592,-0.6935592763561501,-0.30655005442558114,-0.7249638097796975,-0.5489024905090798,1.0317028363477818,-0.9376484329260103,-0.23150698326054528,-0.7645048625454083,-0.8216515784499917,-0.32381792375808266,1.974801762157707,1.5604067415080882,-0.6699336142588619,1.434249072979317,-0.04269435916170045,4.828549129797853,-0.890440183514872,1.3958593997429172,1.7079721011182396,1.9378440292791672,1.48437912468459,1.7723843469902636,-0.5914625531358427,1.8248720338187885,1.9167666496161562,1.9080897884898003,1.9481268387705517,2.156377747614868,2.060403587926192,1.8997455498795455,1.7113804811769855,0.5377112785113487,2.512929254335649,0.5316099721113609,2.2056187819052897,1.0522059963290789,-0.6935592763561506,1.6763915987737688,1.4847723254931762,1.878829376211313,-0.5747750555421982,-0.3390170665109239,-0.6545671325595293,-0.7637122308443557,0
0.7683865036131583,-1.079837961440949,-0.7180450251143339,-1.1955927741081531,-0.2272724660043602,-0.6138133436422865,0.24141238634330622,0.9981232245912883,-1.0026890982229715,-0.7412327132005644,-0.4551080896079172,0.13410448336106867,1.8598433643284316,1.179648401950248,-0.7764928975269525,1.1408074361893572,-0.5533737751754931,2.3105225419139797,-0.9299104186025855,-0.9760729107410675,-0.8967093190898838,-0.7670047168025304,-0.604676113614176,0.4991260048560393,-1.071862374439976,1.2009973957098958,1.3055711257334275,1.2587064883094083,1.3381274481037657,1.3104783270103348,1.2759743759769198,1.3006984222370621,1.3652117536717454,0.6739400132528337,2.8317377273187656,-0.5307229488583541,0.6212762532780826,2.0951535410998865,-0.7180450251143344,1.6126890560097387,-0.049570603669626304,-0.5105856519163443,-0.5880912962438515,-0.6040409404976728,-0.8992904126848368,-0.7404480247380727,0
0.441540722727355,-0.4361207770553754,-0.17935855243427867,-0.7219905776417364,-0.48607196476753556,-0.9924599869193254,0.840117272710333,0.8885512439771007,-0.13510921889024205,-0.3921504730279032,-0.46920591610184315,0.5634067400352984,-1.0555016046219914,-0.554457514079481,-0.11667781553093574,-0.4478248733286996,-0.7149618888992604,-0.40761211917920726,0.5471397850704409,-0.6350699195391715,-0.6510159792614567,-0.7492970327037958,-0.7308898675947265,-0.7741323372781846,0.3212971073420105,-0.7224198847994067,-0.5113464770815936,-0.5595667521956896,-0.5376206781966016,-0.5674183867317277,-0.35872007106736803,-0.41057953906163247,-0.43220279299007713,-0.7136922150441547,0.1813766219191246,0.254646893137965,-0.5951665121473014,-0.014178571919724067,-0.17935855243427906,-2.6437838430692215,-0.8203365797985976,-0.6845200853983624,-0.23114735975299913,-0.3316456345318903,-0.9295498747257386,-0.3914849331438284,1
-0.8450902877437552,1.2474472436453554,0.2777087577184943,0.6043977110265698,0.38986480027705805,0.23002774708940033,-0.2375515227503151,-0.4871858459565761,-0.23150698326054528,0.6550962474900802,2.3785550356711975,-0.22841742227492953,-1.4279668135888435,-0.9310771760334317,0.9949486275217851,-0.6542458867947402,0.09450309588678114,-0.6202269469641037,0.4052936277239707,-0.14016292345854348,-0.20611182335592626,-0.23282291315737233,-0.330487613587463,-0.6012495532085836,0.5752227271741953,-0.7106486652124463,-0.7613810095790736,-0.7568477547821378,-0.7739954420799814,-0.7825185251140231,-0.7971599698890149,-0.7879792294763971,-0.8049998841495662,-0.32718278159156866,-0.7091617126137139,-0.05815469535999736,-0.8740582681228771,-1.0079083673867406,0.2777087577184943,-0.6994311519060437,-0.215945138157159,-0.3016422877802859,0.7814873527841888,0.2710961573079591,0.41827702497691066,0.6554043416389048,1
-1.0085131781866568,1.3959973631189495,0.17160384643302973,1.6105191236155127,0.38986480027705805,0.6303113414108413,-2.201303550034163,0.4137393279822923,-0.03871145451993881,1.469621474559623,2.3503593826833455,0.2485850851408633,0.31940083341614195,-0.649647098968941,-0.18317080829022425,0.0398953643704746,2.8460742776924404,-0.019902727336160553,3.0541164355634898,1.0126082503390166,1.1767432582459645,1.4066135063171314,1.5801274897732835,1.305133579234585,3.3546788361481097,0.9538017843837312,0.3498835792986151,0.20982915789145834,0.28587849920355957,0.1020505832895738,0.05730756455572839,-0.029186201129251285,0.047107752786408934,2.257995068386382,-0.49237195098519476,-0.10373820210770222,-0.37561342765589073,-0.7770536861284832,0.1716038464330284,0.3553813841574001,2.3156179946315345,1.2551819138625964,-0.4069179533642158,0.9423444713255061,1.6469340531256151,1.4696515553588083,0
0.2755238181504377,-0.08950383161698967,0.596023491574891,-0.49009923104653697,0.05143468650982872,0.5870374393220368,0.3252310704346898,-1.1933163876924453,-0.4243025120011519,-0.15942897957946245,-0.624935623791494,1.0299845883360201,-0.6090590429267807,-0.4547153838257423,0.8158676888842222,-0.5834963976031797,-0.9165710838770326,-0.5157988112911815,-0.47287380651657146,-0.9355136845072406,-0.9737647967246916,-1.0159662018207016,-1.0279218882675978,-1.0795386698508906,0.08453087533679851,-1.0930140375832542,-0.8840864631651943,-0.8063851444108185,-0.7832753775653205,-0.8110992495861248,-0.7106356138387427,-0.6647187152762003,-0.670578334581263,-1.2175618792170664,0.29562313062223783,0.02672935939944142,-0.6888862614114514,0.796091284818488,0.5960234915748899,-0.28601978025510943,-1.103745401100349,-1.0243893016137897,0.4743204938951046,0.06973781736596926,0.4935593042889696,-0.15884287208099884,1
0.38706642591305196,-0.6837043095113653,0.4082994177621441,-0.6328597017517248,-0.5856102335226031,-0.364988406631661,0.07377501816053858,0.48678731505841627,-0.4243025120011519,-0.3921504730279032,-0.6244455096220932,0.6872061070567289,-0.14511103282575824,0.29438526247826946,-0.3146833408311875,-0.1931068064986103,-0.6440438523236243,-0.2120243814711196,-0.263688384758601,-0.277595991734931,-0.2522842568064499,-0.32798980600432215,-0.3011099249758414,-0.2142532292581518,-0.21996069495372012,-0.3377038829865002,-0.2917608296209519,-0.26327061911092936,-0.27666966826207595,-0.4107559243711609,-0.36383198566460834,-0.36865831476624206,-0.3928681573335796,-0.8638636568650359,0.3576311267289486,0.012788565881423124,0.2279375079608056,1.9245950587006413,0.4082994177621442,0.022635000320655473,-0.5604992616385996,-0.27347323680605473,-0.40715760676406243,0.19204203542126033,-0.15581091582321283,-0.3914849331438284,1
0.7320703057369575,-0.6837043095113653,-0.21200621744519185,-0.8028126430674246,-0.5258872722695626,-0.1161634696210353,0.19351599543394404,0.20677003126660645,-0.23150698326054528,-0.6248719664763439,-0.9063456594707366,1.1452048193159108,-0.4950023934593247,-0.30530912232532903,-0.09741903425925127,0.5439277517863482,-0.7961977759447371,0.17551538393194804,-0.15800782972860553,-0.7748349650868562,-0.7476263301477835,-0.7396320677956275,-0.6537458722653157,-0.09834155679718336,-0.17582335130747317,0.0836550295706332,0.3384099913028961,0.4783370294041398,0.5024839918033623,0.2931890222038063,0.4408640647030737,0.5250340845231171,0.5437447204059643,-0.5747938728152294,1.5343778470062925,0.0924439788317864,-0.2924820264997172,0.11777567981969068,-0.2120062174451932,-0.036673358711942994,-0.5814761960006839,-0.5704933208539624,-0.4471686541253327,-0.3402981294311695,-0.3905521423004629,-0.624126994206658,1
-0.7542997930532513,0.8017968852245738,1.2408148755404123,-0.008943570521644522,0.5491260302851662,0.8791362784214669,0.7084021977095872,-1.6072549811238175,-0.6170980407417584,0.6550962474900802,1.250728916157122,-0.01853631901198177,0.1354673968893012,-1.0378550582137827,2.4296628174433565,-0.9590204419710704,-0.28507652974735137,-0.9729174259955203,0.6973116951307258,-0.6094192520593829,-0.6877039712223232,-0.8171764884156114,-0.7931263049023772,-1.2180205666460793,0.42080849889786676,-1.3227520837343787,-1.1947741992413723,-1.1859339354076628,-1.185745030780062,-1.1353794262804855,-1.077313259870898,-1.0555536131567065,-1.0579693388649338,-0.16560916596794678,-0.834559711987073,-0.4412869546065284,-1.5499257363275172,-1.0524387119949326,1.2408148755404111,-0.009492488634064539,-0.7414113762469501,-0.8287006285570737,7.373614658480939,0.11379246685675873,0.715315642569215,0.6554043416389048,2
0.4700748782015125,-0.6837043095113653,0.06549893514756369,-0.9387749961199845,-0.6055178872736166,-0.5597209660312809,-0.8003341159353204,0.6694072827487277,-0.6170980407417584,0.4223747540416395,0.1229027966430467,-0.7245000299873368,-0.36805038560292436,0.8449535441236985,-0.46508404810428466,-0.8677499742522624,-1.0408058446394042,-0.8365938011216749,-0.5245387698033035,-0.9682268242178381,-1.0079353580662664,-1.09607251297068,-1.210066912879506,-1.430619665974913,-0.8145053273127617,-1.3274605715691628,-1.1392109697974877,-1.0757853756302294,-1.063745152646705,-1.00003551898376,-0.9092212858817683,-0.895807712452044,-0.9115133387665632,-1.31880124610517,-0.5029989000846319,0.4341599998799809,-1.0995452197627045,-0.7126018715639952,0.06549893514756246,-0.027015243519655476,-1.3096523017528259,-1.138303920155066,-0.0722554381693571,0.7713751164668677,0.17941619758896518,0.42276228057607523,2
-0.3055353478687748,0.009529581365406346,0.30219450647667956,1.7517689015090059,-0.48607196476753556,-0.2568036514096498,1.0556510318024623,0.3285166763934801,-0.4243025120011519,-0.27578972630368276,-0.5114993955836209,2.3664762180669823,1.882835043894287,-0.2854434698266591,-0.11667781553093574,0.6409447859333571,1.8399596073369082,0.6846444470883006,0.43921336100247443,5.647834750216116,6.107210956154267,4.461189013348836,4.591848791654005,3.150774111869515,0.9869940025777381,1.8954993513405498,1.2611205421783198,1.0038851933019124,1.0026277832370334,0.677262189300656,0.5475758220240238,0.5059625662313673,0.37996229846452406,1.2441998331009114,0.03472472434689099,1.2259410242599433,-1.0936113526142879,-0.19769046575243046,0.3021945064766782,1.236374934021252,3.402187485297026,5.424205247795208,-0.4591215549550881,-0.5268921775473545,-0.6735204186510949,-0.2751639026124136,1
-0.11876633021974327,0.15807970083900025,0.2858706739712237,0.11493324003735451,0.07134234026084223,0.35984945335581353,-0.08188825229488826,-0.07324725252520443,-0.03871145451993881,-0.043068232855241965,-1.1318037613163625,-0.7054199296907223,-1.313008415759568,-0.554457514079481,0.57723623711087,-0.2798548329592745,-0.30184510758661015,-0.2075040459698928,0.07534713128761619,-0.41175822618571734,-0.4617657039882087,-0.43793692063438056,-0.34789640723995263,-0.4026679769124202,0.19776572472094775,-0.3221984188427586,-0.21686136102900622,-0.2340530979280501,-0.20212101332986931,-0.262894595314096,-0.20883806092706061,-0.17894798303987214,-0.13929079279333562,-0.4570752961125197,-0.5029989000846319,-0.5350825528792317,-0.47055530203055473,-0.14308220104870042,0.2858706739712245,-0.6333949621321908,-0.41621078152178176,-0.4005998782336725,-0.021528492076193294,-0.13545673322259022,0.11905253193510448,-0.04252184154958386,1
-0.383355771889204,0.7522801787333758,-0.007958311126989161,0.24409747543728635,0.38986480027705805,-0.018797189921225456,0.14561960452458186,-0.21934322667745237,-0.23150698326054528,0.5387355007658597,0.26388106158230595,-1.0107015344368233,0.08948403775759123,-0.554457514079481,0.8244537742928402,-0.4882995818514526,0.4374967335079852,-0.04908515467918554,0.920256851133982,0.9703600921370117,0.8115234287712755,0.7868445628614236,0.6008828468207369,0.18373173662095635,0.26639427062153825,-0.24686261348621305,-0.5169028000259821,-0.5365506352272706,-0.568120647729941,-0.5480835428321956,-0.5590296734044145,-0.630230152530543,-0.6186013385698217,-0.10224696376260477,-0.4774942222459826,-0.24863092397804354,0.22964102148259302,-0.7993188584325792,-0.00795831112698933,0.26651799025622064,0.4423639766978318,0.7009601956015951,0.31142330399848606,-0.08297427388585503,-0.10347640452648049,0.5390833111074899,0
-1.0111071923206725,1.1979305371541575,1.134709964254946,0.40725229910035804,0.9273714515544225,1.095505788865489,0.7084021977095872,-0.2558672202155149,0.5396751317018809,1.0041784876627413,-0.8075537519560658,-0.5718592276142862,-0.2862000063484799,-0.7406980062545115,2.3418579680304497,-0.6582933576470154,0.11736933839486141,-0.2533621460803606,1.2471197354541088,0.7410129476118429,0.39650089527731064,0.1965884262369397,-0.24344364532501436,-0.6783459298882707,1.1757225038043622,-0.5482058349123952,-0.6280292589137509,-0.6614952701986879,-0.7206204953966376,-0.6906780165912453,-0.6570833248980734,-0.6342238000481596,-0.6851722477054447,-0.339855222032637,-0.6454000180170907,-0.5563676783929278,-0.9452646739038751,-1.096969056603124,1.1347099642549452,-2.6437838430692215,0.03002215202657023,0.2403670128107016,1.8245306511157817,-0.6139065386192788,0.06367531318612409,1.0043674332331491,1
0.8228608004274613,-0.28757065758178146,-1.1832742515198362,-0.25216511320455715,-0.4462566572655086,-0.375806882153862,-0.7524377250259583,0.8763765794644136,-0.6170980407417584,-0.3921504730279032,-1.1177059348224365,0.15318458365771015,-1.0600999405351623,-0.14472843129441376,-0.5395050515387191,-0.2859260392376874,-0.09604892501388775,-0.7161120653769002,-0.16517461377813758,1.2721326507227604,1.6747702984387225,1.4361263131483555,1.4582659342058557,1.0247831185811775,-0.059591322406266564,0.5771227576010033,0.20541918274451565,-0.06472023737468212,-0.14112107426319065,-0.212140630077824,-0.3349070414189079,-0.45650648551422285,-0.4721453384714509,-0.05472531210859849,-0.7176632718932637,0.11039528950598805,0.31271516156042406,-0.5063560649576333,-1.183274251519837,-0.1565025757035332,0.31912358078114084,1.4382941642602611,-0.47851732705559613,-0.3665981426063959,-0.5302408404709353,-0.3914849331438284,0
-0.42226598389942044,-0.6341876030201673,-1.2404076652889333,-1.2031462381666287,-0.12773419724929266,2.0150762082525837,-3.4825320068596,6.06278366186925,-0.23150698326054528,-0.6248719664763439,1.6736637109749004,0.019623881581274066,-0.27838283529609026,1.6597350040014378,-0.29825483421976207,-0.4417536670502867,-0.4771529668152255,0.4386782737685184,-0.650226799660741,-1.1480832691349443,-1.2071461741433693,-1.2185506613202606,-1.2400970819300507,-1.161950474515398,-1.0032338285393854,-0.8660287637603215,-0.6058039671361972,-0.544770677001706,-0.4766207391299232,-0.4876621556461575,-0.47498368640984945,-0.45650648551422285,-0.4588311566443263,-0.27649301982729535,-0.01628463133040768,0.20656302526063938,0.18810395144367734,0.49557668872668154,-1.240407665288934,0.3899960539490618,-0.7263657779121209,-1.1903362208945805,-0.3274075084387017,-2.1814645188988564,-0.8995222373376258,-0.624126994206658,0
0.5582713587579969,-0.18853724459938556,-0.6935592763561501,0.1285294753426105,-0.3069030810084141,-1.0790077910969342,-0.7284895295712772,0.8033285923882897,-1.0026890982229715,-0.15942897957946245,-0.46920591610184315,0.13410448336106867,-0.5772746696522055,-0.5792895797028184,-0.3835022608342345,-0.10783732173757409,0.048770610870620616,-0.4576391374815358,0.769159857438829,0.6203039241775433,0.7949225274315169,0.9344085970175445,0.9664675135230213,0.8378828114789065,0.5237513177487524,0.5276836353357705,0.16096859918940806,0.027344230498993805,0.03425375055351038,-0.17105408679131814,-0.2648687189234371,-0.36465259260904215,-0.3922602475087033,-0.3018379007094321,-0.6220207299983287,-0.2954966672024769,0.021955671288015326,-0.2883917466122734,-0.6935592763561506,0.03413312601838549,0.22155826734709386,0.7834125185373262,-0.44665262325744354,0.6799001218688654,-0.2864480547730165,-0.15884287208099884,0
1.2742192597459536,-0.4856374835465734,-0.9629025126961777,-0.7174584992066508,-0.46616431101652206,-0.9816415113971243,-0.3093961091143584,-0.21934322667745237,-0.4243025120011519,-0.6248719664763439,-0.6947711400046581,0.9545487961162453,-0.8071914653107563,-0.33510760107333387,-0.27523802903385447,-0.40532642937980884,-0.666180571548689,-0.2908824098071071,-0.6092147585149138,0.040900611692905736,-0.3521997551458019,0.01951158524959438,0.01333606104920892,-0.14100754696924017,-0.3684197789589237,-0.21861168647750848,-0.30576252813922117,-0.3376256242859354,-0.4766207391299232,-0.4828284446712745,-0.48899135090894363,-0.45450966175541463,-0.4854595202985755,-0.7833906374700307,-0.36909934143172307,0.027049918518623525,0.3305167630056734,-0.3786242870025569,-0.9629025126961771,-0.044819021689019495,-0.6698805964503041,-0.17552131984268596,-0.3303653803679031,0.6020389559006363,-0.25914036598621865,-0.624126994206658,0
-1.6596107258242552,1.1484138306629597,2.456940397196899,0.10058165832625084,0.62875664528922,1.0522318867766844,-0.6087485522978717,0.7911539278756015,-0.809893569482365,1.0041784876627413,2.4631419946347535,0.5347865895903499,0.28491331406735965,-0.583014389546319,1.0537693518857711,-0.9406044495932179,-0.14178141003004827,-1.0008491778809872,0.6606167109476169,-0.6954244312563211,-0.7033088184816962,-0.6681368139179292,-0.6347062826647207,-0.8886087753783258,0.6438512730747858,-1.0614310089038614,-1.039197156798496,-1.1152415761475187,-1.1704950460133925,-1.1377962817679268,-1.0913209243699922,-1.0635409081919394,-1.0979118843463076,-0.270156799606761,-0.8366851018069604,-0.5271967985473502,-1.3220652378283233,-1.0125957720823398,2.4569403971968975,-0.17706291751806394,-0.648467577659779,-0.7990207528863122,3.454062737881679,0.47063165002939666,1.1013209722130082,1.0043674332331491,2
0.04984458849118971,-0.28757065758178146,0.7347760678712687,-0.10260652484674147,-0.4263490035144951,-0.7652720009531021,0.15759370225192265,0.29199268285541863,-0.809893569482365,-0.6248719664763439,0.24978323508838,0.9927089967095012,0.5493176290746926,-0.5420414812678123,-0.573604022184508,-0.24545133071493436,0.13261350006691494,0.1593607549138503,0.03217656166042962,-0.2652174717364779,0.46290450063634503,-0.20980292382901736,-0.1288937830916321,-0.1026929840132748,-0.05272846781620751,0.18113893069566084,0.1520784824783868,0.13946560030229194,0.06627871856351669,0.00247613720698311,-0.08276908043521326,-0.14979435616127132,-0.22183872012150813,-0.211229951555793,0.006669578724376813,-0.25119539693150095,-1.0520742825753724,-0.18269077072651324,0.7347760678712677,0.339133822822572,0.21642325085056507,-0.7543159027488062,-0.497465170678842,0.8082950831896629,0.012407054476353421,-0.624126994206658,0
-0.26662513585855835,0.10856299434780224,0.6286711565858042,-0.007432877709949479,-0.0082882747432117,0.11102451634518799,0.5287907317994793,0.1093727151651071,-0.23150698326054528,-0.15942897957946245,-0.6665754870168062,-0.01853631901198177,-0.7170450156401093,-0.3971877651316774,0.5005135531578448,-0.5146081423912421,-0.004583954981566675,-0.7119431471850395,1.136109699269915,0.2159286956726399,0.15578782585081102,0.3146396535618363,0.3397509420333911,0.12298913681271818,0.6438512730747858,-0.24921685740360505,-0.528015445914759,-0.6203950613265111,-0.7511204649299769,-0.7390151263400758,-0.7551369763917325,-0.7600236968530811,-0.7916857023224416,-0.5679591499718682,-0.7027855431540515,0.1328344278487401,-0.27473768613280997,-0.6258848846954111,0.628671156585804,-2.6437838430692215,-0.14662241545402033,0.13682051389949135,0.16597519033193828,-0.2170025247715222,-0.18556979548211122,-0.15884287208099884,0
1.31312947175617,-0.5846708965289693,-2.048437374309016,-0.6328597017517248,-0.48607196476753556,-0.7652720009531021,-0.6686190409345742,-0.9376484329260103,-0.6170980407417584,-0.6248719664763439,-0.39871678363221336,-1.9837866495650505,0.4803425903771273,-0.07437091202829112,-0.626457426685481,-0.18069179707852945,0.27743303595142327,-0.06576082744662834,-0.8044074054721216,0.028829709349475617,-0.006901007278823138,0.004755181833982339,-0.14769528023632078,-0.4050042307511985,-0.8145053273127617,-0.4799327613080258,-0.5835786753586435,-0.4395541422889337,-0.21737099809653898,-0.07921357826854035,0.05730756455572839,-0.005224316023551927,0.020479389132159694,0.6961167840247034,-0.25007751151802626,-0.2710700623207955,2.081007571788543,2.6693606163107804,-2.048437374309017,1.2323593719937387,0.15737056114048398,-0.04037056429453081,-0.5236707402916951,0.3194401814998285,-0.24468950164336598,-0.624126994206658,0
-1.3768631852166922,0.9008302982069696,1.8039870969786511,0.516022181542406,1.5843240253378676,2.123260963474595,0.253386484070647,-1.0350457490275096,-0.03871145451993881,0.5387355007658597,-0.6806733135107322,-0.7054199296907223,0.08028736593124858,-0.9931573400917751,2.631699218519656,-0.6501984159424647,-0.6067283410276804,-0.7244499017606216,1.237868899105426,-0.43288230528671984,-0.5414500304190499,-0.5692689110333281,-0.5480975342435844,-0.9797226750906833,0.7811083648759669,-0.9036966664385943,-0.9614086355770576,-1.0807174006948905,-1.0942451221800442,-0.9927849525214356,-0.9932672728763331,-0.967693367769142,-0.9647700660750614,-1.0336713361811314,-0.8558136101859474,-0.3960881188018423,-1.4371822605076037,-1.027829837343037,1.8039870969786505,-2.6437838430692215,-0.8039045270097054,-0.6280469055061155,1.9982234520064466,-0.4457000580811707,1.0535165448660324,0.5390833111074899,1
0.5634593870260283,-0.6837043095113653,-0.4813494537852194,-0.5663892180371398,-0.505979618518549,-0.13780042066543755,-0.033991861385526075,-0.1219459105759541,0.15408407422066794,-0.5085112197521235,-0.6524776605228803,-0.5527791273176719,-0.46231627182293017,0.3519128811723344,-0.46874968744870693,0.24631637783651503,-0.6928578544747827,-0.14080135490012127,-0.6733538905324481,-0.5837685845795941,-0.5829522837684464,-0.5692689110333281,-0.5698585263091966,-0.3909867077185283,-0.5914625531358427,-0.19742349122098007,-0.016833735031022062,0.08817253962981551,0.03425375055351038,0.14313712657607963,0.1553612160493874,0.19645488361608412,0.22019211653902887,-0.7485414262570925,0.5108120440016781,0.48865505014094984,0.22964102148259302,0.8998653437221072,-0.4813494537852209,0.05172637909691003,-0.5753962929141743,-0.49185994482232276,-0.5069796847154217,-0.18537485375257454,-0.24760936452641347,-0.5078059636752432,1
-1.6751748106283417,0.9998637111893657,0.8327190629040069,0.503936639048845,0.788017875297328,1.192872068565299,-1.3032462204836228,1.996445714631655,0.7324706604424877,0.7714569942143008,3.1398376663431984,-0.20933732197828805,-1.0830916201010174,-0.33924627867722346,0.8670774876000764,-0.5854388823060599,0.49085129936017247,-0.6994363926094574,3.766430834412068,0.5056303519149588,0.3134963885785177,0.22610123306816376,0.28752456107592217,-0.20642265445503521,2.050736464036891,-0.5176006639862986,-0.5680209711143558,-0.7173915542648482,-0.746545469499976,-0.6761768836665962,-0.648678726198617,-0.6661729801890921,-0.6332469385796587,0.07516720241235253,-0.7729234072103371,-0.14925759703157057,-0.6367035821862169,-0.9481439575178516,0.8327190629040079,-0.5989842602559183,0.21950426074848217,0.254318774815536,0.5119686223471769,-0.52995895166933,0.29059036977113295,0.7717253721703198,0
0.43116466619129606,-0.6837043095113653,-0.06509172489608614,-0.18418393667827732,-0.6851485022776705,-0.4298992597648676,0.4689202431627763,0.17024603772854394,0.9252661891830941,-0.7412327132005644,-1.0472168023528068,-0.11393682049513491,-0.20940779659852488,-0.4427132187744627,-0.45511009919039136,-0.36647070919796604,-0.3780659159468777,-0.49099048301642156,0.5119866069454462,-0.4419354820442923,-0.4152831802368847,-0.4039971927784727,-0.35660080406619743,-0.2695015081020519,-0.3684197789589237,-0.23979988173403685,-0.1946360692514524,-0.2356971062829371,-0.27074594477988284,-0.31606541603780935,-0.3769300349161904,-0.3806271826795083,-0.3789460656815787,-0.3240146714813016,-0.5880144928801296,-0.25504210636168695,-0.5714310435536353,-0.6036197123913154,-0.06509172489608517,0.10083446488930564,-0.6950421772832951,-0.39460469137748355,-0.2113318244504186,-0.1665272474829933,-0.46855241506646317,-0.7404480247380727,1
0.16657522452183535,0.15807970083900025,-0.3997302912579387,0.2153943120150793,-0.02819592849422521,-0.7436350499086999,-0.7644118227532986,0.3650406699315426,-0.6170980407417584,-0.27578972630368276,0.39076150002763954,-0.4001383249446214,1.6759099278015908,-0.32683024586555476,-0.4090764888185762,0.1613194899387337,1.3597685146672225,0.6221106742103899,-0.20834518340532415,2.5697546526414796,2.7704297868627896,3.1478691093593585,2.894491410536258,2.870423651216108,0.4722799083233097,2.5076027698624817,1.4722608140650808,0.8394843578132056,0.4155033697202516,0.16005511498817038,-0.20883806092706061,-0.27080187594505295,-0.36563188385445405,1.3075620353062531,-0.3627231719720607,-0.1268184586888185,2.217486516202122,1.4271983719770098,-0.3997302912579389,1.367868782335963,1.9171407145009005,2.7707059393850657,-0.4851686349941397,0.8029258214273979,0.06766984288308131,-0.2751639026124136,0
-0.9410688107022865,1.3464806566277514,0.6776426541021717,1.6112744700213606,0.2306035702689502,1.2686013972207069,-0.656644943207234,-0.036723258987141905,0.15408407422066794,1.3532607278354025,-0.9062385374135473,-0.2474975225715439,0.2044424355868666,-0.8648583343711985,0.25329601597587476,-0.3061633934990639,1.7713608798126674,-0.26169998246408216,2.702584654313542,0.7500661243694152,0.6787162180532067,0.860626579939484,1.0273982913067352,0.7444326579277707,2.4968220123907288,0.49236997657488973,0.07206743207919288,-0.0532121788904726,-0.19449602094653448,-0.2677283062889791,-0.3489147059180021,-0.41057953906163247,-0.3789460656815787,1.6560541474356336,-0.5795129336005799,-0.4120391405723471,-0.47815065198052764,-0.9397066290657733,0.6776426541021718,0.1584289224699613,1.3199382959546018,0.7630584890873023,-0.13966177918201397,-0.2747334107878019,0.7168546155738107,1.3533305248273935,0
0.33518614323276463,-0.7827377224937612,-0.701721192608878,-0.8330264993013268,-0.2869954272574006,0.32739402678921015,-0.9440232886634066,1.6068564502256586,-0.809893569482365,-0.7412327132005644,0.4330549795094174,-0.09485672019849344,-0.1404327579009595,0.053928093692285475,-0.5727515479183632,-0.2575937432717603,-0.32471135009469043,0.2302323641754826,-0.8737886780872429,-0.4781481890745821,-0.4169432703708605,-0.3774356666303709,-0.3957705897842994,-0.2695015081020519,-0.8831338732133522,-0.17388105204705967,-0.21686136102900622,-0.30145744047841994,-0.2936209219298873,-0.277395728238745,-0.3068917124207196,-0.27080187594505295,-0.2857467928917063,-0.14976861541661135,-0.1225541223247798,-0.5307229488583541,0.5382021132002511,0.2846434774247206,-0.7017211926088786,0.31762289937603727,-0.35818509511100666,-0.4068911237000433,-0.4957154659964338,-0.8120379853701151,-0.47444327310912865,-0.7404480247380727,0
0.8202667862934456,-1.079837961440949,-0.3099492124779285,-0.9863618196883804,-0.6254255410246301,-0.6354502946866888,0.5407648295268196,-0.5967578265707626,-0.6170980407417584,-0.7412327132005644,-0.08856460076584265,0.17226468395435163,2.572585430869939,2.2019017701109713,-0.7057375334369403,3.0127627053666854,-0.9573440594849111,-0.09494325478965349,-0.9061666053076328,-0.5867863101654517,-0.3306185834041157,-0.054270431828466095,0.1526064102691268,2.5433481137871334,-0.9105852915735884,3.40221545847146,3.7948038048194506,3.4863378091813866,3.320625467770821,3.183541329777514,3.293078063846478,3.317490418633423,3.2158830276420662,-0.21313081762195332,3.0867845057052583,1.4196228440698115,-0.5951665121473014,1.7318796771909533,-0.30994921247792895,1.8896477901447692,0.03207615862518163,0.42481152695418617,-0.5853526357607272,0.17251056762386496,-0.33288438307062657,-0.7404480247380727,0
0.716506220932871,-0.8817711354761572,-0.7180450251143339,-0.7416295841937727,-0.5457949260205761,-0.4515362108092698,0.34917926588937087,-0.2071685621647652,-0.23150698326054528,-0.7994130865626744,-0.2154450392111761,-0.20933732197828805,0.08948403775759123,1.5852388071314256,-0.5804238163136658,1.4544864272406934,-0.5457516943394664,1.0390024933964617,-0.9027746319797825,-0.737672589458326,-0.6377352581896497,-0.5707445513748894,-0.47411016122050303,0.12065288297393985,-0.9860766920642378,0.6712925142966852,1.0944308538466667,1.2340463629861025,1.4525023338537884,1.7334280373126012,1.7662426334452148,1.7799361243510488,1.7246946630041098,0.008636890096743503,1.5352499371874255,0.20848637997573247,0.8942341421052414,1.485790930671999,-0.7180450251143344,0.4707085221105057,-0.041354577275180125,-0.29897776028864637,-0.5631957432479782,-0.291578887793241,-0.5500135012212913,-0.7986085400037802,0
0.2236435354701503,0.10856299434780224,0.1634419301803018,0.6640700770885266,-0.3069030810084141,-1.0573708400525321,-0.08188825229488826,-0.2558672202155149,0.15408407422066794,-0.5085112197521235,1.0956528247239368,-3.5865150744820937,-1.7636453352503276,-0.8243820674051586,0.20999032325572276,-0.5520472477747886,-0.21243809938001637,-0.5022465621344455,1.1822097004075178,0.30374451022109267,-0.053383531030147154,-0.04098966875441523,-0.16292797468224937,-0.5007906381411127,0.5580655906990476,-0.6800434942863497,-0.6947051342464123,-0.7009514707159775,-0.7206204953966376,-0.6640926062293886,-0.6290679958998852,-0.608265091183652,-0.6186013385698217,-0.6883473341620179,-0.6879078144148395,-0.3723667439823615,-0.8461690925253197,-1.039548349082035,0.1634419301803004,-0.8784207409522286,-0.3350261707116616,-0.0667937952532882,0.039609288222764744,1.3003066847643914,0.14247010882248504,-0.5078059636752432,1
0.8773350972417606,-0.7332210160025632,-0.6282639463343251,-0.5852728781833288,-0.5856102335226031,-0.3541699311094598,-0.022017763658185262,0.08502338613973282,-0.23150698326054528,-0.6248719664763439,-0.7373464632789377,1.0495678481730166,-1.0108231876519849,0.3972638688558701,-0.5259573739355556,0.5628195869584514,-0.5788764870564941,-0.2614322141395496,-0.3816094833182739,-0.4806225383902672,-0.6580400385359875,-0.44585326015151394,-0.3047338347838988,0.48165273733003966,-0.012677945621364355,0.6336540537941737,0.8184852992487287,0.9243526935772576,0.7921364814070416,0.5834511688578501,0.6965922991948327,0.8463076052712367,0.8648818955345348,-0.5470802656280542,0.34646059605866114,-0.0011592839694073826,-0.10378455738343294,0.4394776466157706,-0.6282639463343245,-0.2601957573836362,-0.4563821919568502,-0.29790902263632735,-0.5352619334115206,-0.1919023249959873,-0.404199554234653,-0.624126994206658,1
0.10172487117147706,-0.13902053810818757,0.07366085140029162,-0.20080155760692356,-0.048103582245238724,-0.05125261648782858,0.0019304317964952968,-0.024548594474454757,0.3468796029612744,0.5387355007658597,0.13700062313697264,2.5381971207366743,-0.20940779659852488,0.46779585408124225,-0.3715676211082083,-0.5247268195219303,-0.5991062601916536,-0.23668647331291778,-0.37794384979784285,-0.07679068615553643,-0.026822088886533497,-0.039514028412854056,0.022040457875453903,-0.08260120099978036,-0.21400555068259508,-0.35986632152103143,-0.4057763411382132,-0.45763823419269145,-0.5986206172632804,-0.5746689531940523,-0.6570833248980734,-0.594287324871994,-0.6319155203969463,-0.7390370959262914,0.20475590993788634,0.0815449687795927,0.016021804139598736,-0.11964517757070463,0.07366085140029267,0.06593655072678156,-0.5476672038329189,-0.07967234479621217,-0.33149761553792734,0.005799590430647976,-0.054889422831730296,0.5390833111074899,2
1.0096298180764929,-0.931287841967355,-0.9465786801907218,-0.6124653487938408,-0.7249638097796975,-0.7869089519975043,1.0317028363477818,-0.6454564846215123,-0.809893569482365,-0.8226852359075185,-0.9908254963771029,0.3058253860307606,3.216352458713881,1.8542528513842476,-0.7321642356874267,2.0008949922978596,-0.1722697333741553,2.910846761541923,-0.9415048001596013,-0.19749970958983593,0.14748737518093175,0.4474472843023452,0.5965306484076147,1.585484039887992,-0.8316624637879093,2.1544661822536746,2.239033380390686,2.2533315430160847,2.3903763970039718,2.567243180479926,2.4246028649026403,2.378983251993532,2.150748481472097,1.2758809342035822,1.4927421407896764,0.02063873613498024,1.7843142143677173,0.6772136206811481,-0.9465786801907222,2.606262535827173,0.8223551974409623,0.6266494844458731,-0.5851453882295484,-0.4244253946197704,-0.8607666217920444,-0.8218727461100632,0
-1.5506621321956529,2.534881612416503,0.8653667279149185,1.970064012798949,0.748202567795301,1.6472480404977459,0.15759370225192265,0.1945953667539193,0.3468796029612744,1.8187037147322842,-0.737064619486436,-0.056696519605237604,0.7966340015131259,-0.487905988807146,0.9199944425169745,-0.2524383991854473,0.8852509362342934,-0.026772966389539347,1.1899655189391576,0.46954944314067787,0.48898091644563435,0.6033729100023278,0.6920676303655503,0.3318146936082842,1.6876718185364399,0.3817896506447965,-0.19071986573040742,-0.10444012296696473,-0.10628611282516935,-0.2020855648909908,-0.31026705326387477,-0.3791897101543421,-0.33767009686962673,0.3090467286776055,-0.35798745775741697,-0.2785421312472143,0.580722203399296,-0.054584494549898055,0.8653667279149175,0.44380192690545095,0.7068434266917689,0.5201016021996618,0.09578688885705315,-0.9534564419149558,0.10956255180891981,1.818614646953053,0
1.1185784117050952,-0.931287841967355,-0.8323118526525278,-0.9999580549936364,-0.5856102335226031,-0.364988406631661,-0.010043665930844983,-0.3776138653423896,-0.03871145451993881,-0.6248719664763439,0.32027236755800975,1.813153309464678,-1.2210416974961478,-0.32683024586555476,-0.6170802097578891,-0.23128518273197074,-0.7965181538447467,-0.5910445196210787,-0.817975298783523,-0.967019733983495,-0.9697532849848216,-0.9735943646210996,-0.9876695739689497,-0.8769275061844339,-0.9002910096884998,-0.4469733464645372,-0.33910046580555187,-0.28501735692954916,-0.17924603617986481,-0.14205182094201987,-0.05475375143702493,-0.04316396744090929,-0.019463156349214174,-0.7738863071392293,-0.23519978277881423,-0.2326029680189351,0.12283141281109568,0.06785101025326071,-0.8323118526525284,-0.3487419277351972,-0.941522969116677,-0.915297772035355,-0.515882485676049,-0.10162291675844484,-0.3229572608582561,-0.624126994206658,1
-0.00981773659114093,-0.33708736407297946,0.2777087577184943,-0.07088197580114404,-0.06801123599625224,-0.7652720009531021,-0.022017763658185262,0.06067405711435744,-0.6170980407417584,1.5859822212838433,1.0674571717360848,-0.7245000299873368,0.8941928225625188,0.3105261051334387,-0.3494032901884455,-0.8343583397209912,-0.7660298305006397,-0.8578552839001645,0.41823775670803315,-0.8523461617209105,-0.8103846321231392,-0.8540674969546417,-0.8919212088802563,-0.9096350599273314,-0.488519734284957,-0.9554900326212192,-0.9280706979107269,-0.8982324733024258,-0.9493702668966824,-0.9758669641093449,-0.965251943878145,-0.9557124252162925,-0.9780842479021861,-1.0368394462913983,-0.49662273062496964,-0.4505831690628113,-1.1826193598405355,0.12644356894824987,0.2777087577184943,0.6643162217570184,-1.0575743419382277,-0.9175922262642667,0.009084507579984495,0.7953960815698606,0.01809850473874881,1.5859725858902234,2
0.8124847438914024,-0.8322544289849592,-0.2936253799724726,-0.8300051136779366,-0.46616431101652206,-0.5489024905090798,0.3611533636167117,0.06067405711435744,-0.6170980407417584,-0.7412327132005644,-0.9485320168953252,0.630187091073503,-1.0600999405351623,-0.49651602762502706,-0.29228751435674893,-0.7959073666243758,-0.7363037152401353,-0.674422883458293,-0.08500069875621966,-0.7497434918017559,-0.9481721132431354,-0.9691674435964159,-0.9789651771427049,-1.2273655820011928,-0.31694836953348077,-1.1650177412691116,-1.0058592191321651,-0.9607047907881344,-0.9569952592800173,-0.8985275885112162,-0.8671982923844858,-0.8518775897582619,-0.84494242963094,-0.891106381219112,-0.7112871024336013,-0.33838747734905145,-0.755380925154547,-0.9868150462565446,-0.29362537997247296,-0.3663428683837657,-1.0478178105948228,-0.9862778238265276,-0.004667152120660875,-0.07805582883009812,-0.4676729943340994,-0.7404480247380727,1
0.8565829841696464,-0.5846708965289693,-1.248569581541661,-0.5784747605307008,-0.5856102335226031,-0.6787241967754931,0.7562985886189494,-1.059395078052884,-0.809893569482365,-0.8575934599247846,-0.27183634518687994,-1.0679418353267205,2.1127518395528377,2.0156612779359406,-0.7431611537206938,1.2318755303655515,-0.11891516752196801,2.456434678629105,-0.8814977083778119,-0.025489351195959062,0.19729007920020752,0.15231921599010328,0.16131080709537177,0.5808948892132829,-0.9689195555890904,0.6477500751227648,1.0833182079578896,1.3326868642793261,1.6126271739038198,1.8663550891218847,2.2985338844107925,2.2991103016412007,2.2040052087805955,1.2125187319982405,3.1718000985007566,-0.026034671617943966,1.0900517580029865,0.8647098085051136,-1.248569581541662,2.020318360704691,0.6226030557259924,0.44094672120911343,-0.5835617225163159,-0.3262755953649314,-0.7073159746908516,-0.8567690552694875,0
0.22623754960416229,-0.13902053810818757,-0.7996641876416146,0.21690500482677436,0.2106959165179367,0.17593536947839472,0.43299794998075497,-0.6698058136468865,-0.03871145451993881,-0.15942897957946245,-0.5114993955836209,-0.037616419308596126,0.17731225369915712,0.8775249368663095,-0.7699288456776381,0.3960727993707014,-0.34757759260277066,0.15102291853012875,-0.8571371726596138,-0.3302796353675653,-0.3804212874233915,-0.15904089607931185,-0.20427385960691255,0.05523777548814458,-1.0032338285393854,0.3887832442096397,0.29432034985473055,0.23120126650499034,0.15625362868686757,0.17938995888770257,0.07131522905482256,0.012747097805722548,-0.0993482473119619,0.10368019340475636,-0.7899265257694367,-0.48905026336467183,1.1493904294871515,0.009258451558271522,-0.7996641876416142,-2.6437838430692215,-0.2061886068137544,-0.22407493191256042,-0.5833100665515398,-0.6999849538472176,-0.4624902659811772,-0.15884287208099884,0
-0.14989449982791272,0.20759640733019827,-0.3997302912579387,0.46163724032138204,-0.20736481225334671,-0.0620710920100297,-0.40518889093308275,0.973773895565913,-0.03871145451993881,-0.15942897957946245,0.09470714365519478,0.21042488454760747,-0.5082996309546409,-0.6123990005339349,-0.24113905838806549,-0.36282798543091815,1.1158619279143664,-0.38259861002804285,0.36212305809678413,0.8647396966319997,0.8364247807809134,0.727818949198975,0.4311471087089622,0.17905922894339965,0.30070854357183335,-0.31984417492536665,-0.3835510493606594,-0.47901034280622334,-0.5071207086632625,-0.5263318434452218,-0.46097602191075526,-0.47048425182588083,-0.43220279299007713,1.1491565297928983,-0.46261649350677053,-0.3592879319197289,0.3483183644509232,-0.5391678978268272,-0.3997302912579389,0.0018938740438753533,0.8978399399399357,0.6642489279390067,-0.3301371740411523,-0.4261894229435514,-0.41426314766419975,-0.15884287208099884,0
0.21586149306810704,0.5542133527685841,-0.8812833501688969,0.4042309134769682,0.27041887777097723,0.32739402678921015,-0.9440232886634066,-0.1462952396013284,-0.23150698326054528,0.7714569942143008,-0.28593417168080587,-0.01853631901198177,1.4689848117088955,0.3188034603412178,0.19362281734574402,0.05810898320571344,0.6128045927366005,0.1593607549138503,0.72907289992787,0.5478785101169635,0.8281243301110341,0.8163573696926476,1.0665680770248371,0.8846078882544741,0.8325797743014094,0.8831744668619695,0.37210887107616886,0.5928831045801454,0.5375032478536089,0.4404103515313869,0.22539953854485822,0.08263592936401222,0.14030702557628114,0.8957077209715308,0.004969266868466857,0.2386189371788565,3.279648735768677,1.181109625458055,-0.8812833501688963,1.426208521732389,0.729924900503444,0.8781512737956162,-0.30066176462463484,-0.179230256088983,0.2017686411510761,0.7717253721703198,0
-0.28478323479666057,0.009529581365406346,0.587861575322163,-0.007432877709949479,-0.2272724660043602,-0.5813579170756832,-0.44111118411510414,1.1563938632562245,-0.4243025120011519,0.3060140073174192,-0.10266242725976861,-0.8008204311738755,0.31940083341614195,0.11186958014673942,-0.29228751435674893,-0.10378985088529873,0.05639269170664737,-0.29922024619082854,-0.16209100166190996,0.004687904662615807,0.06448286848213877,0.1228064091588792,0.13954981502975963,0.04355650629425287,-0.0767484588814142,0.08273153494867344,0.10540536974552356,0.06351241430650942,-0.049621165663172796,-0.04537760144435891,-0.11078440943340144,-0.16497021672821433,-0.20586170192895872,0.05615854175075007,-0.39035323963059754,-0.2037526472925395,-0.0551846016413995,0.3608138037282066,0.5878615753221641,0.2461260794512871,0.021292623982471053,0.09722267478762746,-0.4164996694821656,0.5643915551361421,-0.027515235298903887,0.30644125004466044,0
1.3805738392405402,-0.6341876030201673,-1.4771032366180477,-0.7416295841937727,-0.4064413497634816,-1.1871925463189452,1.3071070840766135,-0.9619977619513845,0.3468796029612744,-0.7412327132005644,-0.5678907015593248,1.813153309464678,0.4113675516795619,-0.7324206510467324,-0.7859553618811589,-0.5915100885844728,0.9710423920298581,0.25524587332664667,-0.9055498828843874,-0.3423505377109952,-0.07622637127365506,-1.137390442534394,-1.3245297311446258,-1.6829350805629795,-1.020390965014533,-1.5134458410431344,-1.2614500745740336,-1.1201736012121801,-1.010370205963361,-0.823605068400529,-0.6290679958998852,-0.46249695679064773,-0.3390035202002048,2.0045462595650148,-0.4392372054880087,0.20656302526063938,-0.5892326449988848,-0.6985396574771978,-1.4771032366180474,0.9477028483092025,0.0993448747297086,-1.214835070887154,-0.5715837853338845,-0.4680148631423838,-1.1184176246232327,-0.7404480247380727,0
-1.0370473336608144,1.792131015048533,0.653156905343988,1.277411358636741,0.6088489915382065,0.7060406700662492,1.5106667454414024,-1.3150630328193194,-0.03871145451993881,-0.043068232855241965,-0.765260272474288,-0.4955388264277746,0.618292667772258,-1.1558073699246352,0.1450317841754947,0.06094221280230617,3.5046220619251516,-0.3233999717036206,2.4155003662927514,0.8662485594249283,1.0588768587336785,1.2265853846466641,1.524854569926629,1.2630810101365737,3.3272274177878733,1.0550342728315891,0.5043493571526138,0.2936735839906991,0.1966660883185421,0.051779989150790094,-0.057555284336843766,-0.11305279899919896,-0.09269115639839959,2.1471112145270337,-0.6762181704054585,-0.7006192820249048,-1.1416756765164615,-1.1368119965157168,0.653156905343988,0.3995032718784477,2.6907822998679274,1.147942083789363,-0.3154328547361892,-0.6631018883016427,-0.20990725562307588,-0.04252184154958386,0
-2.476725178038769,1.3464806566277514,2.4242927321859873,1.8348570061522367,2.042200061611178,2.27471962078541,1.2352624977125708,0.12154737967779426,0.7324706604424877,2.749589688526047,-0.20134721271725015,1.8894737106511896,-0.49220545525854237,-0.9910880012898304,3.211381719498069,-0.33125771278317084,0.7195137244409752,-0.28629659979606037,0.5163036639081647,0.0922019466524829,0.06780304875009054,0.03574362900676786,0.13824415550582286,-0.08727370867733725,1.398765277981281,-0.1574013446253153,-0.28353723636166733,-0.38036984151299913,-0.40037081529657487,-0.3909879361484967,-0.43296069291256695,-0.4205636578556739,-0.3922602475087033,0.3888101033287952,-0.551882865942043,-0.8878258076272927,-0.5215865595069367,-1.021970581473538,2.4242927321859877,-0.5535099751941078,0.41294033217272175,0.061473597608132334,1.169650917602072,-1.0584572321379846,0.13358759579724555,2.749182891204371,1
0.329998114964737,-0.4361207770553754,0.11447043266393274,-0.40474508718576324,-0.2272724660043602,0.20839079604499808,-0.47703347729712603,0.29199268285541863,-0.03871145451993881,-0.3921504730279032,-0.5114993955836209,0.6874273919634003,-0.18641611703266947,0.32708081554899693,-0.12349760966009352,0.5761852522969523,-0.492397128487279,-0.39510536460362505,-0.27926826207855926,-0.8432929849633382,-0.8767882374821736,-0.8186521287571726,-0.7700596533128282,-0.4307030229777609,-0.24831982363289035,-0.07735705143398572,0.22764447452206943,0.46136243618918005,0.4917532935535999,0.5685036923657877,0.6456294735176829,0.5918259878601231,0.6462459350070162,-0.32084656137103457,0.40879333264708084,0.5110941884837019,-0.23320061609389447,1.2514206958920424,0.11447043266393256,0.06954440013185242,-0.478857982779433,-0.6735659168216225,-0.4552325388742172,-0.0005387827622305849,0.147407762534997,-0.3914849331438284,1
0.7995146732213314,-0.3866040705641775,-0.6772354438506942,-0.7416295841937727,-0.46616431101652206,-0.9167306582639175,0.636557611345544,-0.4506618524185136,-0.809893569482365,-0.6248719664763439,-0.7229667929925101,-0.648179628800825,0.2596224665449184,-0.8201606162491912,-0.5673809600416515,0.31471863523996785,1.394830086512946,0.01886821184814425,0.8332989894563632,0.6031028883381554,0.7501000938141689,0.8901393867707081,1.1692799595745262,1.1065520029384213,1.1122410988463156,0.99853241881418,0.6988206602062094,0.5616469458372911,0.48184080345526475,0.3362438800226573,0.23240337079440515,0.13894635936240565,0.11501008010474437,1.31073014541652,-0.5049117509225306,-0.5505976142476487,-0.7423264174280308,-0.9659560953611285,-0.6772354438506946,0.5675085410795262,1.2804500190962957,0.8889648145325204,-0.534623335304395,0.05558855433335439,-0.6041164897504557,-0.624126994206658,0
0.4130065672531975,-0.23805395109058358,-0.7996641876416146,-0.24536699555192915,-0.3865336960124681,-0.20271127379864426,-0.14175874093159072,0.1580713732158568,-0.6170980407417584,-0.15942897957946245,0.2779788880762319,0.17226468395435163,-0.4163329126912202,-0.554457514079481,-0.4090764888185762,-0.5591303217662704,-0.28660094591455665,-0.7869836746385324,0.6859023303006835,0.2551591282887872,0.2968954872387591,0.3736652672242847,0.37456852933837076,0.19074049813729138,0.3521799529972762,-0.06794007576441752,-0.4168889870269901,-0.5464146853565932,-0.6062456096466152,-0.7220971379279851,-0.7411293118926383,-0.7460459305414232,-0.7650573386681924,-0.6534981229490797,-0.6921585940546143,-0.01109661666405476,0.021955671288015326,-0.9832994927348453,-0.7996641876416142,0.16709676154052644,-0.313510451591206,0.2315592691577822,-0.33799829641167145,-0.3759091722458402,-0.4393549241637331,-0.15884287208099884,0
-0.26662513585855835,0.35614652680379205,0.46543283153124115,-0.18418393667827732,0.15097295526489618,0.0028397611231767853,-0.5848003568431906,0.8642019149517265,-0.03871145451993881,0.18965326059319867,0.16519627612482424,-0.2474975225715439,-0.945141542705887,-0.5751509020989288,0.7392063476783677,-0.5753202051753716,0.20883430842718248,-0.2533621460803606,0.33745416116696325,0.8677574222178569,0.6405341449717618,0.3146396535618363,0.20048059281347358,-0.2811827772959439,0.7811083648759669,-0.5105379322341224,-0.6280292589137509,-0.7190355626197353,-0.7434954725466422,-0.6785937391540378,-0.6010526669016969,-0.5703254397662948,-0.5520304294341986,0.06883098219181846,-0.5412559168426059,-0.28068683589626064,0.42545863738033757,-0.40792056635005153,0.46543283153124,-0.4528774036132397,0.18818066011965642,0.47469740276987993,0.4082288359728753,0.20023162747146095,0.1321161735913284,0.19012021951324545,0
0.31184001602663847,-0.6837043095113653,-0.8486356851579837,-0.2846450086560021,-0.48607196476753556,0.2516646981338023,-0.44111118411510414,0.4015646634696051,0.7324706604424877,-0.7412327132005644,0.40485932652156553,-0.15209702108839074,0.18604909193418293,0.4470196925097167,-0.5936371674389092,-0.060077165680725506,0.1794130764001191,0.8751640084563355,-0.8762864039013873,0.15889368209993338,0.3960028682371179,0.35005502175930536,0.49338354601661294,0.6276199659888511,-0.7973481908376141,0.4711817813183613,0.13874330741185426,0.1226967150824438,0.1791286058368719,0.22531021314909136,0.1553612160493874,0.06666133929354598,0.047107752786408934,0.5567199391729514,0.000718487228691874,-0.22561477922076364,0.6823950849067721,0.5190137122046775,-0.8486356851579832,-2.6437838430692215,0.36246312001184355,0.4068259663856204,-0.5213481037837061,-0.6742473558942852,-0.3761531554116586,-0.7404480247380727,0
0.7813565742832292,-1.0303212549497511,-0.4323779562688504,-1.0898442772894954,-0.5457949260205761,-0.7544535254309009,1.7022523090788513,-1.2420150457431949,-0.6170980407417584,-0.8575934599247846,-0.3705211306443615,-0.28565772316482685,1.8598433643284316,1.8542528513842476,-0.7753846809809644,1.7782840954227177,-1.080059560944942,-0.3617540190687393,-0.9407647332517066,-0.7557789429734709,-0.6526760693954325,-0.42465615756032965,-0.26955683580374884,1.258408502459017,-1.0547052379648283,1.9190417905144708,2.0056678167263713,2.1546910417228604,1.7956269911038558,1.9146921988707153,1.7662426334452148,1.9596502626437937,1.9110932085838546,-0.5679591499718682,1.7265350209772956,-0.3576210244999818,-1.3487676399961976,0.48971743285718294,-0.43237795626885084,1.4958447019173753,-0.496317038867631,-0.1288920887389963,-0.5894327087157692,-0.331696280762305,-0.7876679849082239,-0.8567690552694875,0
0.16138719625380402,-0.9808045484585531,0.4572709152785132,-0.6056672311412128,-0.5457949260205761,-0.3000775534984542,0.7802467840736306,-0.8767751103625724,-0.809893569482365,-0.6248719664763439,0.26388106158230595,-0.6290995285041836,0.020508999060025852,1.2417285660085915,-0.7057375334369403,-0.3446143665956793,-1.0991147630350087,0.8472322565708685,-0.8481946975225537,-0.7286194127007536,-0.4617657039882087,-0.32578825467572864,-0.4349403755024012,0.300544428559876,-1.0890195109151235,-0.03498066092092893,0.5832491429629296,0.6750835223244988,0.5451282402369436,0.6023396691899688,0.8697521055031893,1.1249779314619335,1.098928117129253,-0.31451034115050025,8.742446816425742,0.9521835364783695,-0.9138151780172679,1.0533778475029787,0.45727091527851205,0.10679384855730073,-0.839849642485407,-0.3208120827895807,-0.5434664473998296,0.2923701925577297,-0.026207122436836622,-0.624126994206658,0
-1.9034480544216017,-0.6837043095113653,1.4856723631222546,0.692773240510734,-0.505979618518549,1.3226937748317122,0.09772321361521967,3.2017375013877087,0.5396751317018809,-0.8343213105799406,0.8277941213393439,-0.4001383249446214,2.9404523039236197,2.971695804434431,-0.7807552688576761,17.563420419296403,-0.8506349277805365,1.8019145225069728,-0.8895150998800037,0.12237920251105776,0.37159954326767275,0.9344085970175445,1.9892341406067922,5.790740949689099,-0.9860766920642378,10.253065258082318,9.362239395096669,8.84580504611323,9.382494412522009,9.866146752553323,8.910151527983235,7.89021682630438,7.769333212518683,-0.529941828648663,1.4289804461930533,-0.4185272571445942,-0.36374569335905754,0.17331761590424127,1.485672363122255,1.4240123031396583,4.246897698976013,2.358888412621684,-0.5940015841061967,-1.325088171330811,-0.6476972386123357,-0.8335048491632046,0
0.9344034081900756,-0.5351541900377714,-1.0200359264652747,-0.5648785252254448,-0.4462566572655086,-0.13780042066543755,-0.36926659775106085,0.3650406699315426,-0.6170980407417584,-0.3921504730279032,-1.0472168023528068,0.6683472916667588,-1.5659168909839738,-0.36407834430056085,-0.29825483421976207,-0.880904254522157,-0.5609958560115198,-0.8912066294350502,-0.7735712843098456,-0.3966695982564299,-0.5580509317588085,-0.7065034627985207,-0.9310909945983581,-1.4796809965892592,-0.488519734284957,-1.4075048647604922,-1.1947741992413723,-1.1300376513415025,-1.101870114563379,-1.0387052067828244,-0.9372366148799566,-0.8578680610346868,-0.7916857023224416,-0.5141012780973276,-0.6602777467563027,-0.057064794354778015,0.6272101204264987,0.1030065454702543,-1.0200359264652752,-0.534169254423554,-0.8573086985736048,-0.7356642103073304,0.21982571365281653,-0.501264362394334,-0.4852987852049816,-0.3914849331438284,1
-0.0020356941890976423,-0.33708736407297946,0.5796996590694351,-0.5512822899201888,-0.1874571585023332,-0.23516670036524764,-0.033991861385526075,-0.10977124606326587,4.781176763995226,0.5387355007658597,0.16519627612482424,-0.6672597290974666,-0.1404327579009595,-0.1530057865021929,-0.12179266112780404,-0.7412665101186591,-0.6753270685519212,-0.49515940120828217,-0.11275320780226816,-0.5324672496200169,-0.5381298501510982,-0.553036867276155,-0.5872673199616862,-0.7087172297923897,-0.19684841420744745,-0.7082944212950543,-0.7724936554678504,-0.8522002393655879,-0.9112453049800082,-0.879192744611684,-0.8812059568835799,-0.8418934709642206,-0.8582566114580646,-1.0368394462913983,-0.3988547989101473,-0.1139960939215317,-0.7316454565608811,0.3432360361197098,0.5796996590694339,-0.014715098167855172,-0.84395765568263,-0.6236800410059287,0.06526901692835389,0.5504166520239775,0.2387480186382996,0.5390833111074899,2
0.17954529519190626,0.009529581365406346,-1.0853312564870996,0.20330876952151836,0.25051122401996373,-0.2676221269318509,-0.8482305068446827,0.8033285923882897,-0.4243025120011519,0.18965326059319867,0.33437019405193574,-0.32381792375808266,0.31940083341614195,-0.641369743761162,-0.3945844262941159,0.07834633746708997,0.08688101505075439,-0.3409094281094357,0.5471397850704409,0.6384102776926881,0.911128836809827,0.9786778072643809,1.1100900611560613,1.0247831185811775,1.1414082308540667,0.8360895885141288,0.6388123724068141,0.4284822690914385,0.4231283621035866,0.343736132033726,0.14135355155029322,0.002762979011681193,-0.006148974522089551,-0.05472531210859849,-0.6113937808988915,-0.1139960939215317,-0.16199421031289643,-0.8227558819105748,-1.0853312564871,0.7418846854066885,0.34479866326378483,0.943284168035692,-0.4732961177813237,-0.2965041335987333,-0.3966727296240694,0.19012021951324545,0
-1.729649107442641,3.2776322097844726,0.3430040877403192,2.4640605622232497,1.4847857565828,2.069168585863589,-0.32137020684169865,-0.5967578265707626,1.3108572466643074,2.0514252081807247,0.41895715301549147,0.3058253860307606,0.22513494719613614,-0.5432830845489792,1.0827534769346918,-0.07667179617505411,1.0190615012968267,0.034293209158028796,0.6963866114958572,3.629579878394629,3.3199196212087996,1.9348927485960443,2.4592715692240144,1.347186148332596,1.8568608218677225,0.8808202229445776,0.11540675104542289,0.09557057722680731,0.07847870637685225,0.07546517292771719,-0.1584104687303216,-0.2083012922943539,-0.22583297466964566,0.12332247608841244,-0.3149019010245933,-0.3480363068364348,0.6016351530168237,-0.6244786632867315,0.3430040877403204,0.2543720069010804,1.7247829965409325,3.002319991595823,0.030073397897817225,-0.9748551480538201,0.5708505024867602,2.0512567080158823,0
0.2054854365320481,-0.7332210160025632,-0.3915683750052093,-0.48556715261145156,0.2306035702689502,-0.018797189921225456,-0.9799455818454285,1.1807431922815987,-0.03871145451993881,-0.7412327132005644,0.5881310709426026,0.019623881581274066,0.27341747428443197,0.2443072634712056,-0.5727515479183632,-0.10783732173757409,-0.32471135009469043,0.4761985374952648,-0.9126421907517107,-0.4268468541150049,-0.3106975017964054,-0.24757931657298463,-0.2347392484987694,0.029538983261582392,-0.9174481461636474,0.24517436524872457,0.12763066152307737,0.005972121885462076,-0.026746188513168293,-0.05262816790668353,-0.15280740293068393,-0.19092892559272193,-0.2458042474103326,0.008636890096743503,-0.03753852952928203,0.14245120142420517,0.8645648063631589,0.5424507356826731,-0.3915683750052087,0.4883202348897955,-0.2570252701293893,-0.26093422888023887,-0.5107283863298157,-0.16054451971239533,-0.14002011139857312,-0.7404480247380727,0
0.31184001602663847,-0.8322544289849592,0.1634419301803018,-0.41531993686762897,-0.4462566572655086,-0.2676221269318509,-3.722013961406411,0.1945953667539193,-0.23150698326054528,-0.6248719664763439,3.2667181047885316,-0.4764587261311331,-0.6692413879156263,2.847535476317744,-0.7279018643567031,1.7378093868999647,-0.7347792990729298,0.5845904104836435,-0.8830395144359258,-1.0303919712865024,-0.9398716625732562,-0.7212598662141327,-0.4784623596336255,0.907970426642258,-0.9689195555890904,1.542362763731743,2.027893108503925,2.039610456880766,1.9176268692372125,1.5497470202670451,1.2339513824796373,1.0910319275621927,1.0057288443393806,-0.14026428508580996,1.4672374629510272,0.588028377087423,-0.14419260886764687,2.434990381530824,0.1634419301803004,-0.2290290588751895,-0.24624173548667902,-0.4523361203630045,-0.5837533151790396,4.763213964483301,4.306658246315753,-0.624126994206658,0
0.6983481219947724,-0.6341876030201673,-0.2283300499506477,-0.8775919372463324,-0.48607196476753556,-0.7111796233420965,0.49286843861745744,-0.15846990411401554,-0.6170980407417584,-0.6132358918039218,-0.6383798340289545,-0.18834921165202853,-0.7479683935570481,-0.4758226396055792,-0.36133792991447167,-0.5388929675048939,-0.8338663499412776,-0.3242337553419929,-0.7257752965083175,-0.9549488316400652,-1.024536259406025,-0.9735943646210996,-1.0442481533395414,-1.019438990349916,-0.5571482801855474,-0.7883387144863839,-0.5946913212474203,-0.6236830780362854,-0.5909956248799455,-0.5069969995456897,-0.47498368640984945,-0.36864624012665864,-0.3922602475087033,-1.353650457318108,-0.2394505624185891,0.100778515930523,0.1168975456626795,-0.6786181875209014,-0.22833004995064693,-2.6437838430692215,-1.0288182495576665,-1.0086302488952807,-0.31865118448566154,0.11501979707291712,-0.43360414146821397,-0.6124948911535165,1
-0.8554663442798104,0.9998637111893657,1.8529585944950202,0.3664635931845903,1.106540335313544,1.4525154810981258,0.013904529523836109,-0.4506618524185136,-0.6170980407417584,0.6550962474900802,-0.6665754870168062,1.736832908278139,-0.3933412331253656,-1.0179894057151126,0.9778991421988906,-0.8323346042948535,-0.5152633709953593,-1.0546282225559904,0.482383930629661,-0.5566090543068768,-0.5729917429645912,-0.6474778491360723,-0.6133805104404209,-0.7928223679884118,0.5580655906990476,-0.8613202759255375,-0.9058454061331731,-0.926180615335506,-0.9874952288133566,-0.9782838195967865,-0.9512442793790508,-0.9517187776986759,-0.9780842479021861,-0.9608048036449881,-0.8196819832478609,-0.543545313625641,-1.0461404154269558,-0.8614269706492677,1.8529585944950206,-0.4085597404707808,-0.8389253395160319,-0.6716415358554387,1.6914041709582062,-0.03743327430974054,0.9637594351712467,0.6554043416389048,1
-0.5805008460742944,0.5046966462773861,0.8000713978930937,0.543214652152918,0.7282949140442876,1.8852545019861702,-0.033991861385526075,-1.6194296456365047,0.5396751317018809,0.4223747540416395,-0.8639450579317697,-0.09485672019849344,1.009151220391794,-0.8151942031245237,1.7536507243905899,-0.5955575594367482,0.3612759251477176,-0.38947555957690466,1.7836682436777134,-0.15525155138783092,0.05784250794623524,-0.21806650974176028,-0.16075187547568826,-0.3933229615573066,0.8325797743014094,-0.39282573636452,-0.6280292589137509,-0.5365506352272706,-0.5376206781966016,-0.4369081904098856,-0.5029990154080378,-0.5663317922486782,-0.44551697481720165,-0.3240146714813016,-0.6539015772966403,-0.3992118465011089,-0.6485713164830499,-0.9750965345175467,0.8000713978930938,0.5803283362058584,0.5305015972658087,-0.10491134131424075,1.1274290153404305,-0.4198007576363347,1.127983356680449,0.42276228057607523,1
0.2521776909443078,-0.28757065758178146,0.5715377428167072,-0.36093499564660514,-0.06801123599625224,-0.20271127379864426,-0.213603327295634,0.20677003126660645,-0.03871145451993881,0.18965326059319867,-0.09018672383016438,1.7346375151958318,0.21576309354986553,-0.1487587546325792,-0.2530017299722874,-0.8526168279996469,-0.5714729770818907,-0.2721840525272772,-0.4079653987674199,-0.7263296215886474,-0.8286535301722602,-0.8745873602731632,-0.90080745327085,-1.0723031497881306,-0.5830919789641528,-1.1867201293020113,-1.0637017733474752,-1.0444556145862651,-1.0764897298154492,-1.072956665521243,-1.008387006352829,-0.9717634854818118,-0.9831783924840685,-0.8345959725301826,-0.06895560013446062,0.02672935939944142,-0.9188102012779439,-0.329933600542449,0.5715377428167059,0.19096383759780525,-0.8646453540685717,-0.9227461234308065,0.1872482911259787,0.494259064246321,0.21763179936630817,0.19012021951324545,1
1.0822622138288944,-0.6341876030201673,-0.758854606377975,-0.46290676043602497,-0.6055178872736166,-0.9708230358749231,0.8999877613470355,-0.5358845040073258,-1.1954846269635782,-0.6248719664763439,-0.6665754870168062,2.003954312430984,-0.02547436007168413,-0.7862234598972968,-0.69124547091248,0.007515597552272139,0.10974725755883466,0.4303404373847969,-0.5907130858175481,-0.09187931408482386,-0.07330461263785751,-0.054270431828466095,0.07426683883292318,0.08560907539226387,-0.5948939804308723,0.2122149504052362,0.07206743207919288,0.11118865659823426,0.07237871247018439,-0.03812703498203449,-0.1752196661292346,-0.2468399908393536,-0.36696330203716654,0.24624514836677577,-0.23732517259870162,-0.9282162566442462,-0.612968113592551,-0.9411128504744529,-0.7588546063779754,0.408863001845707,0.13272248195714573,-0.005650290785417709,-0.5554363113054879,-0.10410121013951112,-0.7501276651303606,-0.624126994206658,0
-0.06169801927142828,0.306629820312594,0.17976576268575767,-0.21137640728878915,-0.2869954272574006,-0.2568036514096498,0.49286843861745744,0.681581947261415,0.7324706604424877,-0.5085112197521235,-0.9203363639074733,-0.5909393279109277,-0.27838283529609026,-0.6993112302156158,-0.13372730085383025,0.23012649442741387,1.6798959097803463,0.16769859129757184,-0.5629605767714996,0.8526687942885696,0.8779270341303099,0.727818949198975,1.1231466563954284,1.0948707337445296,0.4722799083233097,0.9538017843837312,0.4832353299639378,0.5435628539335334,0.4155033697202516,0.3920732417825565,0.23940720304395238,0.2883087765212649,0.19356375288477964,1.592691945230292,-0.4817450018857575,-0.3480042509245166,-0.684174519373549,-0.6961959551293981,0.1797657626857586,-0.0010244661110730949,1.5089069030268616,0.9914677068428378,-0.42139731613298953,-0.39310427394284997,-0.555420118256235,-0.5078059636752432,0
0.38706642591305196,-0.6341876030201673,-0.5548067000597723,-0.40247904796822065,-0.5657025797715896,-0.364988406631661,-0.4291370863877638,0.462437986033042,-0.23150698326054528,-0.6248719664763439,-0.03217329479013883,-0.8771408323604143,-0.3703495535595102,0.5712627941784815,-0.5667842280553502,-0.17462059080011655,-0.6105393814456938,-0.29505132799896777,-0.6986395098855145,-0.7346548638724685,-0.6626366101992877,-0.64452656845295,-0.6569024945716452,-0.40033172307364184,-0.5914625531358427,-0.22332017431229267,-0.07239696447490655,-0.0482801538258112,0.003753781020171046,0.07788202841515866,0.04329990005663423,0.04269945418784662,0.007165207305035071,-0.7833906374700307,0.3450316380504576,0.6681681568829657,0.21183942003734327,1.0873615315460723,-0.5548067000597727,0.1293620421777314,-0.6703940980999569,-0.6003654254540839,-0.5024697747127559,-0.01781358287151888,-0.2710727165749373,-0.624126994206658,1
0.6412798110464575,-0.4856374835465734,-0.38340645875248136,-0.517291701657049,-0.3467183885104411,0.12184299186738912,-0.213603327295634,-0.3410898718043271,-0.23150698326054528,-0.3921504730279032,-0.6246089463343204,0.45802370706926776,-1.033219268339808,0.12243667101755853,-0.11255595333731683,-0.06839332472923669,-0.6511785609738551,-0.5799884462774746,-0.6146136490433617,-0.4262769992182195,-0.573298678643899,-0.46387752488113876,-0.45847236887202886,-0.31350701965939715,-0.20135011130624147,-0.40146952215092757,-0.30583541925454494,-0.22356527147162986,-0.2137926704305168,-0.29025184246041225,-0.2152899289961629,-0.18308316178519352,-0.13065955682487235,-0.7710686545056535,-0.14157661358278945,0.2495179472310502,0.33235439954256946,-0.3889840755053767,-0.3834064587524807,-0.33000182862114347,-0.6782814190797432,-0.4765936283761672,-0.364125892888293,-0.12280200491586159,0.010123752770175866,-0.3914849331438284,1
0.5868055142321544,-0.7332210160025632,0.33484217148759127,-1.2409135584590063,0.5491260302851662,-0.07288956753223082,-3.674117570497049,0.9250752375151633,-1.1954846269635782,-0.7412327132005644,2.152989811768382,0.13410448336106867,-0.048466039637539524,-0.18197652972941988,-0.4048141174878526,-0.6157949136981247,-0.4771529668152255,0.12184049118710391,-0.793614763065325,-0.5837685845795941,-0.5779720133665188,-0.6209163229879706,-0.6786634866372573,-0.7601148142455143,-0.6944053719867285,-0.7341911043863669,-0.6835924883576354,-0.7108155208453001,-0.7053705106299679,-0.6689263172042716,-0.6430756603989793,-0.6182492099776934,-0.6319155203969463,-0.43489852534065015,-0.1650619187225286,-0.6268906846130055,0.5322682460518349,0.13230282481774888,0.33484217148759016,0.09663143640437397,-0.6149359199374461,-0.6513615210579609,-0.30469680976664426,3.522474297612466,3.398823252436848,-0.7404480247380727,0
-1.7218670650405978,2.2872980799605127,2.7181217172841987,0.7282745215855692,0.8676484903013819,-0.018797189921225456,-0.15373283865893153,1.3024898374084735,3.238812534070373,-0.3921504730279032,0.46125063249726933,-0.07577661990187907,1.3080430547479103,-0.5006547052289166,1.6428290697917756,-0.6178186491242623,1.375012676339276,-0.3700918554524607,1.777501019445258,2.3585138616314554,2.2890036480097904,2.3362669215006937,2.1546176803054444,1.0948707337445296,1.347293868555838,0.08744002278345743,-0.4835648623596514,-0.7206795709746224,-0.8044954116133207,-0.8574410452247103,-0.8671982923844858,-0.8778362986227696,-0.9248275205936876,0.8323455187661886,-0.7346663904523633,-0.6378538064890357,0.30084742726359087,-1.0840786936902267,2.7181217172841974,0.26811160182172983,1.458583741360879,2.0538000148289686,1.130111113431019,0.9826384739900035,0.6395665490376693,-0.3914849331438284,0
0.9836896767363473,-0.5351541900377714,-0.8323118526525278,-0.9503317961294522,-0.705056156028684,-0.5164470639424764,1.3550034749859756,-0.8402511168245109,0.15408407422066794,-0.7412327132005644,-1.0895102818345845,0.3058253860307606,-0.6002663492180609,-0.641369743761162,-0.7696731033977947,-0.4478248733286996,-0.6829491493879479,-0.2575310642722214,-0.31524168102647054,-0.2388425501160834,-0.3769350981420423,-0.4615471660993599,-0.5350409390042171,-0.8512287139578716,-0.2311626871577427,-0.8071726658255203,-0.7502683636902968,-0.7601357714919119,-0.6443705715632894,-0.5770858086814937,-0.5029990154080378,-0.4605001330318394,-0.4854595202985755,-0.33668711192237,-0.4881211713454199,-0.049884270085097486,0.08722820992059697,-0.1782377362656938,-0.8323118526525284,0.05626546908845398,-0.6955043287679827,-0.4397536294302629,-0.5683099842259339,-0.6973206996319856,-0.9097559900925194,-0.7404480247380727,0
-1.0915216304751174,1.1979305371541575,1.8692824270004762,0.5500127698055461,1.106540335313544,1.8203436488529634,-0.010043665930844983,-0.8767751103625724,-0.4243025120011519,0.887817740938521,-0.34232547765650956,1.06902939789604,0.29640915385028654,-0.9600479192606586,1.2080671940579661,-0.8768567836698818,-0.33995551176674393,-1.0216937688402907,0.45154780946738493,-0.5928217613371667,-0.5746518330985672,-0.6814175769919801,-0.6003239152010535,-0.7741323372781846,0.4379656353730144,-0.8495490563385772,-0.9058454061331731,-0.9623487991430214,-1.0332451831133656,-1.0217872183707337,-1.0212826018745214,-1.0136203142217324,-1.0313409752106846,-0.7643819768084282,-0.8218073730677483,-0.7935814265877343,-1.1114129540595374,-0.9305661899093549,1.8692824270004766,-0.05708920231255653,-0.7285738350056281,-0.6866665103221828,2.5092241153776165,-0.1181203082867446,1.2223215258475628,0.8880464027017345,1
-1.4780297364432513,3.1290820903108783,-0.5548067000597723,3.004133242404251,1.385247487827733,1.4525154810981258,-0.40518889093308275,-0.5480591685200129,1.6964483041455203,2.6332289418018267,-0.243640692199028,-0.5909393279109277,0.2987083218068724,0.1871935125375295,-0.03859117275207889,0.2871958334444955,2.1349341356911435,0.7784451064051667,-0.7646288091727854,0.9791114963359986,1.560224079194388,0.839967615157627,1.5731639723122879,1.4429725557225102,0.4379656353730144,1.2504365179751291,0.47990153619730463,0.5223551461554904,0.4742158110719297,0.5177497271295155,0.19738420954666988,0.14893047815644703,0.05376484369997125,0.9783953948495019,0.42983469186396656,-0.4399726622178815,1.3231340595927865,0.4055785185711783,-0.5548067000597727,0.5540912277602911,2.1162253040713215,1.4263185934783922,-0.4055435268718869,-1.0213880215463629,0.1582350715220988,2.6328618606729566,0
0.5349252315518708,-0.7332210160025632,-0.5548067000597723,-0.021029113015205478,-0.8045944247837515,-0.4623546863314709,0.09772321361521967,0.14589670870316965,0.7324706604424877,-0.8575934599247846,-1.1318037613163625,-0.34289802405472414,-0.1404327579009595,-0.3599396666966713,-0.7509186695426108,-0.580177170198102,-0.431420481799065,-0.5910445196210787,-0.5389700745072488,-1.1701126659117038,-1.1639838306599972,-1.0931212322875574,-1.1138833279495004,-1.0521465440928135,-0.9860766920642378,-0.7883387144863839,-0.616916613024974,-0.4806543511611104,-0.46137075436325353,-0.5094138550331312,-0.5450220089053203,-0.5683286160074864,-0.5786587930884478,-0.37787254335584225,-0.6432746281972032,-0.49546144574831524,-0.45868756773372177,-0.9165039758225576,-0.5548067000597727,0.2753170887696764,-0.9749005763441142,-1.1456313707570744,-0.45417192060214806,-0.16551396874200666,-0.46427300751440714,-0.8567690552694875,1
-1.3146068460003497,0.9008302982069696,1.6325868556713603,0.584003358068686,1.265801565321652,1.2686013972207069,1.0556510318024623,-1.2298403812305079,0.5396751317018809,0.4223747540416395,0.23568540859445403,-0.037616419308596126,0.5493176290746926,-1.0345441161306708,4.50714260403805,-0.771622541510724,0.16310182341102195,-0.674422883458293,3.199046205026187,0.004687904662615807,-0.03512253955641279,-0.11329604549091453,-0.10852549451821898,-0.580223268659578,1.6904365980587903,-0.5999992010950201,-0.7947189472454043,-0.9015204900122,-0.9493702668966824,-0.9033612994860993,-0.8952136213826741,-0.8778362986227696,-0.8715707932851893,-0.10224696376260477,-0.6985347635142767,-0.46661112502191987,-0.8621905338260442,-0.8227558819105748,1.6325868556713607,0.12439498561831959,-0.1532979368995078,-0.1535389680366609,4.907281462827994,-0.32899314789314227,0.46392550226136153,0.42276228057607523,1
0.6775960089226583,-0.6837043095113653,-0.7833403551361587,-0.46894953168280545,-0.505979618518549,-0.4515362108092698,-0.7883600182079797,0.6085339601852909,-0.23150698326054528,-0.6248719664763439,-0.18724938622332418,-0.32381792375808266,-0.5312913105204955,0.6126495702173771,-0.6051455700318629,-0.0552202006579951,-0.4885860880692657,-0.3200648371501321,-0.6986395098855145,-0.7738852964886159,-0.7091191339506118,-0.6887957786997863,-0.7091288755291143,-0.40033172307364184,-0.7630339178873189,-0.36457480935581543,-0.18352342336267552,-0.1469206551190354,-0.14874606664652548,-0.042960745956917436,0.04329990005663423,-0.05714173375256729,0.007165207305035071,-0.6566662330593467,0.13249265606171334,0.5303277356346322,0.7221519948011629,1.5678205128449838,-0.7833403551361594,0.08789754030501999,-0.5753962929141743,-0.6610574405414261,-0.5253900943066414,0.11960206393588138,-0.2096107564917684,-0.624126994206658,1
-0.6401631711566214,-0.7332210160025632,-0.9710644289489057,-0.5686552572546826,0.13106530151388265,2.4910891312294323,-3.02751629322066,3.676549417382517,0.7324706604424877,-0.7412327132005644,2.604120259574013,0.019623881581274066,-0.002482680505828729,1.2500059212163706,-0.2948449371551831,-0.1624781782432906,-0.40093215845495794,0.35946882812316455,-0.8256843290740921,-0.7859561988320458,-0.7257200352903703,-0.6976496207491534,-0.6786634866372573,-0.5241531765288967,-0.9689195555890904,-0.26334232090795745,-0.21686136102900622,-0.2126809893145182,-0.17162104379652998,-0.11546641058016305,-0.15280740293068393,-0.13302103658728184,-0.13929079279333562,-0.14976861541661135,-0.058792427728156384,0.14245120142420517,0.8230277363242436,0.30808050090271644,-0.9710644289489062,0.48972251701392283,-0.4649934382388053,-0.6785989131947192,-0.4062050404296264,-1.8667004223476191,-0.13078929300595482,-0.7404480247380727,0
0.542707273953914,-0.6341876030201673,-0.35892070999429754,-0.5505269435143412,-0.6851485022776705,-0.3541699311094598,0.06180092043319829,0.48678731505841627,-0.4243025120011519,-0.043068232855241965,-0.5678907015593248,0.13410448336106867,0.5953009882064026,-0.49237735002113747,-0.6597039230651253,0.2564350549672033,0.10212517672280791,-0.16581486405128565,-0.7461271364754197,-0.5354849752058743,-0.32397822286821243,-0.3125074916016778,-0.1520474786494433,0.041220252455474525,-0.6772482355115808,0.38172051245746336,0.12763066152307737,0.3956021019936972,0.5375032478536089,0.49116431676765887,0.4355145060312704,0.3502103130443215,0.3133913893289009,0.3286160112337202,-0.5136258491840692,-0.43776080429552455,-0.5892326449988848,-0.5415116001746269,-0.35892070999429676,0.6790805821455236,0.03977868336997452,-0.21104835306454528,-0.5548679696794762,-0.2664745975467543,-0.48285142189647795,-0.04252184154958386,0
0.9681255919322608,-0.8817711354761572,-0.11406322241245374,-1.1359204080461962,-0.705056156028684,-0.7003611478198953,0.08574911588787938,0.1945953667539193,-0.6170980407417584,-0.8575934599247846,-0.46920591610184315,1.2216702002690905,0.04350067862588125,1.5686840967158673,-0.48579917277160145,1.4140117187179404,-0.753072293079394,0.33445531897200054,-0.9117171071168426,-1.078675580660222,-1.0394770706118077,-0.8821046634443046,-0.7439464628340938,0.21643929036385398,-0.9860766920642378,0.6430415872879809,1.1833320209568818,1.3030947138913591,1.2695025166537524,1.071209633753624,0.8837597700022833,0.9772129733101208,1.5782386629057392,-0.5045969477665262,1.1144227528497117,1.0336055527506407,-0.1263910074223973,1.767035212407947,-0.11406322241245302,0.26731955197011714,-0.4023462369811541,-0.6746761366098056,-0.5500788375139298,0.31452391939046853,-0.2795177443114661,-0.8567690552694875,1
0.2392076202742369,0.9503470046981677,-0.6282639463343251,0.651984534594966,-0.2670877735063871,-0.9491860848305209,0.7084021977095872,-0.7185044716976362,-0.03871145451993881,-0.15942897957946245,-0.4410102631139913,0.11502438306445432,-0.3933412331253656,-0.9310771760334317,-0.125202558192383,-0.06736261321482104,2.0991103557618183,0.05930671830919315,1.2162836142918327,0.1253969280969153,0.19729007920020752,0.22610123306816376,0.3702163309252483,0.2444743364291945,2.3080935111641048,0.27577953617482137,-0.016833735031022062,-0.04170412040626307,-0.06487115042984247,-0.11304955509272158,-0.25926565312379946,-0.2628145809098198,-0.2910724656225562,1.421613999275869,-0.5115004593641818,-0.5403397224338192,-0.8918598695681267,-1.0676727772556296,-0.6282639463343245,0.13461222370981543,1.4919613485883163,0.24051504211579214,-0.3684703743586469,0.19848279380751802,-0.526144480673439,-0.15884287208099884,0
0.8150787580254181,-0.7332210160025632,-0.644587778839781,0.09982631192040316,-0.5457949260205761,-0.5272655394646776,0.37312746134405195,-0.012373929961766528,-0.6170980407417584,-0.6248719664763439,-0.6101841810411026,2.7862384245928777,0.227434115152722,1.0596267514374504,-0.49688133823148284,0.6146362253935678,-0.31708926925866365,0.5012120466464292,-0.8068742951651038,-0.5234140728624445,-0.5115684080074845,-0.4940112536137065,-0.48716675645987034,-0.26015649274693836,-0.7630339178873189,-0.0938367588557301,0.5165732676302686,0.5435628539335334,0.583253202153618,0.7449341429490188,0.8977674345013775,1.021143096003903,0.9391579352037579,0.15436995516902996,1.9390740029660398,0.4085152703454071,0.900168009253658,0.7592432028541328,-0.6445877788397827,0.536610510851013,-0.12762285441686386,-0.3344307788579598,-0.5313782091164262,-0.2862670558879616,-0.600911030140618,-0.624126994206658,0
0.4830449488715834,-0.6341876030201673,-0.3915683750052093,-0.11620276015199747,-0.6851485022776705,-0.364988406631661,0.20549009316128486,0.1945953667539193,0.9252661891830941,-0.7412327132005644,-0.9767276698831769,-0.4764587261311331,-0.554282990086351,-0.5213480932483644,-0.4781269043762989,-0.3160834658474079,-0.492397128487279,-0.24919322788849996,-0.7755761460504034,-0.41175822618571734,-0.3887217380932708,-0.3626792632147589,-0.34789640723995263,-0.1480163084855754,-0.2826340965831856,0.09685699845302584,0.27209505807717704,0.24764135005386098,0.2935034915868946,0.16972253693793646,0.04329990005663423,-0.03317984864686793,-0.05940570183058804,-0.5521185994205325,-0.5603844252215929,-0.27427565351261723,-0.6367035821862169,-0.6294004382171106,-0.3915683750052087,-0.02890796147040923,-0.734068302656914,-0.2949069543986412,-0.45372200082908953,-0.24617647911332166,-0.4715693126187744,-0.7404480247380727,1
-1.1511839555574443,1.4950307761013455,0.8245571466512774,0.8982274629012688,0.48940306903212566,1.0738688378210868,-0.05794005684020717,0.6207086246979782,-0.03871145451993881,1.0041784876627413,0.6022288974365286,0.4966263889970669,0.10867452471464437,-0.2343967346051697,0.8803469405630593,-0.38946787986070136,0.3626828903100658,-0.3637531592129102,1.0718110658070426,0.41587723504216595,0.4547206293298066,0.29455389096723084,0.2204217651573867,-0.13155003142927355,1.174441914966329,-0.06489996463834719,-0.4378835042197517,-0.34505928646204614,-0.33759619902992266,-0.370370956231951,-0.41217403829071714,-0.4712262497394669,-0.408395411681222,-0.27778975831544617,-0.3545132994173912,-0.12833249594113574,0.2688897904261519,0.7004484386997633,0.8245571466512777,0.06952645215832993,0.2679135366512315,0.3408054309312689,0.2110391924802701,-0.6484788797975433,0.05342965795814433,1.0043674332331491,0
0.9369974223240913,-0.18853724459938556,0.23689917645485464,-0.6464559370569808,-0.5258872722695626,-0.9816415113971243,-3.8178067432251357,-1.2541897102558826,-0.6170980407417584,-0.6248719664763439,2.8860767894525314,-0.5146189267243889,-1.2440333770620031,1.1589550139308,-0.6955078422432036,0.5013070415298594,0.27743303595142327,-0.08660541840593193,-0.830926469671679,0.4633821937129539,1.0605369488676544,0.8724317026719735,0.9316499262180417,0.907970426642258,-0.6257768260861379,0.6242076359488444,0.6388123724068141,0.6586434387756281,0.7052530802869753,0.7110981661248374,0.6316218090185887,0.6217783442422473,0.6196175713527673,0.38247388310826086,0.5214389931011153,0.7002240688011828,3.2262439314329283,1.9076573532759211,0.23689917645485445,-0.5838493903581465,0.6580346695520409,0.9666727982400819,-0.568477345474667,11.075728812696482,7.467598417249017,-0.624126994206658,0
0.7424463622730165,-1.0303212549497511,-0.30178729622520056,-0.9251787608147286,-0.6851485022776705,-0.4839916373758732,0.9359100545290574,-0.6819804781595747,0.3468796029612744,-0.7412327132005644,-0.3705211306443615,0.2867452857341191,0.4803425903771273,1.5148812878653029,-0.7082949562353745,1.7782840954227177,-0.8110001074331974,-0.14497027309198204,-0.8851980429172851,-1.1821835682551338,-1.223747075483128,-1.1580494073162508,-1.1051789311232554,-0.2881915388122789,-0.934605282638795,0.7183773926445265,1.3611343551773116,1.7436889530010935,1.7498770368038465,1.8421865342474695,1.920326942935251,1.9197137874676282,2.0176066632008514,-0.37153632313530816,1.662773326380672,1.5208554139075408,-0.838455065232378,2.0951535410998865,-0.30178729622520095,0.5898383433156026,-0.4649934382388053,-0.7787407380888344,-0.5816263766314769,-0.2043605933755866,-0.5233607151810873,-0.7404480247380727,1
0.9421854505921189,-0.8322544289849592,-0.040605976137900894,-0.9455731137726124,-0.665240848526657,-0.862638280652912,0.18154189770660376,-0.2071685621647652,-0.23150698326054528,-0.8575934599247846,-0.3705211306443615,1.1835099996758345,-0.32436619442780024,1.3451955061058307,-0.5011437095622064,0.09251248545005358,-0.7706030790022557,0.5220566376057327,-0.8882816550335126,-1.1088528365187968,-1.0925999548990353,-0.9780212856457833,-0.9049778041196237,-0.41201299226753374,-1.020390965014533,-0.19036075946880388,0.16096859918940806,0.15557688218018506,0.14862863630353274,0.13346970462631355,0.12734588705119906,0.09861051943447846,0.08705029826778266,-0.5774634803026693,0.8083666187859202,1.2323522066435868,-0.24506835039072744,0.618621061986159,-0.040605976137901234,0.025108437469199156,-0.7427978307010129,-0.9271401164426415,-0.5047379707066999,0.6621251825005084,-0.14600312656650238,-0.8567690552694875,1
-0.1239543584877709,-0.08950383161698967,0.7674237328821819,-0.08901028954148547,-0.3467183885104411,-0.8085459030419065,-0.2016292295682937,0.4259139924949794,-0.809893569482365,-0.5085112197521235,0.46125063249726933,-0.15209702108839074,0.5493176290746926,-0.5296254484561436,-0.5991782501688497,-0.14426455940805177,0.4374967335079852,0.4928742102627076,-0.05724818971017114,-0.2594386211800793,0.33009728991827625,-0.28867404383803535,-0.27724478269473063,-0.44657258653960863,0.05872902558486893,-0.42559810670004017,-0.4804592740072027,-0.5236811147616672,-0.5914434047150686,-0.5828702491313232,-0.5898465353024216,-0.5967148339226825,-0.625213511395905,-0.18784394751206504,-0.4152712945864998,-0.27812236294280324,-0.8147195966387121,-0.3423216396229617,0.7674237328821818,0.33074305582990865,0.4474989931943606,-0.813527624785238,-0.5168018892700664,1.1140616496186229,0.20301920986146887,-0.5078059636752432,0
-0.3963258425592749,0.306629820312594,0.41646133401487206,0.2153943120150793,0.15097295526489618,0.19757232052279697,-0.4890075750244663,0.3650406699315426,-0.03871145451993881,1.1205392343869618,-0.06036894777799074,-0.8962209326570286,0.31940083341614195,0.3229421379451074,0.057226934762588104,-0.6542458867947402,-0.5305075326674128,-0.4367945465222322,0.04142739800911246,-0.1944819840039784,-0.10318623504942294,-0.1723216591533627,-0.2303870500856469,-0.26015649274693836,-0.0767484588814142,-0.5293718835732588,-0.6280292589137509,-0.7058834957806388,-0.7587454573133117,-0.768017392189374,-0.7971599698890149,-0.7759982869235473,-0.7916857023224416,-0.9101150418807146,-0.03753852952928203,0.42454322630451563,0.5025989103097523,1.0522059963290789,0.4164613340148722,0.2901348599972852,-0.5825853160093146,-0.23103230925184048,0.07077015265919143,0.16322621373539206,0.265588463297222,1.1206884637645642,1
-2.354806513740094,2.089231253995721,2.1631114120986874,1.8280588884996087,2.7190602891456366,3.5512997324051416,0.24141238634330622,-2.082066897118626,0.15408407422066794,1.5859822212838433,-0.48330374259576897,-0.5146189267243889,-0.30137451486194483,-0.955909241656769,3.560896168617406,-0.6704357702038413,-0.14940349086607504,-0.9078823022024932,1.0682702327129074,-0.49323681700386957,-0.4883271461318224,-0.504340736004635,-0.44799697074176853,-0.6619921530168219,0.8668940472517047,-0.7765674948994237,-0.8169442390229581,-0.8965884649475386,-0.8426203735299949,-0.8840264555865671,-0.8671982923844858,-0.873842651105153,-0.8848849751123139,-0.7960630779110991,-0.8090550341484236,0.5752060123201361,-0.4883569034758043,-0.6528374616951063,2.1631114120986883,-0.4157017193887972,-0.5071005735103413,-0.564838392232225,2.8527818699623295,-0.7997150341554526,1.8761293372226817,1.5859725858902234,1
-0.9306927541662277,1.2969639501365535,0.23689917645485464,1.685298417794421,0.25051122401996373,-0.13780042066543755,-0.8003341159353204,0.6937566117741032,-0.03871145451993881,1.469621474559623,0.3061745410640838,-0.3619781243513385,0.06649235819173584,-0.7406980062545115,0.4323156118662669,0.003468126699996778,2.4573481550550755,-0.05742299106290694,3.4457351743243962,0.8888815013188595,1.0107342448483787,1.2738058755766228,1.4321527437271213,1.1883208872956654,3.3375216996729615,0.8596320276880492,0.2832077039659539,0.16872894901928162,0.2325035525202159,0.05129661805330184,0.0012769065593517274,-0.07311632382303354,-0.046091520003463414,1.8778218551543309,-0.4944973408050822,-0.4166039024295011,-0.4290182319916392,-0.8625988218231675,0.23689917645485445,0.18862602940850628,1.9885174438026498,1.1054502717629688,-0.21340963790811657,0.4375614718532357,0.25031037923310756,1.4696515553588083,0
1.0355699594166348,-0.8322544289849592,-0.815988020147072,-1.0883335844778004,-0.6055178872736166,-1.0032784624415265,0.5048425363447983,-0.036723258987141905,-0.6170980407417584,-0.7179605638557203,-0.7088689664985841,-0.24368150251222642,-0.3942609003080001,0.24016858586731601,-0.7142622760983875,-0.3527093083002299,-0.6715160281339078,0.5595769013324792,-0.8417191120784757,-0.7980271011754758,-0.7307003056922978,-0.758150874753163,-0.8092294390309303,-0.5311619380452317,-0.9174481461636474,-0.027917929168752728,0.11651801563430046,-0.008823953308521811,-0.06487115042984247,-0.07196301180621573,-0.18082273192887227,-0.17695115928106392,-0.2857467928917063,-1.1952449518047532,-0.25432829115780115,-0.13322964107246202,1.0722501565577367,-0.3704213287852584,-0.8159880201470724,-2.6437838430692215,-0.6724481046985685,-0.6904412576020057,-0.5467457381405213,-0.057109905356265055,-0.7371366509121892,-0.7171838186317898,1
0.7865446025512606,-0.931287841967355,-1.3465125765743977,-0.7197245384241936,-0.744871463530711,-0.5489024905090798,0.9119618590743758,0.4259139924949794,-0.23150698326054528,-0.7412327132005644,-0.737064619486436,-0.2474975225715439,-0.6002663492180609,-0.4634066067939105,-0.6008831987011393,-0.36282798543091815,-0.7004799353108094,-0.47848372844083936,-0.6338836554447347,-0.96098428281178,-0.9846940961906044,-0.9455571981314367,-0.8571036215752769,-0.5194806688513398,-0.8127896136652469,-0.5058294443993384,-0.30576252813922117,-0.447774184063369,-0.49187072389659287,-0.4417419013847686,-0.4245560942131106,-0.44851919047898975,-0.4574997384616138,-0.39054498379691066,-0.5688859845011427,0.007816371367693217,-0.3459440919138082,-0.9715809809958472,-1.3465125765743986,0.20252781359914504,-0.9009563387940994,-0.9257486409747852,-0.49433390820162254,-1.1856788498175581,-1.2873622619216598,-0.7404480247380727,0
0.9214333375200047,-0.28757065758178146,-1.6158558129144254,-0.5852728781833288,-0.4263490035144951,0.10020604082298687,-0.4530852818424449,-0.913299103900635,-0.809893569482365,-0.6248719664763439,0.8982832538089733,0.07686418247117137,-1.0600999405351623,-0.5875669349105975,1.3615125619640165,0.32928953030815894,0.5594500268844133,-0.5701999286617752,-0.7754214515795821,1.2962744554096202,1.7162725517881188,1.8640620122011067,1.8586681882131193,1.7139780010208037,-0.6429339625612855,1.3069383719925383,0.8166147066272444,0.6750835223244988,0.47650330878693026,0.4355766405565038,0.23940720304395238,0.1545215846811103,0.14030702557628114,0.7689833165608468,-0.7176632718932637,-0.33838747734905145,2.7634022938564407,-0.2743295325254761,-1.6158558129144265,-0.0398424808624877,0.9476495999562646,1.6868353675081837,-0.08253330951653107,-0.4483017794140855,-0.18161111078698056,-0.624126994206658,0
-0.11357830195171195,0.35614652680379205,0.09814660015847687,-0.29975193677295314,-0.2869954272574006,-0.5272655394646776,1.1274956181665061,0.3528660054188555,1.3108572466643074,-0.5085112197521235,-0.48330374259576897,-0.4001383249446214,-0.18641611703266947,-0.6455084213650515,-0.17038369429805336,0.10465489800687938,1.2606814637988748,0.1593607549138503,-0.5506261283065891,0.9914841712380141,0.8281243301110341,0.6983061423677508,0.9969329024148781,0.8612453498666903,0.5065941812736048,0.6242076359488444,0.20541918274451565,0.2805215171516025,0.24012854490355057,0.20114165827467623,0.08532289355391671,0.17448982226919302,0.1136786619220319,1.2125187319982405,-0.4944973408050822,-0.43455521310370276,-0.35781182621064117,-0.7254922344768927,0.09814660015847661,0.07359414377842105,1.1782118406504072,0.9360307320862281,-0.41348942713347414,-0.49373922835685174,-0.794869638430282,-0.5078059636752432,0
-0.326287460940889,0.05904628785660422,0.6613188215967158,-0.21817452494141715,0.4495877615300986,0.7817699987216568,-0.2016292295682937,-0.5115351749819503,-0.4243025120011519,0.18965326059319867,-0.5962554946370535,-1.3734523554932654,-0.5633843330502156,-0.5561129851210368,0.6634366507639,-0.46442826535657683,-0.6302774297222727,-0.8715613828018623,0.14318659784462368,-0.45217707360789294,-0.4550758381345972,-0.5257801544473781,-0.4820723416613292,-0.46112800202530857,0.09271306259832378,-0.6131565100304526,-0.5968388453766972,-0.5964026965059694,-0.6135716944334844,-0.701511047615079,-0.6344321153237912,-0.6286260179053699,-0.6425306752530733,-0.9808727724235095,-0.3206111920065784,-0.09087640348051601,-0.7667737108901636,-0.1377595216200839,0.661318821596716,-0.2734777786850748,-0.7640352702700403,-0.5041920823956819,0.19181664764454912,0.0034310482509702215,0.5911621496243307,0.19012021951324545,1
-0.23290295211637324,0.35614652680379205,0.08998468390574894,0.39063467817171194,1.0667250278115168,0.976502558121277,-0.09386235002222854,-1.181141723179758,0.9252661891830941,1.469621474559623,-0.4974015690896949,-0.037616419308596126,0.04350067862588125,-0.4261585083589044,0.8074042889699456,-0.7048392724481815,0.25456679344334304,-0.2075040459698928,0.39295917925906027,0.8647396966319997,0.9609315408291028,0.9048957901863204,0.761914188106267,0.15102418287805872,0.5752227271741953,-0.20684046689054827,-0.7169304260239661,-0.7667118049114604,-0.8121204039966555,-0.8381062013251781,-0.8251752988872033,-0.8279157046525626,-0.8582566114580646,-0.11491940420367318,-0.34997083305273613,0.8829427667350201,0.38985543448983845,0.011602153906071038,0.08998468390574862,0.2129673601284573,0.2908809900502325,0.7435186208152808,0.7991966979969124,-0.2643569735793932,0.5634202118294801,1.4696515553588083,2
-0.5908769026103498,0.20759640733019827,0.7347760678712687,0.12173135768998236,0.05143468650982872,0.37066792887801464,1.079599227257144,0.1093727151651071,-0.03871145451993881,-0.043068232855241965,-0.5537928750653988,-0.17117712138503222,0.08948403775759123,-0.7613913942739594,0.5431372664650811,0.34750314914339764,0.33840968263963733,0.7054890380476042,-0.007910395850529344,-0.27897830040798793,-0.31401768206435715,-0.054270431828466095,0.08732343407229035,0.27484563633331377,0.4379656353730144,0.6477500751227648,0.46101003818638403,0.3956021019936972,0.24012854490355057,0.19872480278723476,-0.012730757939742439,-0.15498609793417278,-0.2591184292374572,0.10368019340475636,-0.4328610360283463,-0.7422919675185871,-0.15012647601606346,-0.5192464278705309,0.7347760678712677,-2.6437838430692215,0.33247462367211583,-0.10335703361078458,-0.2786439047119646,-0.6650342506048444,-0.44360765761371196,-0.04252184154958386,0
-0.8295262029396686,1.2969639501365535,0.6694807378494438,1.648286443907891,0.33014183902401756,0.9007732294658691,-0.045965959112866356,0.09719805065241996,-0.03871145451993881,0.7714569942143008,-0.22954286570510207,-0.22841742227492953,0.2856432086567511,-0.05898225760430488,0.5574889413623787,-0.3659117727469374,0.6896227665592154,-0.20426155404288995,0.30771933004619706,0.678317303545347,0.425387781140343,0.4311976733982486,0.3184044450547432,-0.13564899649775647,0.9516584715039226,-0.1033658413785072,-0.44987414228415323,-0.3828554255733641,-0.32182129058571307,-0.3363401481824579,-0.39193824687950557,-0.42140359165898206,-0.3602956443126303,-0.05202236102245785,-0.40484300038681426,-0.2067610691848642,1.0994235005627873,-0.11362316459371984,0.6694807378494438,0.20648013417134747,0.5047228427037928,0.41494672483098355,0.03703708212423657,-0.4272411014708258,0.19686037584648677,0.7717253721703198,0
0.9603435495302212,-0.8817711354761572,-0.4568637050270342,-1.0067561726462644,-0.4263490035144951,-0.7760904764753032,-0.44111118411510414,-0.1462952396013284,-0.4243025120011519,-0.6248719664763439,-0.5255972220775468,-0.6672597290974666,-0.7152247470473363,0.6830070894834998,-0.6537366032021121,0.4992833061037215,-0.807189067015184,-0.453470219289675,-0.7933064018537022,-0.7708675709027584,-0.7506213873000083,-0.6622342525516843,-0.626437105679788,-0.25548398506938147,-0.8316624637879093,0.07802304711388944,0.36099622518739194,0.5928831045801454,0.7205030650536449,0.5395014265164894,0.5475758220240238,0.49597844743732566,0.4199048439458979,-0.8594252801164411,-0.022660800790069872,0.43993006402525975,-0.24506835039072744,0.3608138037282066,-0.4568637050270347,-0.11366687974187496,-0.678610124494403,-0.5565487511471243,-0.5596855277544125,0.8069241707935286,0.04501995471345909,-0.624126994206658,2
0.9655315777982488,-0.28757065758178146,-0.9710644289489057,-0.7688220548042847,-0.6453331947756435,-1.1331001687079396,0.12167140906990076,-0.7793777942610741,0.038406756976303885,-0.6248719664763439,-0.27183634518687994,-1.4686239415559745,-0.8301831448766116,-0.6827565198000576,0.40674138388192516,-0.5631777926185457,-0.29422302675058337,-0.6910985562257358,-0.4904956920401507,-0.1944819840039784,-0.21607236415978157,-0.10739348412466956,-0.19121726436754508,-0.5124719073350048,-0.4542054613346617,-0.7035859334602703,-0.6835924883576354,-0.6582072534889138,-0.7053705106299679,-0.6399240513549733,-0.615060331400791,-0.5703254397662948,-0.5653446112613232,-0.466579626443321,-0.5901398827000172,-0.46661112502191987,-0.35781182621064117,-0.8860358453011631,-0.9710644289489062,-0.05788053620449071,-0.466533943187764,-0.2704821190586134,0.17648104488656316,0.7062903232763867,-0.3075625282330466,-0.624126994206658,0
-0.1161723160857276,-0.6638976269148861,-0.6201020300815973,-0.6736484076674928,-0.665240848526657,-0.5164470639424764,2.7200506159027973,2.30081232744884,0.15408407422066794,-0.6248719664763439,-1.0472168023528068,0.45846618840381104,0.8482094634308087,1.9784131795009345,-0.7901324857852682,1.3937743644565639,-0.5533737751754931,0.97229980232669,-0.9172059366837276,-0.8704525152360555,-0.7539415675679598,-0.6637098928932457,-0.5089277485254825,0.139342913684167,-1.0375481014896808,0.8360895885141288,1.2944584798446503,1.513527783316904,1.6660021205871633,1.7696808696242237,2.0463959234270983,2.0994279257603727,2.044235026855101,0.417323094321199,0.7509810936489594,1.0592502822852143,0.27117809152150835,0.3608138037282066,-0.6201020300815987,0.925586457691297,-0.106055785131443,-0.35619108670634825,-0.5905971143413836,-2.1418343817831866,-2.0207340359880215,-0.624126994206658,0
1.0692921431588198,-0.5351541900377714,-0.8323118526525278,-0.9972388079325852,-0.705056156028684,-0.4407177352870687,0.9359100545290574,-0.694155142672262,-0.03871145451993881,-0.7412327132005644,-1.0895102818345845,0.4966263889970669,-0.6002663492180609,-0.5710122244950393,-0.7952473313821364,-0.5287742903742056,-0.8582570086165633,-0.4659769738652572,-0.3146002897062952,-0.3598533461089686,-0.4614336859614135,-0.4851574115643393,-0.5193730247169764,-0.7694598296006279,-0.19684841420744745,-0.7271283726341907,-0.7169304260239661,-0.7469837046528155,-0.6672455487132938,-0.6375071958675318,-0.5870450024026027,-0.5663317922486782,-0.6186013385698217,-0.7517095363673598,-0.517876628823844,0.11039528950598805,0.09316207706901314,-0.2485488066996808,-0.8323118526525284,0.05626546908845398,-0.8859620906242356,-0.5067368899839759,-0.5796283863902623,-0.5514032139006292,-0.7470850071463477,-0.7404480247380727,0
-2.837293142666761,2.237781373469315,2.2202448258677845,1.9776174768574244,4.689918010495972,0.37066792887801464,0.38510155907139276,-1.1446177296416955,0.3468796029612744,2.400507448353386,2.547728953598309,-1.354143339776207,-0.5082996309546409,-0.8855517223906464,2.213986828108741,-0.6097237074197117,-0.33233343093071716,-0.6910985562257358,1.2440361233378814,-0.04661343029696156,-0.1861907417482159,-0.2283959921326888,-0.2521480421512592,-0.5311619380452317,1.6046509156830524,-0.7553792996428953,-0.616916613024974,-0.7420516795881543,-0.6672455487132938,-0.712429715978219,-0.7271216473935442,-0.708106279124066,-0.7384289750139432,-0.7833906374700307,-0.7644218479307874,-0.7422919675185871,-0.9571324082007081,-0.9235350828659562,2.220244825867784,-0.5288952179519402,-0.4947765339186723,-0.24250458039639944,1.4945736102429361,1.1440346491823603,1.2027278826251233,2.4002197996101273,1
1.2041808781275676,-0.4856374835465734,-1.6974749754417076,-0.42211805452025697,-0.505979618518549,-0.5921763925978842,-0.4530852818424449,-0.4628365169312007,-0.4243025120011519,-0.5085112197521235,-0.39871678363221336,0.11502438306445432,-1.0600999405351623,0.8402768384313034,-0.7270493900905585,-0.12402720514667524,-0.5609958560115198,-0.04908515467918554,-0.8744054005104884,-0.05566660705453393,0.28029458589900047,0.25561403989938786,0.326694346794024,0.5341698124377152,-0.8831338732133522,0.4123256833835601,0.4943479758527147,0.2805215171516025,0.24775353728688557,0.15038769303840427,-0.026738422438836604,-0.17695115928106392,-0.21917588375608335,-0.37153632313530816,-0.10130022412590527,5.527844403684679,0.8467632049179096,0.1030065454702543,-1.6974749754417084,-0.01659300441421322,-0.3022134152988427,0.2607210422607246,-0.5624411831036896,-0.07500264736246737,-0.4250542203211517,-0.5078059636752432,0
-2.500071305244897,2.336814786451711,1.7305298507040983,1.9436268885942847,5.545947121789553,1.8527990754195671,-0.7284895295712772,-1.1080937361036336,-0.03871145451993881,3.0986719286987086,4.070294214942311,2.8434787254827754,-0.3703495535595102,-0.9724639520723273,2.947114696993204,-0.6299610616810882,-0.3780659159468777,-0.7494634109117859,1.0898555175265006,-0.260871946892843,-0.3555199354137536,-0.3420202984329019,-0.3348398120005853,-0.5568607302717942,1.5188652333073143,-0.7859844705689919,-0.6280292589137509,-0.7535597380723638,-0.7282454877799724,-0.7510994037772833,-0.7831523053899208,-0.7720046394059308,-0.7916857023224416,-0.9449642530936526,-0.8026788646887614,0.9053819050777723,-1.2656934999183667,-1.039548349082035,1.7305298507040965,-0.37484630059444146,-0.5902878407541079,-0.3977873214369412,2.1120735544095095,0.3299786998925436,2.005187163631324,3.098145982798616,1
0.9188393233859891,-0.23805395109058358,-1.2159219165307493,-0.28615570146769714,-0.505979618518549,-0.9275491337861187,1.3550034749859756,-2.0942415616313137,-0.6170980407417584,-0.5085112197521235,-0.5255972220775468,-0.8962209326570286,-0.7124657454994335,-0.9227998208256525,-0.6835732025171775,0.7401078218141023,0.26218887427936977,0.08432022746035751,-0.3162716074732906,0.710835691753268,0.9277297381495857,0.9491650004331563,1.2754736008547136,1.4920338863368563,-0.40273405190921896,1.2363110544707767,0.9610791031813439,1.0038851933019124,0.8348779508036673,0.7110981661248374,0.5895988155213062,0.5079593899901754,0.4332190257730225,0.25574947869757714,-0.243701342058364,-0.1396408234561053,-0.39341502910114007,-0.6657278246080038,-1.21592191653075,-2.6437838430692215,0.6883312668815608,1.0826537587789435,-0.5697173317938371,-0.019682633507191308,-0.6527422250567543,-0.5078059636752432,0
0.501203047809682,-0.7332210160025632,-0.4976732862906753,-0.5852728781833288,-0.5657025797715896,-0.5272655394646776,0.43299794998075497,-0.4506618524185136,-0.809893569482365,-0.7412327132005644,-0.3564233041504355,-1.3732234400728214,0.747046073341047,0.9644371665479904,-0.7769191346600248,2.3449300147412604,-0.04269435916170045,1.6518334675999868,-0.878722457473207,-0.010400723266671628,0.2138909805399661,0.22610123306816376,0.3571597356858811,1.0715081953567458,-0.9174481461636474,1.1656837369490152,1.7389643153957262,2.13825095817399,2.3293764579372933,2.422231851233435,2.536664180895394,2.7983162413432705,2.749886663692705,1.066785666925954,0.5171882134613406,0.48544945894912833,1.0247792193704048,0.2905027332942196,-0.49767328629067464,-2.6437838430692215,0.8624083261138866,0.6085158945722156,-0.5904526256365662,-0.03571901133868972,-0.40921790448034645,-0.7404480247380727,0
-0.26143710759053074,0.05904628785660422,0.5715377428167072,0.20330876952151836,-0.0082882747432117,0.3382125023114113,-0.14175874093159072,0.48678731505841627,-0.03871145451993881,0.18965326059319867,-0.737064619486436,0.3821457872172994,-1.2440333770620031,-0.4675452843978001,0.6539589210638953,-0.2636649495501732,-0.5609958560115198,-0.23668647331291778,0.28503275519109383,-0.36045689122614016,-0.36050020581568115,-0.33611773706665715,-0.2303870500856469,-0.30220906184494933,0.31786568004698096,-0.1550471007079233,-0.10573490214123724,-0.18966487234609916,-0.16399605141319515,-0.2314754739773562,-0.18082273192887227,-0.17295751176344745,-0.16591915644758487,-0.8467528396753727,-0.5157512390039566,-0.0692460408837006,-0.2272667489454781,-0.166519224526696,0.5715377428167059,-0.6442623464104742,-0.5589642401252822,-0.3045288592295614,-0.0018421620361715933,-0.15432556630565172,0.04987454572096796,0.19012021951324545,1
1.0537280583547368,-0.6341876030201673,-0.8812833501688969,-0.8164088783726806,-0.705056156028684,-0.9708230358749231,0.40904975452607384,-0.21934322667745237,-0.03871145451993881,-0.8226852359075185,-0.3846189571382874,0.5538666898869642,0.5953009882064026,-0.11989636567107637,-0.5710465993860739,-0.4903233172775903,-0.511452330577346,1.180745711919726,-0.9144923580214473,-0.14016292345854348,-0.4435047125144742,-0.8363598128559071,-1.1922228993857038,-1.591821180850622,-1.1061766473902712,-1.4946118897039984,-1.0725350944648264,-0.9689248325625698,-0.83499538114666,-0.5263318434452218,-0.23685338992524893,-0.17695115928106392,-0.125976610966211,0.3254479011234532,-0.03753852952928203,-0.5275173576665324,1.0307130865188214,-0.2485488066996808,-0.8812833501688963,0.8533947815010513,-0.43418333925963254,-0.6225698212177455,-0.4566948083675988,0.034250604540894604,-0.6511958100219214,-0.8218727461100632,0
0.2106734648000794,-0.13902053810818757,-0.7180450251143339,-0.20457828963616131,-0.46616431101652206,-0.4298992597648676,-0.17768103411361263,0.08502338613973282,-0.6170980407417584,-0.5085112197521235,-0.257738518692954,-2.4226289563875603,0.34883018326043647,-0.5006547052289166,-0.5505872169986005,0.9485525707062803,0.6814033202608414,-0.011564890952439148,-0.08500069875621966,1.5527811302075065,1.5917657917399295,1.6869851712137611,2.0196995294986495,2.146184961194806,-0.04243418593111893,1.6365325204274246,1.3166837716222042,1.283366613632714,1.1170026689870556,0.9286151599945744,0.7997137830077184,0.7715401261528683,0.6728742986612655,0.8165049682148534,-0.4732434426062077,0.06231142162866239,0.04569113988168126,-0.33760949591606454,-0.7180450251143344,-2.6437838430692215,1.217237966024026,1.8202097713952452,-0.5505118279512465,-0.0676172110208975,-0.3513371540698525,-0.5078059636752432,0
0.770980517747174,-0.6837043095113653,-0.7996641876416146,-1.0475448785620323,-0.6453331947756435,-0.8193643785641076,0.9957805431657598,-0.7428538007230115,0.3468796029612744,-0.6248719664763439,-0.6806733135107322,-1.926546348675153,0.3331958411556547,-0.3724384730604177,-0.5787188677813765,-0.7109104787265943,-0.6079478739614447,-0.25878173972977964,-0.5807838548032952,-0.6426142335038152,-0.7243919631831897,-0.9396546367651919,-1.111707228742939,-1.4469734428463619,-0.8488196002630569,-1.3768996938343958,-1.1947741992413723,-0.99687297459565,-0.9341202821300129,-0.7801016696265817,-0.699106318395356,-0.6122587387012686,-0.5120878839528248,-0.37153632313530816,-0.5263781881033938,-0.2790840403003498,-0.485389969901596,-0.10441111231000756,-0.7996641876416142,0.6545154195739189,-0.8193609266642572,-0.8846557058815014,-0.3841840711222589,-0.23667764034806157,-0.7478201707727862,-0.624126994206658,0
-0.8606543725478417,1.4950307761013455,0.6776426541021717,0.8740563779141471,1.3454321803257059,1.355149201398316,-0.6686190409345742,-0.3045658782662646,0.3468796029612744,0.6550962474900802,-0.31412982466865763,-0.32381792375808266,-0.6002663492180609,0.016679995257279367,0.6198599504181063,-0.3142583352036145,-0.05031643999772721,-0.32840267353385355,0.482383930629661,0.11030830016762785,0.16408827652069033,0.25561403989938786,0.17001520392161645,0.03888399861669618,0.6953226825002288,-0.18800651555141187,-0.3502131116943287,-0.3918778999972087,-0.33174588384656134,-0.41032278004802875,-0.3769300349161904,-0.40658589154401586,-0.3390035202002048,-0.3588638826942398,0.10911336804295159,-0.16396388265405082,0.2059055528889271,0.5365914798131741,0.6776426541021718,-0.2977452486643239,-0.07678619110122865,0.12549627206002376,0.02196065299917043,-0.2256101860905357,0.871583012918484,0.6554043416389048,2
-0.6245990863525348,0.20759640733019827,0.3103564227294075,0.019759592900562516,-0.2272724660043602,0.06775061425638351,0.7802467840736306,-0.47501118144388893,-0.23150698326054528,-0.043068232855241965,1.476294140059937,-1.182422437106515,0.31940083341614195,-0.7489753614622907,-0.15589163177359303,-0.3264007477604404,0.3917642484918246,0.07598239107663596,-0.06033180182639875,0.427169486682664,0.39650089527731064,0.3146396535618363,0.3049333547284118,-0.026531108869099082,0.09482290587006194,0.03564665660083266,-0.13907283980756793,-0.25871322325135615,-0.33937087622989615,-0.33540025993734157,-0.4189530284134729,-0.44452554296137314,-0.4588311566443263,0.2367408180359744,-0.5221274084636189,-0.8480764768487035,-0.0907878045318982,-0.7172892762595944,0.31035642272940844,0.31805648747888393,0.339663646767256,0.34243321867100096,-0.3056039129381037,-0.2802453728147868,-0.24786794103070087,-0.04252184154958386,0
0.042062546089146426,-1.0303212549497511,0.9143382254312876,-0.8300051136779366,-0.705056156028684,-0.6029948681200854,1.7501486999882134,0.18242070224123108,-0.6170980407417584,-0.8459573852523626,-0.7229667929925101,-0.01853631901198177,1.5379598504064609,1.6142095503586524,-0.7867225887206892,2.4258794317867665,-0.4542867243071453,1.8102523588906938,-0.9277518901212262,-0.5747154078220217,-0.3953620986291743,-0.20921266769239294,-0.09111670086572933,1.200002156489557,-1.0375481014896808,1.754244716297027,2.027893108503925,2.36841212785818,2.344626442703963,2.6639173999775867,2.6487254968881464,2.758379766167105,2.7365724818655806,0.3888101033287952,2.9805150147108863,0.5053241243384231,0.7636890648400786,1.8021907476249406,0.9143382254312876,0.8427173323958618,0.43671545855165,0.14133540770476874,-0.5914816300361743,-0.30464465091436144,-0.7204224441867263,-0.8451369522163461,0
1.1626766519833356,-0.6341876030201673,-1.8525513842435413,-0.45082121794246405,-0.4462566572655086,-0.9924599869193254,0.8640654681650141,-1.0350457490275096,0.9252661891830941,-0.3921504730279032,-0.8357494049439177,-0.648179628800825,1.1769904812225362,-0.1654218193138616,-0.7847618979085563,0.16597408141885026,3.0396751309275194,1.0398362770348335,-0.9029904848279183,-0.15555332394641683,-0.4330461446704263,-0.4910599729305841,-0.7408999239449081,-0.9002900445722178,-0.6257768260861379,-0.5034752004819462,-0.16129813158512174,-0.07129627079423026,0.15625362868686757,0.2760641783853633,0.4215068415321762,0.5399085701311079,0.8326444805867609,3.9497658672690124,-0.2033189354805025,-0.3610830629871491,0.17089573671326952,-0.4852627438274371,-1.852551384243541,1.6539758476678672,2.110628136090105,-0.3564131306639849,-0.5851607782712163,-0.5338686683363941,-1.0437923344235398,-0.3914849331438284,0
-1.0552054325989166,0.7027634722421778,0.3674898364985045,1.0870640643631573,0.07134234026084223,0.3490309778336124,0.02587862725117639,-0.4506618524185136,0.15408407422066794,0.07329251386897835,2.237576770731938,-0.3047378234614412,0.31940083341614195,-0.8524423015595298,-0.1473668891121458,0.03787162894433692,0.9253099070136975,0.7013201198557435,0.2541966340288177,0.21150117445142338,1.1767432582459645,0.30278848437059297,0.3134480291081519,0.1806660836260335,0.3503943097887729,-0.06191581370834468,-0.23778050711792365,-0.3172136589947938,-0.3380303674114429,-0.38132517397884846,-0.433122590542456,-0.43597170723178064,-0.4343216770338237,-0.14645398288467076,-0.28697423868178706,-0.40762824709240053,-0.39934889624955666,0.4047136849920995,0.3674898364985043,0.3029560633610131,1.1099161212465745,-0.4360528968029857,-0.3960187512800478,0.013064080300932987,0.2516261636005777,0.0737991889818308,0
-0.39891985669329055,0.15807970083900025,-0.12222513866518168,0.3800598284898463,0.13106530151388265,0.6303113414108413,-0.045965959112866356,-1.2785390392812575,0.3468796029612744,0.07329251386897835,1.3071202221328257,-1.392303540369463,-0.8071914653107563,-0.7241432958389533,0.18936044601502042,-0.5652015280446834,-0.35519967343879744,-0.6077201923885215,-0.02949568066412263,-0.6048926636805966,-0.6510159792614567,-0.722735506555694,-0.7308898675947265,-0.8465562062803149,-0.24831982363289035,-0.9578442765386113,-0.8058315931341812,-0.7732878383310084,-0.7129955030133028,-0.7220971379279851,-0.6570833248980734,-0.5243984933137044,-0.5520304294341986,-0.466579626443321,-0.3563470025123984,0.2642636667134301,-0.4408859662884722,0.015117707427770523,-0.12222513866518099,-0.2486982117896751,-0.632394976025644,-0.7124236094080305,0.04233653254315676,-0.0934318455851226,0.46652921401900743,0.0737991889818308,0
0.7787625601492173,-0.6341876030201673,-0.35892070999429754,-1.265084643446128,-0.5856102335226031,-0.9275491337861187,0.4808943408901171,0.4380886570076666,-1.0026890982229715,-0.6132358918039218,-0.4551080896079172,-0.28374971313515457,-0.8248070104375402,-0.4385745411705731,-0.45084772785966776,-0.5915100885844728,-0.8529215520313446,-0.15747702766756422,-0.5968803100500033,-0.11903884435754121,-0.800424091319284,-0.5028650956630738,-0.817933835857175,-1.091862859352046,-0.35126264248377603,-0.9248848616951227,-0.8169442390229581,-0.7946599469445406,-0.7587454573133117,-0.6761768836665962,-0.5590296734044145,-0.4605001330318394,-0.3523177020273294,-1.3853315584207793,-0.44136259530789607,-0.8480764768487035,-0.03144913304773314,0.6303395737251569,-0.35892070999429676,-2.6437838430692215,-0.9651440450007094,-0.6669045980925239,-0.3492198604033561,-0.046840509306501736,-0.6901801426765252,-0.6124948911535165,1
0.4700748782015125,-0.6837043095113653,-0.17935855243427867,-0.5928263422418043,-0.505979618518549,-0.1594373717098398,-0.08188825229488826,0.3406913409061683,0.15408407422066794,-0.5085112197521235,-0.6806733135107322,-0.037616419308596126,-0.3473578739936548,0.5340146957434754,-0.43550319106906266,0.3211945886036082,-0.7126752646484523,-0.3617540190687393,-0.6690368335697294,-0.5716976822361642,-0.539789940285074,-0.5279509814696144,-0.5045755501123601,-0.3092178233612846,-0.5571482801855474,-0.1526928567905313,0.02761684852408528,0.11612068166289566,0.049503735320180056,0.20114165827467623,0.23940720304395238,0.23639135879224973,0.30007720750177663,-0.8340803992343043,0.20050513029811157,0.7995973957476559,0.3483183644509232,1.0170504611120856,-0.17935855243427906,0.045767574451257745,-0.5836123193086205,-0.44648896281190675,-0.5037699398844531,-0.15936443767594383,-0.26474717768670764,-0.5078059636752432,1
0.8254548145614733,-0.6837043095113653,-0.9465786801907218,-0.08221217188885732,-0.6055178872736166,-1.0898262666191354,-0.9081009954813851,0.5720099666472285,-1.0026890982229715,-0.6248719664763439,0.038315837679490955,0.34398558662401646,0.9401761816942287,0.10773090254284985,-0.7637910309613961,1.0214070460472358,-0.30184510758661015,0.05930671830919315,-0.8762555677802251,2.44904562920718,-0.06832434223592998,3.1478691093593585,3.7214091090295196,4.879601952565526,-0.6257768260861379,3.4493003368193005,2.739102445385646,2.088930707527378,1.6278771586704894,1.3104783270103348,0.9257827634995659,0.6936639995593452,0.5663608440442688,0.16387428549983132,-0.10342561394579267,-0.5211061752828889,0.9120357435504912,-0.334093942394365,-0.9465786801907222,1.1040816355071061,0.06853477575053615,1.8632122845242038,-0.5857110356604734,0.8238998875328437,-0.1937930861609823,-0.624126994206658,0
0.7398523481390008,-0.8322544289849592,-1.4281317391016801,0.44124288736349815,-0.6055178872736166,-0.6462687702088897,-1.0757383636641529,-1.2907137037939447,1.1180617179237005,-0.8575934599247846,0.5740332444486766,-1.5067841421492576,4.273969718743215,0.8195834504118555,-0.7511744118224541,1.5354358442861995,-0.4237984009630382,2.5398130424663194,-0.6338836554447347,-0.17034017931711837,0.04290169674045265,0.07853719891204282,-0.030185923082015377,0.6042574276010672,-1.0032338285393854,0.6006651967749241,1.016642332625228,1.4148872820236797,1.6355021510538241,2.0597035281172067,2.3685722069062636,2.2791420640531186,2.3504612088789667,0.2399089281462417,1.5139960389885512,-0.5657921164968837,0.6865487919106638,0.7943987380711265,-1.4281317391016808,3.608611353174788,0.4567420228881125,0.30927465433059903,-0.5858676313987281,1.3452540115195117,0.6521497622408495,-0.8567690552694875,0
1.056322072488749,-0.4361207770553754,-0.5303209513015871,-1.0611411138672884,-0.5657025797715896,-1.0790077910969342,-0.3453184022963797,0.20677003126660645,0.3083204972131531,-0.6248719664763439,-0.3705211306443615,0.21042488454760747,-0.9681332222717424,-0.5668735468911497,0.295919729283111,-0.24545133071493436,-0.3933100776189312,-0.8078282655978359,-0.14975655319699951,-0.11300339318582614,-0.10484632518339894,-0.12067424719872043,-0.1433430818231983,-0.32323534639395485,-0.2826340965831856,-0.22096593039490067,-0.28353723636166733,-0.25049318147692073,-0.346995868613231,-0.2991474276257189,-0.3349070414189079,-0.3606589450914255,-0.36563188385445405,-0.6249851319566758,-0.6964093736943893,-0.46661112502191987,-0.4646214348821383,-0.7887721978674811,-0.5303209513015865,-0.2558067387335534,-0.43264283431067385,-0.12622756124735657,-0.15539790526803166,0.798418707111712,-0.20798071615785485,-0.624126994206658,0
0.6646259382525873,-0.7827377224937612,-0.7180450251143339,-0.21817452494141715,-0.784686771032738,-0.4515362108092698,-0.06991415456754745,0.09719805065241996,0.5396751317018809,-0.8575934599247846,-0.8639450579317697,-0.34289802405472414,-0.18641611703266947,-0.38891040992389825,-0.7236394930259795,-0.2559747549308502,-0.4390425626350917,-0.6535782924989895,-0.7441536247210341,-0.8010448267613333,-0.7473012070320565,-0.6327214457204603,-0.5306887405910946,-0.3045453156837277,-0.8831338732133522,-0.1338589054513949,-0.16129813158512174,-0.046636145470924165,-0.049621165663172796,-0.13480125447969524,-0.19483039642796643,-0.24484316708054535,-0.27243261106458183,-0.3461914422531714,-0.666653916215965,-0.33838747734905145,-0.6901083865219654,-0.6188537776520125,-0.7180450251143344,0.2927375298145214,-0.8588492035225636,-0.6487710082188666,-0.46920585833584777,-0.1334044816385795,-0.42130617847459567,-0.8567690552694875,1
0.6360917827784298,-0.5351541900377714,-0.7343688576197898,-0.8571975842884486,-0.665240848526657,-1.1980110218411464,0.6245835136182032,-0.1219459105759541,-0.4243025120011519,-0.7761409372178304,0.05241366417341691,-1.5067841421492576,0.08948403775759123,-0.4385745411705731,-0.7185246474291113,-0.14426455940805177,0.02590436836254035,0.9376977813342462,-0.8836562368591713,-0.17094372443428996,-0.3556859444271513,-0.5810740337658178,-0.861020600147087,-1.1339154284500572,-0.9517624191139428,-1.1108701311690945,-0.6835924883576354,-0.44613017570848196,-0.3622458533799007,-0.2508103178768884,-0.09677674493430728,-0.11305279899919896,-0.05940570183058804,0.3064392404618507,-0.20119354566061512,-0.5557265601545635,0.21005925989281868,-0.9012699105618603,-0.7343688576197904,0.4757400121996491,0.012871196928163907,-0.45196604710027655,-0.558757573888664,0.13039958377440145,-0.7357870408718711,-0.8567690552694875,0
-0.8632483866818537,1.3464806566277514,0.702128402860357,0.609685135867503,1.2259862578196248,1.376786152442718,-0.6087485522978717,0.1093727151651071,-0.03871145451993881,0.6550962474900802,-0.5114993955836209,-0.648179628800825,-0.9681332222717424,-0.27716611461887997,0.6965826343711315,-0.49841825898214087,-0.27897886507852987,-0.5368485831268893,1.022016050969493,-0.5867863101654517,-0.5713316528306154,-0.519097139420247,-0.5263365421779723,-0.6362933607902594,0.6266941365996381,-0.6965232017080941,-0.6724798424688585,-0.6335471281656078,-0.5757456401132759,-0.6230060629428827,-0.5870450024026027,-0.5763159110427195,-0.5786587930884478,-0.6883473341620179,-0.23519978277881423,-0.2626960913621597,0.14656688140476204,0.325658268511213,0.7021284028603558,-0.5108170235671358,-0.5307216493943738,-0.5989591470557184,0.2551623901893102,-0.4259833166164136,0.6153241804910545,0.6554043416389048,2
-2.10578115687472,1.4455140696101474,2.065168417065951,1.5206329013196542,2.798690904149691,3.2267454667391076,0.02587862725117639,-1.5220323295350053,-0.03871145451993881,1.1205392343869618,-0.3000319981747317,-0.28565772316482685,-0.7382164266131916,-1.0345441161306708,3.3733518300655665,-0.806026043755064,-0.5686179368475466,-0.7869836746385324,0.9418421359475753,0.18876916539992256,-0.21773245429375732,-0.4290830785850133,-0.6003239152010535,-1.1432604438051706,0.7467940919256716,-1.0590767649864694,-0.9502959896882807,-0.9442647072392638,-0.9646202516633521,-0.9154455769233069,-0.8812059568835799,-0.8598648847934951,-0.8715707932851893,-1.1002016484967403,-0.8303089323472981,-0.7711422882449824,-0.7909841280450461,-0.8883795476489628,2.0651684170659523,-0.6198000091148892,-0.7253387746128148,-0.3283615773492254,4.251350596140795,-0.7272947419838035,1.675760253184149,1.1206884637645642,1
0.04984458849118971,-0.08950383161698967,-0.040605976137900894,0.43595546252256534,-0.784686771032738,-0.3325329800650576,0.04982682270585748,1.2172671858196613,-0.03871145451993881,-0.5085112197521235,-1.0472168023528068,0.3058253860307606,1.35402641387962,-1.0014346952995543,-0.46960216171485164,-0.5307980258003433,1.9924012240574436,0.009279700006864436,-0.051080965477715914,1.6010647395812267,1.6415684957592052,1.509908330226416,1.8978379739312208,1.0715081953567458,1.4673938238818713,0.3934917320444237,-0.30576252813922117,-0.3622857496092415,-0.42324579244657934,-0.5094138550331312,-0.6010526669016969,-0.6182492099776934,-0.5786587930884478,1.4026053386142663,-0.4796196120658701,-0.6300962758048272,-0.755380925154547,-1.1168905265594204,-0.040605976137901234,1.0398435232989112,1.743063655268574,1.548279937942932,-0.38672422907262244,-0.3990303066675278,-0.595979702626296,-0.5078059636752432,0
0.034280503687103135,-0.23805395109058358,-0.07325364114881408,-0.05501970127834532,-0.24718011975537363,-1.0790077910969342,-0.3453184022963797,0.2676433538300433,-0.23150698326054528,-0.27578972630368276,0.3625658470397876,-1.8502259474886142,1.239068016050345,-0.49651602762502706,-0.5650792795230608,-0.08355249662392221,0.33078760180361055,0.32611748258827894,0.16168827054198934,0.39699223082408913,-0.0019207368768956066,0.4474472843023452,0.5225432753845333,0.3939945821110118,0.09482290587006194,0.45941056173140093,0.29432034985473055,0.14242481534108878,0.019003765786840716,0.005376363791913046,-0.11078440943340144,-0.1489956266577481,-0.15260497462046024,0.43316364487253445,-0.10767639358556765,-0.9827113069052154,-0.5476955749599693,-0.6821337410426008,-0.07325364114881538,0.981301317167409,0.26777341581585296,0.2768562365156519,-0.5102088531157154,1.0842451800547042,-0.019574311218660677,-0.2751639026124136,0
-3.0448142733879067,2.782465144872493,1.8121490132313791,2.0184061827731927,2.4005378291294215,1.6256110894533438,0.24141238634330622,0.14589670870316965,1.3108572466643074,3.447754168871369,3.351305063752088,-0.20933732197828805,2.1127518395528377,-0.9600479192606586,1.932670320280982,-0.4842521109991773,1.2911697871429817,-0.4034432009873465,1.9748521948838254,0.4845062728139562,0.39650089527731064,0.2408576364837758,0.42244271188271754,0.052901521649366234,1.8791650992854143,-0.25157110132099725,-0.4835648623596514,-0.5184665433235129,-0.5376206781966016,-0.5408329763698709,-0.5730373379035085,-0.5084239032432382,-0.5120878839528248,0.6169140312680261,-0.6942839838745017,-0.8384597032732384,-1.0402065482785394,-1.1004846101248236,1.8121490132313784,0.8919065372110024,0.8464897749746478,0.3482803762220975,0.9117355862086615,-0.516759940770642,0.49082321537477025,3.44710907439286,0
0.32740410083072136,-0.08950383161698967,0.26138492521303847,-0.49009923104653697,-0.665240848526657,-0.8950937072195153,0.8999877613470355,-0.15846990411401554,-1.0026890982229715,-0.6248719664763439,-0.6947711400046581,-0.4001383249446214,-2.025750482301075,-1.1942970716408081,-0.3306488563332616,-0.10378985088529873,-0.28660094591455665,-0.8578552839001645,-0.6452930202747768,-0.5626445054785918,-0.28911633005471926,-0.2062613870092706,0.01768825946233141,0.19774925965362683,2.3252506476392525,0.28519651184438977,0.13874330741185426,-0.0532121788904726,-0.12587108949652115,-0.21455748556526547,-0.3629223704170963,-0.3826240064383165,-0.3922602475087033,-0.6883473341620179,-0.7878011359495493,-0.8833379799587423,-1.2538257656215335,-1.1579053176459129,0.26138492521303835,-1.048151760180224,-0.3879681907908734,-0.23658340819275597,-0.4294349862413979,0.2807752651037437,-0.45002077694675524,-0.624126994206658,0
-0.4767402807137197,-0.9808045484585531,1.15919571301313,-0.9251787608147286,-0.14764185100030616,-0.23516670036524764,1.283158888621933,0.2798180183427304,-0.6170980407417584,-0.8226852359075185,0.9546745597846772,-0.5909393279109277,0.5723093086405481,1.8335594633647996,-0.3596329813821822,1.8794708667296003,0.13261350006691494,0.7471782199662114,-0.8602207847758413,-0.4721127379028672,-0.33891903407399504,-0.3051292898938716,-0.2260348516725247,0.4640821972743633,-0.9174481461636474,1.2833959328186175,1.6834010859518416,1.8258893707454469,1.9862518006872265,2.228883412238113,2.18647256841804,2.21923735128887,2.07086339050935,0.5155345077394788,1.1739336678065602,-0.13579411402591932,1.1375226951903183,1.3451687898040248,1.1591957130131292,0.2461260794512875,0.5799824188048034,0.05666264519267179,-0.5428825050779245,-0.20306211592701834,-0.4369914406132841,-0.8218727461100632,0
0.2936819170885362,3.07956538381968,-0.579292448817956,-0.12300087780462532,0.2903265315219907,0.597855914844238,-0.22557742502297481,-1.0228710845148214,0.3468796029612744,0.5387355007658597,0.09470714365519478,0.4775462887004525,-0.8531748244424671,-0.7696687494817385,0.6880578917096842,-0.5307980258003433,0.05639269170664737,-0.16164594585942485,-0.4488669284710779,1.4200012044297774,1.0223548757862095,0.6392805287053026,0.4833734896664315,-0.11530875474267799,0.8154226378262621,-0.343386614099287,-0.5169028000259821,-0.6023109694227535,-0.6824955334799635,-0.6181723519679997,-0.5450220089053203,-0.5243984933137044,-0.4854595202985755,-0.013539880675126265,-0.4902465611653073,-0.3896769364181989,1.0544485551124874,-0.40674871517615174,-0.5792924488179566,-0.17125658600567778,0.22617978219396964,0.8662349147357846,0.2988527106269693,-0.3311886184443993,0.24217924537353158,0.5390833111074899,0
-0.8917825421560112,1.5445474825925436,0.8245571466512774,0.8695242994790616,0.5889413377871929,0.6519482924552435,0.45694614543543605,-0.036723258987141905,-0.03871145451993881,0.887817740938521,-0.6524776605228803,0.34398558662401646,0.25042579471857657,-0.33510760107333387,0.453627468519885,-0.23938012443652146,0.8109786944732962,0.20104993683245748,0.6118956395112207,1.2117781390056106,1.0190346955182579,0.7868445628614236,0.5704174579288801,0.21410303652507565,0.9869940025777381,-0.1197334419470425,-0.2279740069177831,-0.28501735692954916,-0.2936209219298873,-0.22905861848991474,-0.23685338992524893,-0.22487492949246263,-0.19254752010183412,0.8006644176635177,-0.2075697151202774,-0.5627788607765712,1.1553242966355681,0.13230282481774888,0.8245571466512777,0.14887037940590594,0.852138293120829,0.9003556695592794,-0.09691206146013408,-0.4107253368611579,-0.002189513421240692,0.8880464027017345,0
1.0381639735506503,-0.4361207770553754,-1.6893130591889782,-0.35715826361736724,-0.8045944247837515,-0.6354502946866888,-0.7644118227532986,0.24329402480466897,-0.6170980407417584,-0.6248719664763439,0.08060931716126882,-0.38105822464797995,0.08948403775759123,-0.3599396666966713,-0.5727515479183632,-0.10783732173757409,-0.035072278325673695,-0.19499729139431063,-0.28851909842724205,0.26119457946050223,0.2968954872387591,0.27037044331500015,0.28752456107592217,0.22578430571896735,-0.11106273183170946,0.06860607144432103,-0.18352342336267552,-0.0630762290197948,-0.03437118089650312,-0.023625902057385243,-0.1668150674297781,-0.23086540076888734,-0.2458042474103326,-0.08640641321126935,-0.050290868448606606,-0.34159306854087323,-0.4112166305463896,-0.42198278043684884,-1.6893130591889782,0.8013281398236075,0.043373194917544905,0.2917331816773057,-0.5107283863298157,-0.14474622884760646,-0.5150088178299376,-0.624126994206658,1
-0.8424962736097394,0.45517993978618804,0.7102903191130849,0.7539562993843858,-0.10782654349827926,-0.018797189921225456,0.3611533636167117,-0.21934322667745237,-0.23150698326054528,-0.15942897957946245,1.2930223956388998,-0.2474975225715439,0.5493176290746926,-0.7820847822934072,-0.15589163177359303,-0.06331514236254568,0.597560431064547,0.4094958464254933,0.0784307434038438,0.20017616811446365,0.911128836809827,0.28866838355035923,0.34183999727169,0.14822067827152496,0.647282700369815,0.0398842956521385,-0.13685031062981257,-0.21564020435331505,-0.26922094630321586,-0.30591462299055505,-0.35171623881782094,-0.4025922440263993,-0.40024875660497794,-0.08007019299073528,-0.36102286011615076,-0.22422899706029906,-0.9333969396070422,-0.3019852202295111,0.7102903191130838,0.3454580298880672,0.7453299499930304,-0.5544763408758492,-0.379300065730125,0.18801896613291036,0.08219522023172936,-0.15884287208099884,0
0.6231217121083552,-0.8322544289849592,-0.17119663618155073,-0.7824182901095407,-0.5657025797715896,-0.9059121827417164,0.9239359568017171,0.2554686893173561,-0.4243025120011519,-0.7412327132005644,-0.7934559254621398,0.36306568692065794,-0.8301831448766116,-0.07023223442440156,-0.30933699967964345,-0.5834151468799222,-0.7363037152401353,-0.38259861002804285,-0.16825822589436518,-0.6893889800846063,-0.8153649025250668,-0.7920906026090709,-0.7613552564865834,-0.6993722144372762,-0.5571482801855474,-0.6282501281037247,-0.49467750824842827,-0.5233985683881741,-0.6062456096466152,-0.6085049300182336,-0.6430756603989793,-0.6561888613950506,-0.6585438840511955,-0.7041878847133533,-0.5306289677431687,-0.498667036940137,-0.32220862332014205,-1.033689093212536,-0.1711966361815511,-0.25177382164652884,-0.9168748899333388,-0.788954760140119,-0.260685058998097,-0.18020425696322095,-0.7747807530105529,-0.7404480247380727,1
-2.191383623297192,1.7426143085573351,1.7060441019459132,1.6649040648365367,3.256566940423001,3.010375956295086,-0.12978464320425045,-0.9376484329260103,0.5396751317018809,1.236899981111182,-0.6242820075350285,-0.9343811332503116,-0.9221498631400316,-0.9683252744684377,2.4953033359365,-0.8323346042948535,-0.5457516943394664,-0.8495174475164431,0.8555009966932021,-0.6984421568421787,-0.7008186832807325,-0.814225207732489,-0.8309904310965424,-1.1269066669337218,0.5580655906990476,-1.087327691995174,-0.9502959896882807,-0.9294686320452802,-0.9569952592800173,-0.9081950104609823,-0.8812059568835799,-0.8299125284113708,-0.8715707932851893,-1.1318827495994115,-0.7750487970302246,-0.5179005840910673,-0.5536294421083859,-0.5649486236526224,1.7060441019459125,-0.6575797087054482,-0.8737407513624971,-0.819004709073608,3.6199825089757165,-0.8690493714855514,1.2818232547500776,1.2370094942959784,1
-0.43004802630146,0.5046966462773861,1.3061102055622371,0.1557219459531225,0.4495877615300986,0.5870374393220368,0.0378527249785172,-0.9254737684133221,-0.03871145451993881,0.7714569942143008,-0.243640692199028,0.5729467901836057,-0.3703495535595102,-0.9600479192606586,0.23624653065298026,-0.8566194294085053,-0.7134374727320549,-0.9662471568885432,-0.313187995357063,-0.8432929849633382,-0.8817685078841011,-0.8511162162715192,-0.8440470263359096,-0.9376701059926721,0.12913717882035722,-1.0496597893169013,-1.0503098026872728,-1.0050930163700853,-1.017995198346696,-0.9927849525214356,-0.9792596083772389,-0.953715601457484,-0.9647700660750614,-1.1794044012534177,-0.6772808653154022,-0.5073221331580556,-1.429468233214662,-0.9000980593879605,1.3061102055622373,-0.29555547249720515,-1.0632228600844094,-0.9468280140197548,0.8854119479950703,0.5631207614181007,0.9308150514544601,0.7717253721703198,2
0.5790234718301112,-0.13902053810818757,-0.38340645875248136,0.2848861813530543,-0.4064413497634816,-0.9708230358749231,0.12167140906990076,-0.4628365169312007,0.15408407422066794,-0.043068232855241965,0.6163267239304545,-2.766070761726944,-1.8326203739478926,-0.866265484756521,-0.26833298747808215,-0.2903782571751902,-0.5436937325137391,-0.48390332209025827,0.8166166479075719,0.11453311598782835,-0.13505996562175945,-0.1442844926636998,-0.18730028579573507,-0.4657468305594369,0.729636955450524,-0.37163754110799163,-0.4502269246933208,-0.42804608380472414,-0.46899574674658834,-0.4634936007717423,-0.44696835741166113,-0.486458841896347,-0.4721453384714509,-0.9291237025423171,-0.666653916215965,-0.7945431039452809,-0.8752450415525604,-1.0125957720823398,-0.3834064587524807,-0.8291558539654347,-0.5148030982551346,-0.11860405203516597,-0.3652432690753377,0.7474836169404228,-0.16076131922991438,-0.04252184154958386,1
0.12247698424359127,0.20759640733019827,-0.5711305325652282,0.11191185441396442,0.27041887777097723,-0.05125261648782858,-1.0517901682094717,1.0224725536166626,-0.4243025120011519,0.7714569942143008,-0.3282276511625836,-0.4001383249446214,-0.899158183574177,-0.4137424755472357,0.17657333202284953,-0.5368692320787563,0.32316552096758383,-0.5368485831268893,0.48855115486211625,1.3355048880257674,1.326151370303792,1.480395523395192,1.2667692040284686,0.8145202730911222,0.5752227271741953,0.254591340918293,-0.11684754803001414,-0.5184665433235129,-0.5604956553466062,-0.6350903403800904,-0.7271216473935442,-0.7320681642297652,-0.7517431568410677,-0.2986697905991648,-0.6135191707187789,0.002815649108451386,1.285869373900731,-0.14308220104870042,-0.5711305325652286,-0.20245944689457565,0.4521205080412367,1.2005591002839877,0.002367133595777693,-0.11873829718865407,-0.11047285454211951,0.7717253721703198,0
-1.2471624785159756,1.4950307761013455,1.820310929484107,0.6995713581633618,1.2857092190726653,1.9177099285527737,0.02587862725117639,-1.1080937361036336,-0.4243025120011519,1.0041784876627413,-0.5396950485714728,0.13410448336106867,0.6412843473381127,-0.9517705640528795,1.2847898780109914,-0.8869754608005701,-0.32471135009469043,-0.9987647187850568,0.4947183790945715,-0.6984421568421787,-0.6842177819409738,-0.7906149622675096,-0.7221854707684816,-0.91197131376611,0.5409084542239,-0.9413645691168671,-0.9836339273546114,-0.9886529328212146,-1.0789951374133746,-1.055623195194915,-1.0212826018745214,-1.0096266667041158,-1.0313409752106846,-0.7548776464776269,-0.8133058137881986,-0.8480764768487035,-1.2538257656215335,-0.9504876598656512,1.8203109294841064,0.1307735996882921,-0.751938160064834,-0.7974664451828559,2.7829748818564117,-0.145882799967956,1.298550651266642,1.0043674332331491,1
0.8617710124376741,-0.7332210160025632,-0.35892070999429754,-1.0747373491725443,-0.6851485022776705,-0.7544535254309009,1.2232883999852304,-0.3532645363170142,0.15408407422066794,-0.7412327132005644,-1.24458637326777,-0.01853631901198177,-0.9911249018375969,-0.5461801588717019,-0.7781978460592419,-0.5247268195219303,-0.6600829068798677,-0.15330810947570345,-0.9391612549512682,-0.8131157291047633,-0.8568671558744632,-0.9012879878846003,-1.009430566034562,-1.150269205321506,-0.6600910990364331,-1.0496597893169013,-0.8947327602443962,-0.8669963145595715,-0.7587454573133117,-0.7607668257270495,-0.7271216473935442,-0.7240808691945322,-0.7517431568410677,-0.9291237025423171,-0.7325410006324757,-0.35441543330816,-0.262869951835977,-0.41729537574124975,-0.35892070999429676,-0.30918513052610314,-0.8352281276385312,-0.9412029004262938,-0.569745967479249,-0.35195231242490604,-0.8046787298126227,-0.7404480247380727,0
-3.9630952768289798,3.772799274696452,1.6815583531877294,3.8946866548985186,6.9195752306094835,3.421478026138728,-0.05794005684020717,-0.7550284652356988,0.7324706604424877,4.2622793959409115,0.20748975560660213,-0.1902572216816737,1.3287355663571798,-0.37649437711222955,6.561605585446836,-0.3952077522491206,0.5137175418682527,-0.40135874189141607,2.0519424977895158,1.4507820054055236,1.4040095975872597,1.374149418802785,1.4882961032564004,0.9313329650300418,2.788493332468238,0.5206209035835945,-0.06128431858612965,-0.35077769112503193,-0.484245731513258,-0.5094138550331312,-0.6430756603989793,-0.6122587387012686,-0.6718580658783201,0.014973110317277563,-0.7006601533341641,-0.20824047496108994,-0.8562566666776276,-1.1063438659943223,1.6815583531877287,0.5199773278873605,0.6572130669125965,1.3353397825694144,2.930631928779615,-1.1819135193061103,1.1032723468355792,4.261356288112764,0
0.6360917827784298,-1.0303212549497511,-0.17119663618155073,-0.8979862902042166,-0.705056156028684,-0.7544535254309009,0.8760395658923549,-0.6211071555961368,1.1180617179237005,-0.7412327132005644,-0.28593417168080587,-0.3619781243513385,0.4113675516795619,1.419691702975843,-0.7539023294741174,2.2032685349116248,-0.8696901298706035,-0.14913919128384268,-0.9064749665192555,-1.2054200552662366,-1.2436681570908383,-1.1772327317565465,-1.1182355263626227,-0.2695015081020519,-0.9843609784167232,0.9538017843837312,1.6945137318406187,2.1546910417228604,2.2683765188706144,2.3980632963590196,2.438610529401734,2.7184432909909395,2.6966299363842063,-0.3937130939071777,1.6415194281817977,2.7389800667997912,-0.8740582681228771,1.825627771102936,-0.1711966361815511,0.5080411263347974,-0.4033732402804598,-0.7098256951036824,-0.587936263316335,0.12750263491190847,-0.45590273886778276,-0.7404480247380727,1
-2.0331487611223182,1.4455140696101474,1.9753873382859408,4.485367544271307,2.201461291619286,3.183471564650303,-0.5608521613885096,-1.862922935890253,0.15408407422066794,1.7023429680080637,0.7009136828940102,-0.20933732197828805,0.1354673968893012,-1.1173176682084622,2.904490983685968,-0.8019785729027887,0.003038125854460081,-0.9845903969327303,1.3365444868247096,-0.33631508653928016,-0.46674597439013626,-0.3700574649225649,-0.35660080406619743,-0.7017084682760545,1.0041511390528857,-0.8165896414950885,-0.8613948225780657,-0.9360446654648283,-0.9493702668966824,-0.9734501086219035,-0.9512442793790508,-0.9337473638694014,-0.9381417024208122,-0.39054498379691066,-0.8366851018069604,-0.5929114179796954,-1.283495101363616,-1.0981409077770241,1.9753873382859402,-0.1605028210539143,-0.4405507597153283,-0.5051825822805196,3.6502449741790133,-0.3348357413570048,2.5268778668333947,1.702293616421638,2
0.3092460018926228,-0.08950383161698967,-0.5466447838070444,-0.0006347600573213288,-0.3865336960124681,0.024476712167579028,-0.8961268977540449,0.9494245665405386,-0.6170980407417584,-0.043068232855241965,-0.6524776605228803,-0.037616419308596126,-0.11744107833510409,-0.5503188364755914,-0.08769369048201507,0.02168174553523576,0.2393226317712895,-0.4493013010978144,1.0528521721317694,0.7500661243694152,0.9277297381495857,1.1262418414205018,1.2145428230709998,1.0948707337445296,0.8668940472517047,0.812547149340208,0.33877093340983816,0.22955725815010333,0.2248785601368809,0.005376363791913046,-0.08276908043521311,-0.20290986814557152,-0.2458042474103326,-0.026212321116194662,-0.575262153960805,-0.20266274628732017,0.14656688140476204,-0.588385647130618,-0.5466447838070447,0.28758610933965745,0.42490492060963375,0.9701514869097216,-0.3752774603573335,-0.24594588246711369,-0.17033944722951155,-0.04252184154958386,0
0.09394282876943377,-0.23805395109058358,-0.44053987252157834,-0.014230995362577327,-0.3069030810084141,0.05693213873418239,-0.4650593795697852,0.2189446957792936,-0.4243025120011519,0.07329251386897835,0.6022288974365286,-0.09485672019849344,1.009151220391794,0.3808836243995613,-0.4457328822627994,0.118821045989843,-0.019828116653620186,-0.17415270043500705,0.41762807618888115,0.004687904662615807,0.36329909259779347,0.3589088638086727,0.4572602991876969,0.6276199659888511,0.3864942259475715,0.5771227576010033,0.6721503100731449,0.46136243618918005,0.40787837733691695,0.343736132033726,0.2674225320421407,0.18247711730442612,0.18024957105765502,0.008636890096743503,0.13249265606171334,-0.1139960939215317,-0.16199421031289643,1.2397021841530442,-0.4405398725215788,0.9649947814568886,0.13426298690610441,0.38743412741868855,-0.4914286895245336,-0.17992572802787923,-0.0924824624861039,0.0737991889818308,0
0.3974424824491109,-0.23805395109058358,-1.0771693402343703,0.14137036424201882,-0.3069030810084141,0.0028397611231767853,-0.06991415456754745,-0.012373929961766528,-0.4243025120011519,0.18965326059319867,-0.46920591610184315,-0.45737862583451877,-0.18641611703266947,-0.5875669349105975,-0.3280914335348274,-0.01272175670910438,-0.24849054173442287,-0.14497027309198204,0.2973672036560043,1.3415403391974825,1.2099450609254818,1.4656391199795797,1.349460973877795,1.0481456569689616,0.7982655013511145,0.7183773926445265,0.37210887107616886,0.16872894901928162,0.03425375055351038,-0.05746187888156668,-0.18082273192887227,-0.2867764660155192,-0.3523177020273294,-0.5014288376562592,-0.483870391705645,-0.12425398573536119,-0.25693608468756063,-0.7876003466935814,-1.077169340234371,0.400770088683154,0.21231523765334198,1.2657660091766074,-0.4425476095231868,-0.6835026748250866,-0.5443511885987373,0.19012021951324545,1
-1.6881448812984126,1.3464806566277514,1.8447966782422909,1.3453925351630214,1.8431235241010433,2.923828152117477,0.3611533636167117,-1.7168269617380039,0.3468796029612744,1.0041784876627413,-0.9908254963771029,0.057784082174557015,-0.6462497083497709,-0.9600479192606586,2.7169466451341284,-0.48627584642531496,0.3612759251477176,-0.7911525928303932,1.2286180627567431,0.4120808587533766,0.18068917786044894,-0.010001221581629706,-0.004072732603280737,-0.3162265848776196,1.1070939579037715,-0.4775785173906338,-0.5835786753586435,-0.6483432033595913,-0.6214955944132848,-0.6616757507419471,-0.6570833248980734,-0.6501983901186259,-0.6851722477054447,-0.2986697905991648,-0.7559202886512376,-0.7551143322858739,-0.36374569335905754,-0.6997115086510975,1.8447966782422904,-0.537297494958449,0.10499339287589038,0.10936107780509607,1.3472491541642717,-0.7504673829115913,1.3639647468273055,1.0043674332331491,1
1.0148178463445205,-0.6837043095113653,0.09814660015847687,-0.6034011919236701,1.1264479890645573,0.26248317365600343,-0.9559973863907474,-2.3133855228596873,-0.809893569482365,-0.5085112197521235,-1.202292893785992,0.36306568692065794,-0.002482680505828729,-0.7613913942739594,-0.31530431954265653,-0.5065132006866915,-0.4771529668152255,0.10516481841966109,-0.6493017160258727,-0.4057227750140025,-0.3173378623323089,-0.3051292898938716,-0.25650024056438153,-0.341925377104182,-0.7115625084618761,-0.5270176396558668,-0.5057901541372052,-0.5727188190347862,-0.6062456096466152,-0.5940037970935844,-0.48899135090894363,-0.4465223667201815,-0.4588311566443263,-0.13392806486527592,-0.2118204947600523,-0.28068683589626064,0.40765703593508823,0.12644356894824987,0.09814660015847661,0.1833871937520631,-0.5086410784593002,-0.36536890362199526,-0.30769286222524006,1.8944991105804059,2.2520904220373197,-0.5078059636752432,0
0.7242882633349143,-0.23805395109058358,-0.8567976014107116,-0.41531993686762897,-0.3069030810084141,-1.068189315574733,0.5527389272541604,-0.5115351749819503,-1.0026890982229715,-0.6248719664763439,-0.4410102631139913,-0.6290995285041836,0.22513494719613614,-0.8629534825458512,0.24199069300872356,0.2926651492204548,1.4445428368308324,0.1998304581567014,0.7579538175408321,1.0237738350066892,1.2248858721312645,1.40513786597557,1.6911085493079054,1.6719254319227923,1.7899479896146466,1.9755436445318795,1.563384510353051,1.270214546793618,1.0758277101170477,0.8222735185471471,0.6134118451697661,0.3877505997099172,0.32404273479060064,0.9476647267799111,-0.4500766935694346,-0.6477270273598466,-0.7577544720139135,-0.946268995639612,-0.8567976014107123,0.6027194393995549,1.4774970787173247,1.440655231676463,-0.3386998388361526,0.1818471686929375,-0.6153424946347037,-0.624126994206658,0
0.43116466619129606,-0.6341876030201673,-0.2283300499506477,-0.07541405423622947,-0.665240848526657,-0.4839916373758732,0.37312746134405195,0.17024603772854394,0.9252661891830941,-0.7412327132005644,-1.0754124553406588,-0.22841742227492953,-0.5082996309546409,-0.5047933828328062,-0.4755694815778647,-0.2948060218511734,-0.3628217542748242,-0.5618620922780537,-0.46396173260415147,-0.5113431705190146,-0.4866670559978466,-0.4408882013175029,-0.38706619295805444,-0.15969757767946732,-0.31694836953348077,-0.03733490483832092,-0.02794638091979896,-0.10253242953708462,-0.14112107426319065,-0.2749788727513035,-0.3349070414189079,-0.3526716500561924,-0.3789460656815787,-0.42222608489958174,-0.6198953401784413,-0.29992038304719093,-0.6011003792957178,-0.6493219081734068,-0.22833004995064693,-0.040843996771029026,-0.7155822432694102,-0.42953960737897784,-0.3929850120560386,-0.15255939746473846,-0.48559404331226436,-0.7404480247380727,1
0.20029740826402045,-0.8817711354761572,-0.4976732862906753,-1.2560204865759577,-0.08791888974726575,0.9007732294658691,-1.3152203182109632,1.7651270888905948,-0.809893569482365,-0.7412327132005644,1.1379463042057145,0.09594428276781285,0.5263259495088373,0.45951849887346313,-0.4730120587794306,-0.05117272980571974,-0.4771529668152255,1.1140430208499543,-0.8352435266343978,-0.7708675709027584,-0.680897601673022,-0.6120624809386033,-0.513279946938605,-0.08260120099978036,-1.020390965014533,0.03564665660083266,0.10540536974552356,0.0372082806283163,0.10287868200352372,0.07546517292771719,0.015284571058445892,0.012747097805722548,0.06042193461353341,-0.21313081762195332,0.2812699434538343,-0.6910025084494397,0.9298373449957406,0.9350208789391004,-0.49767328629067464,0.6801205881572799,-0.38129266934538597,-0.5700194179104127,-0.4833488517004205,-0.943313550215597,-0.2173077452108114,-0.7404480247380727,0
0.6309037545103985,-1.0303212549497511,-0.7506926901252471,-0.7952591790089489,-0.46616431101652206,-0.3108960290206554,0.9478841522563977,0.06067405711435744,-0.6170980407417584,-0.7412327132005644,-0.39871678363221336,0.15318458365771015,1.6069348891040263,1.3783049269369472,-0.784165165922255,1.4443677501100052,-0.6295945835357606,2.256326605419791,-0.9413197834326276,-0.8191511802764782,-0.6692769707351911,-0.5471343059099101,-0.4523491691548909,0.662663773570527,-1.071862374439976,1.5305915441447826,1.5833872729528498,1.5053077415424685,1.544002242453806,1.6246695403777325,1.5141046724615201,1.5403172732940553,1.5249819355972407,0.5472156088421497,1.7690428173750443,0.07833937758777094,0.8111600020274105,2.3060867524018476,-0.7506926901252475,1.4627960115274417,0.03977868336997481,-0.28262052207608224,-0.5898936109826817,-0.9029035522954136,-0.9598081722037617,-0.7404480247380727,0
0.2755238181504377,0.009529581365406346,0.3430040877403192,-0.5784747605307008,-0.2670877735063871,-0.3325329800650576,0.4689202431627763,0.6207086246979782,-0.6170980407417584,-0.3921504730279032,-1.0190211493649548,0.7828278934465535,-1.0600999405351623,-0.4799613172094688,0.023127964116799123,-0.4882995818514526,-0.5533737751754931,-0.3409094281094357,0.18327355535558262,0.2159286956726399,0.09602458102768019,-0.17084601881180153,-0.28261343104311615,-0.6526471376617082,-0.025277049455971298,-0.8283608610820486,-0.6947051342464123,-0.6943754372964293,-0.5986206172632804,-0.6326734848926489,-0.5310143444062261,-0.5204048457960878,-0.4987737021257001,-0.8657615003369752,-0.37972629053116025,-0.20695823848436126,0.4966650431613358,-0.5965886053479166,0.3430040877403204,-0.49600739103009095,-0.4824524943270033,-0.05369320175272782,-0.12991054039428504,-0.20311388139603445,-0.45543558645374654,-0.3914849331438284,1
1.8734365247032645,-0.6341876030201673,-2.481018935703605,-0.8911881725515884,-0.505979618518549,-0.8734567561751132,-0.39321479320574193,-1.3150630328193194,-0.809893569482365,-0.7412327132005644,-0.4410102631139913,-0.1902572216816737,-1.7038669683791046,-0.7158659406311741,-0.006708635198266234,-0.9248193132693442,-0.6638939472978811,-0.8745309566676075,-0.7812803146004146,-1.0696224039026496,-1.1756044615978283,-1.2126480999540157,-1.2805725271720894,-1.5731311501403948,-0.9174481461636474,-1.5299255484648788,-1.2725627204628105,-1.1957979855369851,-1.1628700536300576,-1.1063771604311872,-0.9932672728763331,-0.953715601457484,-0.9647700660750614,-0.9671410238655224,-0.6411492383773156,-0.5179005840910673,-1.0461404154269558,-0.8895513988228625,-2.4810189357036063,-0.2731546097516164,-1.1267430141464705,-1.2804860676950478,1.00092598275053,0.07710776715639435,-0.502888754548896,-0.7404480247380727,0
0.975907634334304,-0.8322544289849592,-0.8404737689052558,-0.6615628651739318,-0.6453331947756435,-0.667905721253292,0.6964280999822464,-0.1828192331393909,0.7324706604424877,-0.7412327132005644,-1.4419559441827332,0.17226468395435163,-0.6922330674814808,-0.6620631317806097,-0.7060785231433983,-0.4632052625673458,-0.7774629517546797,-0.33173780808734216,-0.3141069117676988,-0.5046438197184108,-0.5771087664968514,-0.7209647381458205,-0.8082719553800432,-1.0231769964919613,-0.5880311258408132,-0.8693247052446704,-0.7702711262900952,-0.741722877917177,-0.6413205746099554,-0.5756356953890289,-0.4973959496084001,-0.45810394452126946,-0.4721453384714509,-0.6123126915156075,-0.4766440663180277,-0.1454108876013846,0.01127471042086521,-0.25768924585609926,-0.8404737689052564,-0.5425901123849188,-1.1304813061559433,-1.6276888027861742,-0.5296425916774946,-0.43360934047290084,-0.797659161506843,-0.7404480247380727,0
-0.053915976869385,0.20759640733019827,-0.6690735275979648,-0.044444851596479415,0.03152703275881521,-0.3541699311094598,0.9718323477110793,0.462437986033042,-0.23150698326054528,0.07329251386897835,0.1792941026187502,0.13410448336106867,-0.30137451486194483,-0.3061368578461069,0.9267506862302072,-0.37497039798774406,-0.16464765253812855,0.20104993683245748,0.9017551784366163,0.6444457288644032,0.5625099086748966,0.4769600911335693,0.47031689442706404,0.034211490939139076,0.4379656353730144,-0.19742349122098007,-0.21686136102900622,-0.4592822425475785,-0.5299956858132668,-0.4514093233345347,-0.3629223704170963,-0.40658589154401586,-0.3789460656815787,-0.12125562442420751,-0.3627231719720607,-0.14284641464792705,0.6509455890201651,-0.44073239921924534,-0.6690735275979666,0.2047994819892985,0.019238617383859652,0.48927828932135187,0.21636191413525702,-0.9864223123954551,-1.0561698878058785,0.0737991889818308,0
0.6101516414382843,-1.0303212549497511,-0.2854634637197447,-0.9720102379772768,-0.705056156028684,-0.5597209660312809,1.043676934075122,-0.6698058136468865,0.7324706604424877,-0.7412327132005644,-0.14495590674154632,-0.4192184252412358,0.664276026903968,1.4900492222419655,-0.7558630202862501,2.324692660479884,-0.917709239137572,-0.10745000936523551,-0.9189327594688151,-1.2211122283126954,-1.2685695091004763,-1.2096968192708932,-1.153053113667602,-0.29286404648983577,-0.9980866875968414,0.8596320276880492,1.6278378565079572,2.1218108746251194,2.2302515569539403,2.4947375158566802,2.6767408258863346,2.758379766167105,3.0561128457165707,-0.4792520668843894,1.917820104767165,1.418276495769246,-0.9155953381617926,1.837346282841934,-0.285463463719745,0.6986205881662682,-0.4074812534776829,-0.7306830241910155,-0.58836878247582,-0.21034418974902744,-0.5788893462956128,-0.7404480247380727,1
-0.17583464116805825,-0.4856374835465734,1.0286050529694801,0.019759592900562516,-0.48607196476753556,-0.018797189921225456,0.04982682270585748,0.03632472808898314,-0.23150698326054528,-0.3921504730279032,-0.8498472314378437,-0.4192184252412358,-0.23239947616437945,0.08703751452340203,-0.31700926807494595,-0.30413965807292626,-0.6524608260438409,0.22606344598362182,-0.464284989052216,-0.33631508653928016,-0.32729840313616393,-0.2564331586223517,-0.2956700262824835,-0.33258036174906846,-0.3684197789589237,-0.34574085801667903,-0.27242459047289047,-0.36064174125435433,-0.346995868613231,-0.33540025993734157,-0.3349070414189079,-0.3227192936740683,-0.2857467928917063,-1.0273351159605972,-0.27133140971690073,0.5777704852735934,0.478863441716086,0.9291616230696018,1.0286050529694792,-0.16475644923519703,-0.5635857549721581,-0.3216262439675811,-0.3818216989488898,0.4802916440318123,0.32164712147176,-0.3914849331438284,1
1.0355699594166348,-0.4856374835465734,-1.5913700641562416,-0.35413687799397714,-0.784686771032738,-0.47317316185367203,-0.22557742502297481,-0.21934322667745237,-0.4243025120011519,-0.6248719664763439,-0.5537928750653988,-0.28565772316482685,-0.1404327579009595,0.0125413176533898,-0.6673761914604277,1.027478252325649,-0.004583954981566675,0.5262255557975932,-0.806565933953481,0.626339375349258,0.7285189220724825,0.6097677218740782,0.47466909284018655,0.4874447356621476,-0.8831338732133522,0.4123256833835601,0.33877093340983816,0.841128366168093,1.284752501420422,1.329813170909867,1.1779207244832606,1.1429493452912078,1.0323572079936298,0.284262469689981,0.053853232725877935,-0.45154484642035786,1.377844314701187,0.7826802263321289,-1.5913700641562425,0.6025243423826863,0.5743339006586219,0.8019161816737107,-0.570550646618173,-0.41411459134274986,-0.6146812120648423,-0.624126994206658,0
-1.3846452276187355,0.35614652680379205,1.9509015895277568,0.9918904172263656,0.3102341852730043,3.2483824177835103,-1.1356088523008552,-2.3377348518850614,0.3468796029612744,-0.043068232855241965,1.011065865760381,-0.5336990270210304,3.2393441382797366,-1.3697770020457258,2.069066202864138,-0.7918598957721005,-0.9573440594849111,-0.9674978323461014,0.8061632028335604,-0.8312220826199082,-0.7672222886397668,-0.821603409440295,-0.7482986612472161,-1.0755090824805975,0.3864942259475715,-0.8471948124211851,-0.8502821766892887,-0.7995919720092016,-0.8502453659133296,-0.7583499702396079,-0.8111676343881091,-0.7500395780590398,-0.8049998841495662,-1.1445551900404798,-0.7644218479307874,-0.620479502229362,-1.5511125097572005,-1.114546824211621,1.9509015895277586,1.4286134428867536,-1.1758337718532856,-0.8432075004559992,2.5885181394292727,0.1193768852389563,3.8144464959258886,-0.04252184154958386,1
0.43116466619129606,-0.28757065758178146,-0.7180450251143339,-0.5648785252254448,-0.1874571585023332,-0.7111796233420965,-0.35729250002372054,0.2798180183427304,-0.4243025120011519,-0.6830523398384541,0.3766636735337136,-0.9725413338435674,-0.1404327579009595,-0.49651602762502706,0.5133006671500158,-0.19485794506149307,-0.4161763201270115,0.5554079831406183,-0.7294756310477907,0.35172634703622685,0.2885950365688798,0.07853719891204282,-0.16945627230193294,-0.3536066462980739,-0.41989118838436645,-0.34103237018189503,-0.18352342336267552,-0.22912107286338884,-0.22499599047987381,-0.1396349654545784,-0.09677674493430728,-0.1370146841048983,-0.125976610966211,-0.21313081762195332,-0.1650619187225286,-0.6653577789148659,0.8883002749568253,-0.3774524358286572,-0.7180450251143344,0.32239936186385226,-0.1455954121547146,0.1819694519522705,-0.0993663979243574,0.24302780264402238,-0.31821507653535447,-0.6822875094723654,0
0.4130065672531975,-0.13902053810818757,-0.08957747365426995,-0.6668502900148648,-0.5657025797715896,-0.9491860848305209,1.486718549986722,-0.13412057508864125,-0.6170980407417584,-0.7412327132005644,-0.9203363639074733,-0.38105822464797995,-0.3703495535595102,-0.6827565198000576,-0.5906535075074025,-0.2656886849763109,0.38414216765579784,0.30694045890571964,-0.6585525523745556,0.27115307389383186,0.18766155642314758,-0.061648633536271986,-0.17772544928686576,-0.5615332379493511,-0.2997912330583332,-0.6776892503689578,-0.5391280918035358,-0.40338595848141817,-0.38512083052990514,-0.2943137166508357,-0.22284572542615477,-0.23286222452769575,-0.23249006558320798,0.2969349101310494,-0.4689926629664328,-0.5448275501023697,-0.7435131908577141,-0.9399409993005532,-0.08957747365426909,0.009339782907361966,0.3137831636247511,0.07079944382886985,-0.501963903246416,-0.3042102804178896,-0.887968069161614,-0.7404480247380727,0
0.8721470689737331,-0.8322544289849592,-0.6364258625870531,-0.7416295841937727,-0.784686771032738,-0.6787241967754931,-0.11781054547690964,0.24329402480466897,-0.6170980407417584,-0.8575934599247846,-0.8357494049439177,-0.3619781243513385,-0.5082996309546409,-0.5958442901183767,-0.6588514487989805,-0.7817412186414122,-0.6829491493879479,-0.8495174475164431,-0.4013176296388481,-0.8342398082057656,-0.7821630998455495,-0.707979103140082,-0.6438458993322779,-0.526489430367675,-0.9174481461636474,-0.5270176396558668,-0.49467750824842827,-0.43791013393404665,-0.484245731513258,-0.545666687344754,-0.5730373379035085,-0.594287324871994,-0.6319155203969463,-0.7928949678008319,-0.7091617126137139,-0.4185272571445942,-0.8740582681228771,-0.9047854640835596,-0.6364258625870525,0.06327359708089847,-1.0580878435878804,-0.7686007306900955,-0.18306476195147667,0.09293666866076403,-0.41185182705842754,-0.8567690552694875,1
0.929215379922048,-0.9808045484585531,-0.7262069413670618,-1.0611411138672884,-0.5457949260205761,-0.570539441553482,0.04982682270585748,-0.3776138653423896,-0.23150698326054528,-0.6248719664763439,0.16519627612482424,0.03870398187791554,-1.0830916201010174,-0.2854434698266591,-0.6000307244349946,-0.5044894652605538,-0.7881338649251172,-0.5493553377024716,-0.8269177739205833,-1.0575515015592196,-1.0909398647650592,-1.1123045567278533,-1.1704619073200917,-1.2016667897746305,-0.9002910096884998,-0.9131136421081625,-0.7724936554678504,-0.6730033286828974,-0.5833706324966107,-0.550500398319637,-0.43296069291256695,-0.36864624012665864,-0.3523177020273294,-0.7928949678008319,-0.3202153755743119,0.20335743406881762,0.004154069842765554,0.1147250572092521,-0.7262069413670624,-0.28376495410794306,-1.0375477776017654,-1.1072177660859395,-0.46978648045455873,0.11410992763323542,-0.3105919537646164,-0.624126994206658,1
0.1769512810578906,-0.33708736407297946,-1.1424646702561951,-0.517291701657049,-0.3865336960124681,-0.9491860848305209,0.44497204770809523,-0.8159017877991356,-1.0026890982229715,-0.6248719664763439,3.872924644027348,-0.32381792375808266,-0.07605605511656502,-0.8367153266647495,-0.6059980442980075,0.1982155255076834,0.8285082304056492,-0.04118942255104769,0.7418636302521271,0.5892213506432112,0.7965826175654926,0.8709560623304126,1.0874586294078246,1.0504819108077403,1.2237624859347753,1.1845176882881514,0.8166147066272444,0.5731550043215007,0.4612533240202606,0.25890450442452856,0.09232672580346381,-0.01520843481759346,-0.05141719273431326,0.873214139188634,-0.5208521745716864,-0.5656638928492107,-0.8823656821306604,-1.0592354488035511,-1.142464670256195,0.49557652271751995,0.8763365254073786,0.8873142877807539,-0.5391927560870553,0.11866793646394445,-0.571503177860956,-0.624126994206658,0
0.8098907297573867,-0.03998712512579167,-1.1587885027616525,-0.31334817207820914,-0.46616431101652206,-0.8085459030419065,-0.39321479320574193,0.2676433538300433,-0.6170980407417584,-0.3921504730279032,-0.5960863545471766,-0.4382985255378773,-1.313008415759568,-0.5420414812678123,-0.29228751435674893,-0.04712525895344452,0.5442058652123597,-0.44096346471409287,0.1524374341933065,2.889633564742373,2.3421265322970175,2.3805361317475304,2.3591710057221986,1.9709659232864265,0.21492286119609538,1.3893369091012597,0.7499388312945832,0.2920295756358118,0.01137877340350588,-0.04779445693180059,-0.13879973843158977,-0.20690351566318815,-0.23249006558320798,0.607409700937225,-0.37335012107149795,0.07833937758777094,1.9801318302654618,-0.2133932714826874,-1.158788502761653,-0.3333622202048253,1.0513769331861464,2.4276480248364884,-0.42613317866021255,0.07879072227401981,-0.49795729737624445,-0.3914849331438284,0
0.42338262378925273,-0.6837043095113653,0.12263234891666068,-0.34960479955889173,-0.5457949260205761,-0.4407177352870687,0.38510155907139276,-0.3289152072916399,0.7324706604424877,-0.5085112197521235,-0.34232547765650956,0.5157064892937083,1.3310347343137647,2.263981934169315,-0.5701941251199292,1.8592335124682238,-0.5609958560115198,-0.27837565523152497,-0.5629605767714996,-0.24880104454941307,-0.0899055139776161,0.004755181833982339,0.16566300550849397,1.305133579234585,-0.6086196896109903,1.612990081253504,1.76118960717328,1.7436889530010935,1.467752318620458,1.4554896562568262,1.7662426334452148,1.7599678867629658,2.1108059359907236,-0.23530758839382282,1.4927421407896764,1.286847256904556,-0.12045714027398094,1.321731766326029,0.12263234891666053,0.9712933496593376,0.05826474275747828,0.292029240287488,-0.5663563970030498,0.24790358669378557,-0.1500711352129021,-0.5078059636752432,1
1.0018477756744495,-1.0303212549497511,-1.20776000027802,-1.1495166433514523,-0.5457949260205761,-0.6354502946866888,0.22943828861596594,-0.5845831620580755,-1.0026890982229715,-0.8226852359075185,0.24978323508838,-0.9725413338435674,0.18145075602101118,2.2432885461498673,-0.7611483607363474,2.1627938263888717,-0.6677049877158944,1.1724078755360043,-0.913567274386579,-0.6501585474684589,-0.7439810267641048,-0.46744972746560476,-0.2956700262824835,0.6042574276010672,-1.020390965014533,1.3775656895142994,1.6056125647304034,1.5957282010612575,1.772752013953851,1.9630293086195456,2.060403587926192,1.7999043619391315,1.644809572041362,-0.21313081762195332,2.321644170545779,-0.054436209577484414,0.4551279731224201,0.3725323154672044,-1.2077600002780209,0.6914126622741701,0.03977868336997481,-0.22030018463273754,-0.5885956228876044,-0.17622775270451524,-0.5632373171190543,-0.8218727461100632,0
-2.318490315863893,2.534881612416503,2.2202448258677845,2.677823595078108,4.510749126736851,2.4586337046628297,-0.09386235002222854,-1.1324430651290085,0.7324706604424877,3.3313934221471486,1.7582506699384561,2.8434787254827754,-0.23239947616437945,-1.022128083319002,3.526797197971617,-0.5935338240106105,-0.4466646434711185,-0.7369566563362038,1.3026247535462059,-0.27897830040798793,-0.34555939460989854,-0.29184852681982076,-0.21733045484627972,-0.41434924610631213,1.673279461583643,-0.7200656408820145,-0.5724660294698666,-0.7108155208453001,-0.6672455487132938,-0.707596005003336,-0.7411293118926383,-0.7380586355061901,-0.7517431568410677,-0.9829815744168577,-0.8196819832478609,-0.3832657540345554,-1.3843708428866968,-1.1098594195160216,2.220244825867784,-0.39096769892255184,-0.6226384446822391,-0.3621122589099917,2.3018177387993766,-0.24579281059848856,1.626832056872723,3.3307880438614443,1
0.9240273516540204,-0.6837043095113653,-0.9465786801907218,-0.8775919372463324,-0.6254255410246301,-0.570539441553482,0.49286843861745744,-0.00019926544907938006,-0.809893569482365,-0.671416265166032,-0.7793580989682138,-0.11393682049513491,-1.0600999405351623,0.6623137014640519,-0.7372790812842952,-0.8465007522778171,0.27743303595142327,0.021786454582446765,-0.8728635944523746,-0.3182087330241354,-0.5696715626966395,-0.7596265150947242,-0.9136822009458685,-1.241383105033863,-0.9517624191139428,-1.3015638884778504,-1.1058730321311572,-1.0626333087911326,-1.0027452135800263,-0.9444478427726052,-0.7831523053899208,-0.7041126316064494,-0.6851722477054447,1.028768345602749,-0.014159241510520094,-0.6557410053394008,-0.0907878045318982,0.20847315112123466,-0.9465786801907222,-0.21601673144083086,-0.17486500618492865,-0.6978427228565596,-0.4824966604994594,-0.520487078261345,-0.7993136763423249,-0.6706554064192238,0
-2.19657165156522,1.9901978410133252,2.285540155889608,1.7260871237101887,2.5996143666395555,3.432296501660929,0.20549009316128486,-2.2038135422455003,0.15408407422066794,1.236899981111182,-0.39871678363221336,0.07686418247117137,-0.5772746696522055,-0.8648583343711985,3.4415497713571446,-0.6967443307436307,-0.8658790894525901,-0.8703620384757467,0.7136548393467319,-0.725601687114896,-0.6991585931467565,-0.6887957786997863,-0.5785629231354414,-0.7250710066638384,0.729636955450524,-0.9036966664385943,-0.8391695308005118,-0.8702843312693457,-0.83499538114666,-0.8936938775363332,-0.8391829633862974,-0.8458871184818371,-0.8582566114580646,-1.2871201450024992,-0.6985347635142767,-0.6493298229557574,-1.2656934999183667,-0.41729537574124975,2.285540155889608,-0.5737273800245104,-1.0570608402885748,-0.7517253899097124,2.980184647624046,-0.6235511478796129,2.06374920000757,1.2370094942959784,1
0.8202667862934456,-0.18853724459938556,-0.3099492124779285,-0.7620239371516566,-0.3666260422614546,-0.5380840149868786,0.18154189770660376,0.4380886570076666,-0.6170980407417584,-0.5085112197521235,-0.9062385374135473,1.5460319053118328,-1.1980500179302926,-0.5668735468911497,-0.15589163177359303,-0.4680622275900761,-0.1722697333741553,-0.18249053681872845,0.05992907070647813,-0.26690739806455804,-0.3057172313944778,-0.47630356951497194,-0.5524497326567068,-0.7764685911169631,-0.2311626871577427,-0.9272391056125148,-0.7502683636902968,-0.7025954790708646,-0.61387060202995,-0.6205892074554412,-0.5029990154080378,-0.47048425182588083,-0.43220279299007713,-0.270156799606761,-0.3669739516118356,-0.3031259742390126,-0.7850502608966295,1.0873615315460723,-0.30994921247792895,-0.448348398053641,-0.32532098953322225,-0.41851142414969295,-0.24031972795857123,-0.1429813039409295,-0.5106566436850423,-0.5078059636752432,1
-0.27181316412658596,0.7027634722421778,0.30219450647667956,0.2712899460477983,0.11115764776286925,0.2408462226116012,0.38510155907139276,-0.3654392008297014,-0.23150698326054528,0.3060140073174192,-0.5537928750653988,-0.15209702108839074,-0.0944493987692495,-0.2564727265994321,0.19362281734574402,-0.4316349899195984,0.32316552096758383,0.00511078181500366,0.026009337427974392,1.0065727991673017,0.7119180207327239,0.4179344774711211,0.1439020134428818,-0.3349166155878468,0.4722799083233097,-0.5835194936732759,-0.5724660294698666,-0.5809388608092216,-0.5604956553466062,-0.46591045625918376,-0.4189530284134729,-0.37263988764427525,-0.3523177020273294,0.1987234967127692,-0.2075697151202774,-0.46661112502191987,1.5054224583921418,0.6010432943776624,0.3021945064766782,0.07771641030673573,0.35558219790649537,0.5550773154343357,-0.08370446716842012,-0.21287187343999958,-0.05497212564573793,0.30644125004466044,0
0.659437909984556,-0.8322544289849592,-0.15487280367609488,-0.8013019502557295,-0.5856102335226031,-0.4948101128980743,0.5647130249815007,-0.4506618524185136,0.7324706604424877,-0.6248719664763439,-0.34232547765650956,0.40122588751391375,0.5263259495088373,1.7880340097220144,-0.6400970149437966,1.596147907070329,-0.7637432062498315,0.046799963733610825,-0.7171411825828802,-0.613945840438169,-0.5082482277395327,-0.4615471660993599,-0.3522486056530751,0.5808948892132829,-0.7973481908376141,1.0479715410794128,1.3055711257334275,1.4148872820236797,1.3381274481037657,1.3104783270103348,1.5421200014597085,1.6601266988225518,1.8711506631024803,-0.42222608489958174,2.746722134523268,0.8797371755431986,-0.2984731547264761,1.6967241419739598,-0.15487280367609513,0.5734712481179275,-0.23443119754466274,-0.16678759084231243,-0.5722681155091317,0.051163411305446625,-0.3339228665580364,-0.624126994206658,1
0.42338262378925273,-0.4361207770553754,-0.5629686163125003,-0.35413687799397714,0.03152703275881521,-0.2135297493208454,-0.9200750932087254,0.3041673473681058,-0.23150698326054528,-0.7412327132005644,0.3766636735337136,-0.6290995285041836,-1.1198783074063856,-0.5105875314782514,-0.34070805267376925,-0.5757249522605992,-0.6992604023770452,-0.5426850685954944,-0.4752009759436618,-0.6612034231126973,-0.8231341243520737,-0.8720703091216885,-0.9702607803164601,-1.1231686607916764,-0.7252882176419941,-1.0298841404108081,-0.8369470016227565,-0.7479701096657478,-0.6931705228166323,-0.6882611611038038,-0.6430756603989793,-0.6354218943034446,-0.6345783567623712,-0.8176062266609152,-0.5816383234204673,-0.5832946444042301,-0.5560029889677525,-0.6842430731556204,-0.5629686163125007,-2.6437838430692215,-1.8170432817748357,-1.6276888027861742,0.04086670518911206,0.2956520065662732,0.1270635204922137,-0.7404480247380727,0
0.4856389630055954,-0.6837043095113653,-0.9955501777070894,-0.39114885188050724,-0.24718011975537363,-0.4082623087204653,-1.4828576863937308,0.9615992310532259,0.15408407422066794,-0.7412327132005644,0.7432071623757881,0.191344784250966,0.33319584115565554,0.7563444566244231,-0.5228818033488969,-0.09549253563813442,0.2586064962864372,0.9030957603418023,-0.8762864039013873,-0.024885806078787473,0.22152739515625497,0.2541383995578267,0.40764523727810115,0.5505235893091641,-0.8145053273127617,0.4641190495661853,0.07206743207919288,0.1177646900177827,0.19437859060354157,0.1745562479128194,0.07131522905482256,-0.0012306685059354557,0.033793570959284314,0.6485951323706969,0.08148330038441466,0.46301032060637626,0.817093869175827,0.7440091375934358,-0.9955501777070901,-2.6437838430692215,0.35630110021600936,0.25672425102326507,-0.49508893998766007,0.3174466962830942,0.0077271743179338276,-0.7404480247380727,0
0.4130065672531975,-0.6837043095113653,-0.35892070999429754,-0.5029401199459453,-0.665240848526657,-0.375806882153862,0.2653605817979873,0.24329402480466897,-0.03871145451993881,-0.15942897957946245,-0.15905373323547228,-0.22841742227492953,0.6412843473381127,-0.4261585083589044,-0.6827207282510328,0.292862292637681,0.31554344013155705,-0.17832161862686782,-0.8429525569249668,-0.6652471753977464,-0.4866670559978466,-0.43498563995125816,-0.27390903421687135,0.097290344586156,-0.8831338732133522,0.5535803184270829,0.3165456416322844,0.6093231881290163,0.7281280574369796,0.5975059582150857,0.5475758220240238,0.3482134892855132,0.32670557115602555,0.6390908020398959,-0.4349864258482338,-0.4922558545564936,0.15843461570159478,-0.07277113061471324,-0.35892070999429676,0.707725965121513,0.1409385083515916,-0.31940580439121546,-0.5614573461808644,-0.279641124408861,-0.5084757315363624,-0.15884287208099884,0
-2.6297720119456134,1.9901978410133252,1.4040532005949737,1.542537947089233,0.9074637978034089,1.4849709076647288,-0.05794005684020717,1.2781405083830981,1.503652775404914,2.167785954904945,3.435892022715643,-0.20933732197828805,1.629926568669881,-0.8979677552023151,1.310364105995333,-0.5874626177321975,1.3369022721591424,-0.5368485831268893,1.5801498440066908,0.6353925521068308,0.47950540197610364,0.22610123306816376,0.3310465452071465,-0.25548398506938147,1.3301367320806903,-0.486995493060202,-0.6724798424688585,-0.6746473370377845,-0.659620556329959,-0.6447577623298564,-0.6570833248980734,-0.5783127348015278,-0.5653446112613232,1.0382726759335499,-0.6794062551352896,-0.84166529446506,-0.7375793237092975,-0.9458002551700522,1.4040532005949729,0.7522981810321524,0.8603543195152752,0.3704847719857598,0.8081810773959099,-0.8379704815757903,0.04010132145020233,2.167577738547297,0
0.8358308710975323,-0.7332210160025632,-0.5303209513015871,-0.9032737150451494,-0.5457949260205761,-0.8301828540863087,0.15759370225192265,-0.036723258987141905,-0.6170980407417584,-0.671416265166032,-0.3846189571382874,-0.23604946239359154,-0.45311959999658835,-0.32683024586555476,-0.40396164322170786,-0.5975812948628858,-0.7523100849957913,-0.2075040459698928,-0.7519859994962522,-1.015303343357215,-1.0842995042291559,-1.122634039118782,-1.208326033514257,-1.334833258584999,-0.7115625084618761,-1.1014531554995264,-0.8725074684668426,-0.7995919720092016,-0.7587454573133117,-0.6858443056163622,-0.5870450024026027,-0.572322263525103,-0.5919729749155724,-1.2269260529074242,-0.38610245999082266,0.1392456102323834,0.7636890648400786,-0.6340878429127097,-0.5303209513015865,-2.6437838430692215,-0.9928731340819649,-1.132086689341241,-0.31473483329774443,0.23393060220012132,-0.419460171921862,-0.6706554064192238,1
0.042062546089146426,-1.079837961440949,0.9143382254312876,-0.6192634664464688,-0.5657025797715896,-0.3000775534984542,0.5407648295268196,-1.3637616908700692,0.3468796029612744,-0.7412327132005644,0.6022288974365286,-1.1633423368098736,4.319953077874924,3.344176788784492,-0.7270493900905585,3.7210701045148635,-1.0945415145333928,-0.2908824098071071,-0.9123338295400881,0.03788288610704821,1.0024337941784993,1.7607671882918217,2.2068440612629137,7.496206251997326,-0.509108298055134,7.239633043820497,8.239862160330205,7.629238863496799,6.866246926021516,6.724234618879344,7.439346755578347,8.369454528418366,8.115501940023922,-0.21313081762195332,4.425780092234348,0.8880717126419353,-0.6545051836314665,0.7416654352456363,0.9143382254312876,2.3880163881880785,0.5075786862037474,2.4856755124321923,-0.5882096586194261,1.0251963394200008,0.5671382353420906,-0.7404480247380727,0
0.042062546089146426,-0.8817711354761572,1.0286050529694801,-0.43193755779627524,-0.3865336960124681,-0.667905721253292,0.7323503931642683,-0.9985217554894471,-0.23150698326054528,3.3313934221471486,0.48944628548512126,-0.8389806317671313,1.5149681708406055,0.6209269254251563,-0.6989177393077826,-0.9567943330023191,-1.1364629591315398,-0.8536863657083039,0.43612974888624684,-1.2612479786046,-1.3386253127542576,-1.3823467392335547,-1.4642353002058557,-1.6058387038832924,-0.9860766920642378,-1.4993203775387822,-1.2503374286852567,-1.1481217432452602,-1.1781200383967272,-1.147463703717693,-1.0913209243699922,-1.0655377319507477,-1.0979118843463076,-1.4993835223903946,-0.19269198638106533,-0.6685633701066876,-1.7997415432758521,0.8998653437221072,1.0286050529694792,0.7964990708228941,-1.501085716743419,-1.4447985963461458,-0.3006798016622752,1.1180876823230261,0.31287792054654745,3.3307880438614443,2
0.05503261675921734,-0.6837043095113653,-1.1098170052452834,-0.6940427606253768,-0.5657025797715896,-0.9924599869193254,-0.09386235002222854,0.06067405711435744,-0.6170980407417584,-0.7412327132005644,-0.5537928750653988,-7.497935635291617,0.8712011429966634,1.1051522050802356,-0.7193771216952559,3.073474768150815,-0.24086846089839611,0.5095498830301505,-0.8222923557462418,0.5840912171472534,0.36329909259779347,0.6540369321209146,0.539952069037023,0.907970426642258,-0.7801910543624665,1.1421412977750947,1.8167528366171644,2.1711311252717316,2.1921265950372666,2.567243180479926,2.6627331613872407,3.0379350924002644,2.776515027346954,0.2367408180359744,0.34715702787034497,0.007816371367693217,0.9713744150346563,0.20847315112123466,-1.109817005245284,1.1206808821176526,0.8192741875430448,0.8829622262110769,-0.5865830378172324,0.16131791524934846,-0.5729845074643612,-0.7404480247380727,0
0.38706642591305196,-0.18853724459938556,-0.4323779562688504,-0.06861593658360132,-0.3467183885104411,-0.8518198051307109,-1.063764265936812,1.0224725536166626,-0.4243025120011519,-0.15942897957946245,-0.3000319981747317,-0.648179628800825,-0.6002663492180609,-0.28958214743054866,-0.43720813960135213,-0.1847392679308048,0.01828228752651359,-0.5076661557838644,0.48546754274588866,0.3064604632483645,0.6455144153736896,0.6097677218740782,0.7183922039750427,0.6977075811522025,0.12913717882035722,0.5535803184270829,0.3832215169649458,0.11612068166289566,0.05712872770351489,-0.06712930083133278,-0.20883806092706061,-0.35666529757380905,-0.3523177020273294,-0.05472531210859849,-0.5901398827000172,0.30273076101529073,-0.28067155328122656,-0.7172892762595944,-0.43237795626885084,-0.04750113192780187,0.12912797040957563,0.5857193815881903,-0.45386836234217015,0.7858299707308893,-0.03561235243894542,-0.15884287208099884,0
0.23661360614022123,-0.4361207770553754,0.4572709152785132,-0.39492558390974497,-0.46616431101652206,-0.9924599869193254,-0.38124069547840167,0.9981232245912883,-1.0026890982229715,-0.7412327132005644,-0.4410102631139913,-0.32381792375808266,-0.1404327579009595,-0.4468518963783522,-0.5139308235543774,-0.5894863531583352,-0.33233343093071716,-0.04908515467918554,-0.041830129129033077,-0.15841997285114265,-0.20113155295399873,-0.2893653777199251,-0.33185570063595443,-0.3975668944946014,0.06314307663403822,-0.3430443587349904,-0.35207421306484643,-0.31147570519173196,-0.2953856119447893,-0.3178700112477992,-0.28480135114816935,-0.26641986911767096,-0.2635352674996794,-0.32324128903189636,0.06058187262195717,0.16271053775651853,1.32147257679123,1.1006621360565485,0.45727091527851205,0.013779144009544046,-0.4151837782224761,-1.050374512930965,-0.39189382249127036,0.9406279967105752,-0.05860923586643703,-0.7404480247380727,0
-0.18361668357010152,0.7027634722421778,0.1307942651693886,2.159655960666686,0.07134234026084223,0.2949386002226068,0.6126094158908629,-0.28021654924089023,-0.03871145451993881,0.4223747540416395,-0.6242820075350285,0.7255875925566562,-0.23239947616437945,-0.36407834430056085,0.20214756000719128,-0.1867630033569425,0.3765200868197711,0.4136647646173541,-0.038746517012805466,0.8686627398936142,0.7119180207327239,0.4474472843023452,0.28317236266279966,-0.11530875474267799,0.3864942259475715,-0.36457480935581543,-0.39466369524943634,-0.33269359922127417,-0.2859959295465525,-0.3402339709122246,-0.1668150674297781,-0.1030686802051576,-0.07271988365771266,0.38564199321852816,1.216441464204309,0.12962883665691835,-0.7613147923029636,0.43270892780058956,0.1307942651693885,0.03814013805776607,0.5039841746561773,0.5916405537918327,-0.2182797845530138,-0.5243724694877231,-0.3012372182285744,0.42276228057607523,1
0.713912206798859,-0.931287841967355,-0.2936253799724726,-0.7960145254147967,-0.705056156028684,-0.5272655394646776,0.8520913704376738,-1.059395078052884,-0.6170980407417584,-0.6248719664763439,-0.46920591610184315,-0.6290995285041836,-0.8577731603556371,-0.341398391031246,-0.4781269043762989,-0.5623682984480908,-0.7469746284105727,-0.4809850793559559,-0.4235813091180115,-0.7805242927775023,-0.8598553181156198,-0.8756118459414352,-0.878864613640889,-0.9124385645338655,-0.5434225710054295,-0.8537866953898829,-0.6858150175353908,-0.676620147063649,-0.6748705410966287,-0.6607090085469705,-0.6430756603989793,-0.6302301525305432,-0.6292526840315213,-0.8302786671019836,-0.539555604986696,0.0667351374733763,-0.3779869745152571,-0.5895574983045179,-0.29362537997247296,-2.6437838430692215,-1.8170432817748357,-1.6276888027861742,-0.26469720201289737,0.07332659460616447,-0.33267490575574576,-0.624126994206658,0
0.929215379922048,-0.13902053810818757,-1.1751123352671082,-0.40852181921500097,-0.24718011975537363,-0.5164470639424764,-1.0038937773001095,0.5841846311599156,-0.4243025120011519,-0.3921504730279032,-0.003977641802286915,1.1262696987859373,-1.5659168909839738,-0.5047933828328062,0.04870219210114086,-0.5409167029310316,-0.4085542392909847,-0.645240456115268,-0.3656094013329324,-0.0405779791252465,0.047881967142380175,0.13756281257449127,0.0699146404198007,-0.0428848857405479,0.0776657693949143,-0.3810545167775598,-0.4835648623596514,-0.5957349360032053,-0.659620556329959,-0.6858443056163622,-0.6710909893971676,-0.6362206238069679,-0.5786587930884478,-0.6598343431696141,-0.4286102563885714,-0.2582476975535087,2.081007571788543,-0.42432648278464835,-1.1751123352671078,-0.5003156419368416,-0.4506153920485249,-0.03067464481106509,-0.07038290506968153,0.10737292170451772,-0.2475871819186568,-0.3914849331438284,1
0.45191677926341023,-0.5846708965289693,-0.4568637050270342,-0.44251240747814097,-0.705056156028684,-0.4515362108092698,-0.18965513184095292,0.1945953667539193,-0.23150698326054528,-0.6248719664763439,-0.046271121284064784,-0.6672597290974666,-0.7695155251324501,-0.07843712135378117,-0.599209090826918,-0.30497000088068155,-0.7926368334531111,-0.3600381158728122,-0.7183896187024454,-0.7610460827217046,-0.9705534964583161,-0.8681646185288487,-0.9497392143602228,-0.9996273014271965,-0.7387348216476912,-0.8794827291716404,-0.6347284724947384,-0.48547569126340706,-0.397561591155342,-0.41713246359041317,-0.31917243043373167,-0.292327392014187,-0.28084069629715397,-0.867540265761363,-0.24862428830980904,0.27541912406096986,-0.45432071994517137,-0.157299867219025,-0.4568637050270347,-2.6437838430692215,-1.8170432817748357,-1.6276888027861742,-0.47118004099690275,0.07409246793441851,-0.2669715801891801,-0.624126994206658,0
-0.7880219767954402,0.8513135917157719,1.6489106881768176,2.2170622875110992,0.7681102215463146,1.2361459706541034,0.37312746134405195,-1.6681283036872543,-0.6170980407417584,0.5387355007658597,-0.737064619486436,-0.4001383249446214,0.8252177838649534,-0.8814130447867569,1.480858959224278,-0.9618536715676632,0.24694471260731626,-0.7932370519263235,0.8555009966932021,0.06806014196562309,-0.1081665054513507,-0.19740754495990326,-0.32178321676121796,-0.830202429408866,0.30070854357183335,-1.0214088623081967,-1.0947603862423803,-1.167849843503905,-1.1781200383967272,-1.1426299927428099,-1.0913209243699922,-1.0475663181214734,-1.0579693388649338,-0.02304421100592735,-0.7559202886512376,-0.6674734691014683,-0.28067155328122656,-1.1391556988635163,1.6489106881768167,0.26501437959848023,-0.18231078010489535,-0.27011204579588605,5.167376058018367,0.29571969292212363,1.2260654729909453,0.5390833111074899,2
-0.6323811287545781,0.35614652680379205,0.8490428954094627,-0.08221217188885732,0.19078826276692318,0.23002774708940033,-0.40518889093308275,0.7789792633629142,-0.4243025120011519,1.469621474559623,0.5740332444486766,-0.4001383249446214,0.18834825989076798,-0.24923004079262537,0.3211529675609949,-0.7289217240192195,0.11332963555176723,-0.4576391374815358,0.7295971139876286,0.41992694527660596,0.5145333038029942,0.6038651605078335,0.6744350000025062,0.36829578988444917,0.7124798189753764,-0.06087734401224131,-0.46133957058209774,-0.6516312200693656,-0.8426203735299949,-0.8840264555865671,-0.9092212858817683,-0.8998013599696606,-0.9115133387665632,0.05299043164048276,-0.37972629053116025,0.06134974427111584,0.2889796929667581,-0.16183181983109698,0.8490428954094617,0.10834533085981324,0.020727772167852813,0.41926042801327107,0.4471595029415429,0.1395480645474704,0.22319872376981845,1.4696515553588083,2
-1.1563719838254756,1.0988971241717618,0.693966486607629,0.36268686115535226,0.4296801077790851,0.5221265861888301,-1.2433757318469199,1.7894764179159692,1.3108572466643074,-0.3921504730279032,2.012011546829123,-0.4764587261311331,0.5723093086405481,-0.2978595026383278,0.12542487605416608,-0.6238898554026753,0.4984733801961992,-0.5993823560048002,0.9973471540396723,1.5497634046216493,1.5585639890604122,1.6279595575513128,1.614945077078263,0.8846078882544741,1.0041511390528857,0.045063632270400854,-0.4168889870269901,-0.6335471281656078,-0.7282454877799724,-0.7390151263400758,-0.7691446408908266,-0.7979633482704385,-0.8183140659766908,0.18288294616143377,-0.7665472377506748,-0.3441575414943304,0.900168009253658,-1.0899379495597257,0.69396648660763,0.3627041867291841,0.6123330227329349,1.4058017317927682,0.07628840169644761,-0.06412457537255607,0.27796642675974204,-0.3914849331438284,0
-0.8269321888056529,0.5542133527685841,0.44910899902578527,0.3400264689799257,0.7282949140442876,0.37066792887801464,-0.7284895295712772,0.9859485600786001,0.15408407422066794,1.469621474559623,0.39076150002763954,-1.354143339776207,-0.5312913105204955,0.2939713947178804,0.5431372664650811,-0.6744832410561167,0.07163685337870088,-0.720280983568761,0.9264240753664372,0.8526687942885696,0.7617207247519997,0.83111377310826,0.6139394420601044,0.3122256977537681,1.0041511390528857,-0.33396963842971883,-0.46133957058209774,-0.7305436211039448,-0.7587454573133117,-0.7752679586516986,-0.7971599698890149,-0.7879792294763971,-0.84494242963094,-0.5267737185383959,-0.5858891030602422,0.4021040879617638,0.3661199658961725,-0.24620510435188128,0.4491089990257863,-0.2103554523844311,0.050562218012685095,0.6333108031749715,0.4887513871382982,-0.07671082727831866,0.16835182710358934,1.4696515553588083,0
1.0148178463445205,-0.7827377224937612,-0.7425307738725191,-1.1087279374356842,-0.665240848526657,-0.7003611478198953,0.2893087772526684,0.1337220441904814,-1.0026890982229715,-0.8575934599247846,-0.6665754870168062,0.15318458365771015,-0.11744107833510409,2.59921482008437,-0.7580794533782265,0.8736743599391872,-0.12653724835799476,1.8227591134662764,-0.8370936939041342,-0.010400723266671628,0.2968954872387591,0.21134482965255175,0.20048059281347358,0.37764080523956295,-0.9689195555890904,0.47353602523575333,0.8055020607384673,1.0532054439485248,1.414377371937114,1.5279953208800716,1.8222732914415916,1.7999043619391315,1.7113804811769855,1.1079710983594264,3.150546200301882,0.08731503292487178,1.1612581637839843,1.2865762311090354,-0.7425307738725184,0.3444598998471863,0.47933609547283906,0.4362837980987449,-0.5840652724185489,-0.20550039251781616,-0.649440078680475,-0.8567690552694875,0
-1.1693420544955464,0.9008302982069696,1.6162630231659043,0.6723788875528498,1.305616872823679,2.8372803479398683,0.6245835136182032,-2.885594754955995,0.5396751317018809,0.887817740938521,-0.5255972220775468,-0.01853631901198177,1.0321428999576494,-1.1992634847654757,2.111689916171374,-0.7311478329879708,1.1387281704224468,-0.9203890567780753,2.048858885673288,-0.2518187701352706,-0.27583560898291243,-0.41580231551096236,-0.41753158184991157,-0.9143075676048883,1.347293868555838,-0.7483165678907191,-0.9280706979107269,-0.8111000304934112,-0.7282454877799724,-0.7172634269531021,-0.6570833248980734,-0.7320681642297652,-0.6718580658783201,-0.08640641321126935,-0.7878011359495493,-0.9676450283036534,-1.93206678068554,-0.9863463057869847,1.6162630231659025,0.38110102162071924,0.40949987112004765,-0.38942366569929565,2.0971038587933504,-0.5602782712318775,1.7239384943427547,0.8880464027017345,1
0.713912206798859,-1.0303212549497511,-0.26913963121428885,-0.9032737150451494,-0.6851485022776705,-0.5489024905090798,1.0556510318024623,-0.6819804781595747,0.5396751317018809,-0.7412327132005644,-0.31412982466865763,0.3821457872172994,0.6872677064698234,1.6597350040014378,-0.7636205361081672,3.113949476673568,-0.7492612526613808,0.0509688819254716,-0.9249766392166212,-1.1649825324157461,-1.1756044615978283,-1.0577058640900885,-0.9354431930114806,0.5808948892132829,-1.0083809694819297,2.1544661822536746,2.9613553631611844,3.420577474985903,3.244375543937473,3.340636936461213,3.293078063846478,3.2575857058691744,3.4022815732218112,0.1226888540663591,2.619198745330021,1.2035018859171913,-0.684174519373549,2.892012339351739,-0.269139631214289,0.7076596051609513,-0.04546259047240322,-0.43570502793602167,-0.5901757828686957,-0.21242948710384096,-0.5741625136074989,-0.7404480247380727,1
-2.9695878635014914,2.7329484383812948,0.8572048116621906,3.921123779103182,5.147794046769283,2.6100923619736447,0.04982682270585748,-1.54638165856038,1.1180617179237005,3.3313934221471486,0.08060931716126882,-0.32381792375808266,-0.1404327579009595,-0.8358875911439716,3.5182724553101696,-0.5530591154878575,0.35365384431169083,-0.6243958651559645,1.6325712499825602,-0.2940669283372754,-0.23599344576749168,-0.13247936993121012,0.0002794658098417547,-0.38631420004097156,1.1928796402795097,-0.21861168647750848,-0.6058039671361972,-0.7239675876843965,-0.7511204649299769,-0.6665094617168301,-0.7411293118926383,-0.68015074650075,-0.6585438840511955,0.1226888540663591,-0.7176632718932637,-0.970850619495475,-1.0164710796848733,-0.7653351743894855,0.8572048116621919,-0.07709356106153772,-0.02543602613594076,-0.2550870713291413,2.0804025939081576,-0.930087484761689,1.038988962678017,3.3307880438614443,1
-0.6194110580845071,0.7522801787333758,0.7510999003767246,0.5537895018347839,0.8079255290483416,1.1387796909542935,-0.4650593795697852,-0.2315178911901406,0.7324706604424877,0.6550962474900802,-0.7934559254621398,0.6874273919634003,-0.1404327579009595,0.20705916503619948,0.40674138388192516,-0.41342137108435945,-0.5076412901593326,-0.499328319400143,0.5594742335353513,0.11634375133934291,0.05452232767828371,0.1228064091588792,0.11343662455102499,-0.2110951621325921,0.6438512730747858,-0.6282501281037247,-0.4391142788045439,-0.4822983595159974,-0.5528706629632714,-0.5021632885708067,-0.5450220089053203,-0.5044302557256216,-0.4721453384714509,-0.8150717385727017,-0.1225541223247798,0.100778515930523,0.04569113988168126,0.19675463938223686,0.7510999003767237,-0.053595692282593595,-0.4649934382388053,0.024984373903181232,0.00713728545620067,-0.17677823521751165,0.700495805066434,0.6554043416389048,2
0.4830449488715834,-0.7332210160025632,-0.47318753753249154,0.20330876952151836,-0.784686771032738,-0.4623546863314709,0.27733467952532814,-0.024548594474454757,2.082039361626734,-0.8575934599247846,-1.3855646382070295,-0.13301692079177638,-0.46231627182293017,-0.5627348692872601,-0.5898010332412578,-0.48303786974349466,-0.34757759260277066,-0.4367945465222322,-0.34013876525289233,-0.5837685845795941,-0.516548678409412,-0.4954868939552677,-0.44799697074176853,-0.341925377104182,-0.5743054166606951,-0.28688476008187785,-0.1946360692514524,-0.22090103108895354,-0.18687102856319965,-0.25564402885177134,-0.2928840479216254,-0.31672882239764344,-0.31237515654595555,-0.3556957725839727,-0.6454000180170907,-0.2967147918553692,-0.5832987778504685,-0.7290077879985921,-0.4731875375324907,0.04960393010307797,-0.6991501904805182,-0.4928221353054145,-0.3462929895884529,-0.16441846820707187,-0.4677634441661812,-0.8567690552694875,1
0.8591769983036621,-0.5351541900377714,-1.199598084025292,-0.41531993686762897,-0.6254255410246301,-0.6462687702088897,0.2893087772526684,-0.8402511168245109,-0.809893569482365,-0.8575934599247846,-0.17315155972939825,-0.7054199296907223,1.009151220391794,2.7647619242399526,-0.7614893504428054,0.8129622971550576,0.003038125854460081,2.6440359972628373,-0.8781057350499615,-0.10395021642825378,0.1591080061187628,0.06378079549643077,0.11778882296414749,0.4407196588865795,-0.9860766920642378,0.45941056173140093,0.8277273525160211,1.1189657781440074,1.3686274176371052,1.3588154367591652,1.668188981951556,1.580253748470221,1.4317826628073682,1.2441998331009114,2.746722134523268,0.10545867907058251,1.1909274995260668,1.2045466489360508,-1.1995980840252918,1.2491746392730845,0.6097655144846704,0.3188965591615189,-0.5843237829190906,-0.07953050677650295,-0.4963756584906324,-0.8567690552694875,0
0.8072967156233748,-0.7332210160025632,0.008365521378466705,-1.0203524079515203,-0.665240848526657,-0.7219980988642976,1.283158888621933,-0.21934322667745237,0.3468796029612744,-0.7412327132005644,-1.0190211493649548,1.336150802048885,-0.9911249018375969,-0.4261585083589044,-0.8037720740435836,-0.44984860875483723,-0.7134374727320549,-0.028240563719881956,-0.932994030718813,-0.6954244312563211,-0.7390007563621772,-0.8260303304649786,-0.9049778041196237,-0.9750501674131264,-0.7630339178873189,-1.0072833988038443,-0.7836063013566273,-0.7436956879430413,-0.6443705715632894,-0.6930948720786869,-0.6010526669016969,-0.6142555624600768,-0.6186013385698217,-0.7231965453749557,-0.4753688324260952,-0.16207996179885736,-0.0017797973056506145,-0.2895635977861734,0.008365521378466622,-0.38823474833230337,-0.8003100154621353,-0.816858284149787,-0.5858887913491453,-0.2601980968210871,-0.7281798764160556,-0.7404480247380727,0
-3.8748987962724937,3.2776322097844726,3.199674776195157,3.4528090074776987,3.8139812454513784,1.9285284040749746,-1.3631167091203253,0.3163420118807929,0.15408407422066794,5.193165369734675,2.9424680954282354,0.36306568692065794,-0.7152247470473363,-0.8979677552023151,0.8670774876000764,-0.6097237074197117,-0.5000192093233058,-0.7578012472955074,1.5369792743795045,0.04995378845047811,0.039581516472500876,0.049024392080818734,0.24835477535782036,-0.080264947161002,1.844850826335119,-0.24921685740360505,-0.4724522164708746,-0.6384791532302689,-0.6824955334799635,-0.7100128604907775,-0.7271216473935442,-0.7580268730942729,-0.8049998841495662,-1.0273351159605972,-0.6751554754955148,-0.8576932504241686,-1.4342153269333953,-1.0512668608210325,3.199674776195157,-0.7726740887945791,-0.5461266988839603,0.015436483724806254,0.5673030329283373,0.8537232493494445,2.487440999531481,5.191924532364082,1
1.0952322844989653,-0.8322544289849592,-0.4568637050270342,-0.9863618196883804,-0.665240848526657,-0.6895426722976943,0.20549009316128486,-0.268041884728202,-0.4243025120011519,-0.8575934599247846,-0.5537928750653988,1.2407503005657048,0.1584590764551566,1.1630936915346897,-0.46192989331954915,0.5883276648537783,-0.7972803619283493,0.45535394653596123,-0.8512783096387814,-1.0605692271450773,-1.0693586930233732,-0.9367033560820693,-0.8527514231621546,-0.24380271587548955,-0.9860766920642378,0.045063632270400854,0.6054744347404835,0.727691789680885,0.7052530802869753,0.561253125903463,0.4915451640276471,0.6177846967246309,1.0323572079936298,-0.564791039861601,1.5458768862868626,1.120156514929827,-0.06705233593823226,2.0951535410998865,-0.4568637050270347,0.4357299465806347,-0.635989487573214,-0.8074584232765039,-0.523447514108778,0.22578489263507476,-0.3256502200822193,-0.8567690552694875,1
0.33259212909875263,-1.0303212549497511,0.6368330728385321,-0.561101793196207,-0.46616431101652206,-0.8193643785641076,1.7621227977155547,-1.680302968199942,0.3468796029612744,-0.3921504730279032,-0.17315155972939825,0.03870398187791554,2.204718557816258,2.5661053992532534,-0.7806700214310617,0.4669035392855192,-1.1730489471444685,-0.38259861002804285,-0.9388837298608079,-0.737672589458326,-0.18453065161424015,-0.32136133365104513,-0.16945627230193294,1.1883208872956654,-1.071862374439976,1.2363110544707767,1.2722331880670965,1.1682860287906194,0.7510030345869839,0.8440252179341209,0.8417367765050009,1.0411113335919857,0.9791004806851314,-0.7295327655954901,0.7552318732887341,-0.04347308770145397,-1.224156429879451,0.1147250572092521,0.636833072838532,1.3063451988345385,-0.7494733521465003,-0.05361918710018235,-0.586126204834861,0.5342515072390907,-0.2254152645574391,-0.3914849331438284,0
-0.0020356941890976423,-0.33708736407297946,0.6041854078276189,0.3679742859962854,-0.1874571585023332,-0.4623546863314709,-0.40518889093308275,-0.17064456862670377,-0.4243025120011519,2.0514252081807247,0.799598468351492,-0.38105822464797995,2.6875438286992135,1.3451955061058307,-0.5079635036913642,-0.8626906356869183,-0.7172485131500683,-0.6494093743071286,0.001987778145709023,-0.7044776080138937,-0.6095137259120602,-0.6755150156257353,-0.7221854707684816,-0.7507697988904007,-0.5056768707601046,-1.0096376427212364,-1.039197156798496,-0.9672808242076827,-1.017995198346696,-1.0338714958079416,-1.0212826018745214,-1.0056330191864995,-1.0313409752106846,-1.020998895740063,-0.03116236006961965,-0.44417198667916796,-0.7969179951934625,0.4662804093791872,0.6041854078276179,1.5930767034350393,-0.9440904773649414,-0.7594229137744487,-0.14522045636535705,1.1587711597954955,0.5499602338227063,2.0512567080158823,2
-0.40929591322934583,-0.08950383161698967,-0.1875204686870066,-0.5784747605307008,0.4296801077790851,0.6086743903664391,-0.32137020684169865,0.7668045988502271,1.1180617179237005,-0.27578972630368276,1.7723484964323817,0.17226468395435163,-1.887800404905945,-0.6165376781378245,-0.16953122003190857,-0.5227030840957927,-0.1867516869626062,-0.10745000936523551,-0.009143840697020319,-0.13412747228682864,-0.20694186842291415,-0.23282291315737233,-0.30002222469560585,-0.6059220608861404,0.06050863291976687,-0.5599770544993553,-0.5835786753586435,-0.617107044616737,-0.6291205867966198,-0.5625846757568447,-0.5450220089053203,-0.5064270794844298,-0.4854595202985755,-0.3556957725839727,-0.7176632718932637,-0.5050782193237804,2.045404368898044,0.056132498514262906,-0.18752046868700706,-0.896349630078764,-0.3091456875691564,-0.2638208003295146,-0.2144710473061696,-0.770788712163848,-0.2902332301120999,-0.2751639026124136,1
-1.3742691710826767,0.9998637111893657,0.5796996590694351,0.41405041675298615,0.07134234026084223,0.4463972575334225,0.6605058068002251,0.7424552698248518,-0.23150698326054528,0.6550962474900802,2.5618267800922347,-0.38105822464797995,-1.7498503275108146,-0.8565809791634195,0.49198881049639764,-0.5712727343230963,0.5518279460483865,-0.6619161288827109,0.880169893623023,0.2491236771170723,0.14582728504695597,0.10805000574326691,-0.030185923082015377,-0.34426163094296036,0.849736910776557,-0.48464124914280976,-0.6058039671361972,-0.6434111782949302,-0.6672455487132938,-0.6930948720786869,-0.71311398289445,-0.7120999266416825,-0.6984864295325693,0.06883098219181846,-0.7112871024336013,-0.03577966884108203,-0.8028518623418791,-0.9493158086917515,0.5796996590694339,-0.9348891588833333,0.21693675250021804,0.049113150633026674,0.24277419249288257,-0.7871830042702734,-0.5005154336941969,0.6554043416389048,1
0.4571048075314379,-1.079837961440949,-0.06509172489608614,-0.8707938195937046,-0.7647791172817244,-0.6138133436422865,0.24141238634330622,0.06067405711435744,-0.4243025120011519,-0.7412327132005644,-0.257738518692954,-1.1633423368098736,1.928818403025997,2.3384781310393272,-0.7696731033977947,2.102081763604742,-0.8049024427643761,0.3552999099313041,-0.9259017228514895,-0.6380876451250289,-0.4418446223804984,-0.22396907110800526,-0.01277712942952541,1.7957468853780474,-1.0547052379648283,2.837196918297369,3.2058335727142753,2.9931353027152663,3.0080007800540933,2.724338787163625,2.6487254968881464,2.558697390286277,2.4569746634959637,-0.14976861541661135,2.916753320114263,1.1098986231159973,-0.16199421031289643,2.270931217184854,-0.06509172489608517,1.3965172194077984,-0.07524568615227026,0.2058021700719347,-0.5893708085063928,0.20983190638799035,-0.2987980580318818,-0.7404480247380727,0
0.6153396697063119,-0.8817711354761572,-0.6935592763561501,-0.2151531393180269,-0.705056156028684,-0.2892590779762531,2.3249053909005597,-2.7638481098291208,-0.23150698326054528,-0.5085112197521235,0.08060931716126882,0.7942759536245328,0.42056422350590456,1.4610784790147384,-0.69124547091248,0.7158229967004504,-0.6745648604683185,0.6763066107045791,-0.7192997110642395,-0.8251866314481932,-0.8103846321231392,-0.6400996474282663,-0.4567013675680134,-0.26015649274693836,-0.8831338732133522,0.37701202462267935,0.39433416285372264,0.7408438565199815,0.888252897487011,0.8609432063462116,1.1078824019877898,1.220825471884731,1.3119550263632467,0.10051208329448932,0.8487490253637815,0.6938128864175395,0.10502981136584633,1.134235578502064,-0.6935592763561506,-2.6437838430692215,-0.41364327327351735,-0.5043684211025191,-0.5707984870481593,-0.6184751836305232,-0.7134867534820613,-0.5078059636752432,0
0.4545107933974259,-0.7332210160025632,-0.2283300499506477,-0.6630735579856268,-0.784686771032738,-0.47317316185367203,0.6724799045275653,-0.07324725252520443,0.15408407422066794,-0.6248719664763439,-0.13085808024762036,-0.037616419308596126,-0.4853079513887856,-0.04126149119717458,-0.6707860885250065,-0.25354627241948496,-0.7896582810923225,-0.49099048301642156,-0.8898234610916265,-0.8945943199229154,-0.8419263446686804,-0.8393110935390296,-0.8658080184015217,-0.8021673833435253,-0.8831338732133522,-0.6800434942863497,-0.5057901541372052,-0.43791013393404665,-0.40799580767990967,-0.3063979940880433,-0.3068917124207196,-0.2228781057336544,-0.21917588375608335,-0.8309122891240371,-0.07367015646736853,0.14886238380784866,0.4907311760129192,0.4194063624231958,-0.22833004995064693,-0.026697584562886723,-0.890686305801042,-0.842319324625453,-0.535128685573245,-0.25809685549514855,-0.5626478242145123,-0.624126994206658,0
0.37409635524298107,-0.23805395109058358,-0.9710644289489057,-0.03311465550876613,-0.3666260422614546,-0.1161634696210353,-3.1113349773120436,2.057319037195092,3.0460170053297664,0.07329251386897835,1.8428376289020119,0.6874273919634003,-0.23239947616437945,-0.7696687494817385,-0.6460643348068097,-0.41342137108435945,0.6737812394248146,-0.6660850470745716,-0.21142879552155175,0.8647396966319997,0.911128836809827,0.860626579939484,1.0535114817854698,0.4874447356621476,-0.04243418593111893,0.11098246195737824,-0.31687517402799803,-0.29323739870398463,-0.3241208914632265,-0.434491334922444,-0.47498368640984945,-0.5064270794844298,-0.5120878839528248,0.4078187639903976,-0.6900332042347269,-0.3960881188018423,-0.7969179951934625,-1.1040001636465229,-0.9710644289489062,0.3376105577865858,0.5753609039579274,0.8434384017517585,-0.5090385758592916,0.8562762540361747,0.79823778055773,0.0737991889818308,0
0.7320703057369575,-0.7332210160025632,-0.701721192608878,-0.28766639427939217,-0.7249638097796975,-0.47317316185367203,0.5886612204361817,-0.5967578265707626,-0.809893569482365,-0.6248719664763439,-0.17315155972939825,-2.460789156980843,-1.738354487727887,-0.9290492240075258,-0.01190872822174905,-0.624092228945289,-0.4624423508016938,-0.7123600390042256,1.8482390813915197,-0.41598304200591785,-0.4901532452791958,-0.5869765951320627,-0.6712647493349492,-0.9143075676048883,-0.008119912980823667,-0.8989881786038102,-0.8280568849117349,-0.7782198633956698,-0.7739954420799814,-0.7510994037772833,-0.699106318395356,-0.6861412177771748,-0.6718580658783201,-0.8467528396753727,-0.6879078144148395,-0.5105277243498774,-0.9808678767943743,-0.9223632316920565,-0.7017211926088786,-0.7114659436236902,-0.682718137691626,-0.5854144656398845,-0.020852138706936196,-0.25421691408839175,-0.5356160905960676,-0.624126994206658,1
0.27811783228444964,-0.4361207770553754,-1.1179789214980114,-0.9010076758276068,0.09124999401185574,1.2469644461763048,-0.24952562047765592,0.3285166763934801,-0.809893569482365,-0.5085112197521235,0.8559897743271955,0.17226468395435163,0.27341747428443197,-0.4592679291900209,-0.31018947394578816,-0.11795599886826234,-0.40093215845495794,0.7013201198557435,-0.7066569013877063,-0.7769030220744733,-0.7307003056922978,-0.694698340066031,-0.6394937009191554,-0.32323534639395485,-0.8831338732133522,-0.0938367588557301,-0.05017167269735275,-0.07787230421377868,-0.04199617327983796,-0.03812703498203449,-0.08276908043521311,-0.09907503268754113,-0.019463156349214174,-0.24481191872462418,0.02622316506734121,-1.1077293633862622,0.4610618402708367,0.6127618061166599,-1.117978921498011,0.7223733523863133,-0.41312977162386466,-0.6466245832950461,-0.4200407384822775,-1.549328596821039,-0.5869557669688295,-0.5078059636752432,0
-0.25884309345651507,0.5542133527685841,-0.12222513866518168,0.3453138938208588,0.2306035702689502,0.32739402678921015,0.0019304317964952968,0.4989619795711045,-0.4243025120011519,0.18965326059319867,0.23568540859445403,0.7446676928532976,0.04350067862588125,-0.07437091202829112,0.04870219210114086,-0.18271553250466713,0.23170055093526276,-0.4576391374815358,-0.20217795917286893,0.8315447151875675,0.9609315408291028,0.727818949198975,0.6966312119094304,0.5341698124377152,0.42080849889786676,0.1980894869008838,-0.039059026808575856,-0.06143222066490776,-0.14874606664652548,-0.13238439899225377,-0.2788763834225313,-0.22487492949246263,-0.27243261106458183,0.23040459781544034,-0.5285035779232813,-0.15246318822339233,1.5054224583921418,0.4428433859011914,-0.12222513866518099,0.2695366908848464,0.3771492671919162,0.832410218522473,-0.2761647079621965,-0.6236336315779031,-0.3497529071641671,0.19012021951324545,0
-0.4585821817756212,0.40566323329499004,0.48991858028942636,0.13306155377769593,0.4296801077790851,0.17593536947839472,-0.6925672363892553,0.389389998956918,0.15408407422066794,1.236899981111182,1.1379463042057145,0.2867452857341191,-0.1404327579009595,0.44710246606179443,-0.21130245907300013,-0.6522221513686025,-0.522885451831386,-0.49099048301642156,-0.051080965477715914,-0.13714519787268617,-0.03678262969038856,-0.09853964207530223,-0.1433430818231983,-0.09661872403245082,-0.0767484588814142,-0.4352021268775768,-0.5169028000259821,-0.6894434122317681,-0.7587454573133117,-0.768017392189374,-0.7971599698890149,-0.7759982869235473,-0.7916857023224416,-0.8467528396753727,-0.14380802052365416,0.5110941884837019,0.5738053160907503,1.26313920763104,0.4899185802894262,0.006120461049662444,-0.5630722533225051,-0.1592380962826671,-0.1348628438070281,0.3655576968636356,0.4373121255770968,1.2370094942959784,1
-0.32109943267286134,-0.4856374835465734,0.42462325026760145,-0.048221583625717476,-0.6055178872736166,-0.5056285884202755,0.24141238634330622,0.8520272504390394,1.6964483041455203,-0.648144115821188,-0.2154450392111761,-1.5449443427425134,0.4343592312454173,1.5852388071314256,-0.5923584560396921,0.9586712478369686,0.04114853003459386,0.8097119928441222,-0.719916433487485,-0.04359570471110403,0.027960885534669817,0.056402593788624625,0.026392656288576396,0.37063204372322794,-0.6086196896109903,0.5112039279140261,0.649925018295591,0.8148242324898999,0.895877889870346,1.0639590672912993,1.0938747374886955,1.1309684027383584,1.1122422989563776,0.5155345077394788,1.662773326380672,0.1986131591049216,2.3420977263188694,2.423271869791826,0.4246232502676024,0.35464048365660245,0.4059053595724773,0.21039107852975755,-0.5575293145782251,0.037316870166890725,-0.37987122280404145,-0.6473912003129408,0
0.9733136202002921,-0.6837043095113653,-0.3099492124779285,-1.0271505256041484,-0.6453331947756435,-0.8085459030419065,1.0317028363477818,-0.3532645363170142,-0.4243025120011519,-0.7412327132005644,-0.8498472314378437,1.2216702002690905,-0.9911249018375969,-0.4592679291900209,-0.7867225887206892,-0.43365872534573596,-0.7896582810923225,0.009279700006864436,-0.9391612549512682,-0.619981291609884,-0.6427155285915773,-0.7345406292881836,-0.8048772406178077,-0.841883698602758,-0.7458767814121713,-0.9531357887038272,-0.7391557178015199,-0.7091715124904129,-0.6291205867966198,-0.6930948720786869,-0.615060331400791,-0.630230152530543,-0.645229702224071,-0.9132831519909818,-0.38397707017093513,-0.12040727630517521,0.08129434277218038,-0.28253249074277464,-0.30994921247792895,-0.3200437291890943,-0.8131475567034573,-0.7266344226967744,-0.5774900813942151,-0.14800525494392947,-0.6895742775250291,-0.7404480247380727,0
0.49860903367567,-0.03998712512579167,-0.579292448817956,-0.041423465973089324,-0.3865336960124681,-0.3433514555872587,-0.022017763658185262,0.2554686893173561,0.15408407422066794,-0.27578972630368276,-0.6242820075350285,0.8591482946330922,-0.3703495535595102,-0.5585961916833706,-0.5565545368616136,-0.27580736210699913,0.1554797425749952,-0.13246351851639987,-0.4889538859820369,0.13445010485448766,0.2636936845592419,0.16707561940571533,0.12649321979039216,-0.14334380080801873,-0.5399911437103998,-0.23509139389925288,-0.32798781991677495,-0.13376858827993884,0.05712872770351489,0.08029888390260013,0.015284571058445892,0.05068674922307974,0.06042193461353341,-0.010371770564858954,-0.38822784981071,-0.4598793835190943,-0.4260512984174309,-0.41495167339345007,-0.5792924488179566,0.1359805287773661,0.12656046216131125,0.2032116572328404,-0.48690753903036027,-0.24856026057174774,-0.44696791347109616,-0.2751639026124136,0
-0.21993288144630233,0.5046966462773861,-0.2446538824561036,0.4510623906395164,0.8079255290483416,1.0738688378210868,-1.1356088523008552,-0.1828192331393909,-0.23150698326054528,0.887817740938521,-0.17315155972939825,-0.6290995285041836,-0.9911249018375969,-0.4758226396055792,0.9608496568759961,-0.6805544473345295,0.4374967335079852,-0.6577472106908502,0.5810595183489446,0.47545309605638386,0.34669819125803486,0.4622036877179573,0.41373831505647257,-0.059238662611996507,0.8840511837268523,-0.5317261274906507,-0.5613533835810897,-0.7765758550407827,-0.8121204039966555,-0.8163545019382045,-0.699106318395356,-0.7340649879885736,-0.7650573386681924,0.36029711233639133,-0.6220207299983287,1.4054541310019595,0.817093869175827,0.18503612764323907,-0.24465388245610287,-0.33436570215599803,0.17482961722868176,0.28314748198202333,0.8412758462935954,-0.2767412590518861,0.7219161776732366,0.8880464027017345,2
0.7943266449533039,-0.4856374835465734,-1.0608455077289143,1.2079194892987664,-0.7249638097796975,-0.8734567561751132,1.079599227257144,-0.3532645363170142,-0.4243025120011519,-0.7412327132005644,-0.8780428844256954,0.5729467901836057,1.6759099278015908,-0.11989636567107637,-0.7675419177324329,1.596147907070329,2.190575325794139,1.9103063954953512,-0.8586789787177276,1.8756777678942578,1.9237838185351013,1.8197928019542702,1.7368066326456915,1.9359221157047508,-0.5571482801855474,1.612990081253504,1.4166975846211964,1.5299678668657744,1.59737718913715,1.237972662387089,1.3039897049751081,1.1409525215323997,1.098928117129253,2.0995895628730272,1.5990116317840486,0.03666669209408879,-1.2360241641762841,0.9779106319038324,-1.060845507728915,1.6391073989117722,2.737716350646201,2.0409954799385908,-0.5881006406419231,-0.581721264733918,-1.022918284940523,-0.7404480247380727,1
0.07319071569731957,-0.8322544289849592,1.134709964254946,-0.41003251202669605,-0.3865336960124681,-0.6462687702088897,0.5407648295268196,-0.9254737684133221,-0.4243025120011519,2.6332289418018267,0.6304245504243805,-0.4192184252412358,2.8944689447919107,1.4403850909952907,-0.5872436104428237,-0.8993202469000098,-1.042711364848411,-0.6785918016501539,0.3759808109471111,-1.14838504169353,-1.1938654530715627,-1.251014748834607,-1.3206127525728157,-1.4352921736524697,-0.7973481908376141,-1.3345233033213388,-1.128098323908711,-1.0544132670166975,-1.0866201297967093,-1.0822086055567717,-1.0352902663736157,-1.0256012567745822,-1.0579693388649338,-1.3441461269873067,0.12824187642193854,-0.3800601628427337,-1.647241157561548,0.7358061793761372,1.1347099642549452,1.5181735591354404,-1.3569971538508214,-1.3002479799247066,-0.19644057813177637,1.2937458458930877,0.46203026298182526,2.6328618606729566,2
-0.08763816061157012,0.45517993978618804,-0.6364258625870531,0.1693181812583785,-0.048103582245238724,0.2516646981338023,-0.273473815932337,-0.2071685621647652,-0.4243025120011519,0.18965326059319867,0.09470714365519478,-1.5449443427425134,-0.02547436007168413,0.004263962445610664,-0.07064420515912058,-0.21914277017514494,0.26981095511539654,-0.4743148102489786,-0.4704522132846712,1.1061577435005987,1.2265459622652404,0.9934342106799927,0.7575619896931445,0.4874447356621476,0.0776657693949143,-0.00437548999483213,0.02761684852408528,-0.12226052979572946,-0.19449602094653448,-0.19038893069085033,-0.22284572542615477,-0.27878917098028605,-0.31237515654595555,0.008636890096743503,-0.42010869710902166,-0.34672201444778794,2.104743040382209,0.6772136206811481,-0.6364258625870525,0.37223123970672756,0.47368757732665756,1.0261065642341505,-0.30846305416795117,-0.4033945565006412,-0.1302536865516657,0.19012021951324545,0
0.32740410083072136,-0.7827377224937612,-0.47318753753249154,-0.041423465973089324,-0.7647791172817244,-0.5597209660312809,0.3372051681620306,0.17024603772854394,1.3108572466643074,-0.7412327132005644,-1.3009776792434737,-1.7739055463021025,-0.6462497083497709,-0.5379028036639227,-0.567636702321495,-0.5313241970111391,-0.5686179368475466,-0.3909364464117643,-0.03145069074581098,-0.45400638438772223,-0.4368643519785708,-0.4039971927784727,-0.38706619295805444,-0.24613896971426788,-0.4370483248595141,-0.1621098324600995,-0.08350961036368344,-0.10088842118219744,-0.0724961428131773,-0.1565529538666689,-0.18082273192887227,-0.23086540076888734,-0.21917588375608335,-0.6218170218464089,-0.4689926629664328,-0.2678644711289738,-0.826587330935545,-0.9329098922571545,-0.4731875375324907,-0.06624070530218226,-0.8177690715503331,-0.3883874605636586,-0.25213233699521637,-0.2112490852564135,-0.5714023421075825,-0.7404480247380727,1
0.7917326308192881,-0.33708736407297946,-1.1016550889925554,-0.31334817207820914,-0.6254255410246301,-0.5380840149868786,-0.10583644774956935,0.011975399063607768,-0.4243025120011519,-0.5085112197521235,-0.6524776605228803,-0.26657762286818537,-0.1404327579009595,-0.18197652972941988,-0.6332772208146388,0.09453622087619112,0.01828228752651359,0.12600940937896468,-0.7911478733723429,0.26119457946050223,0.41310179661706925,0.2851268467306122,0.18307179916098393,0.06691904468203672,-0.7115625084618761,0.005041485674735859,-0.13907283980756793,0.10954464824334724,0.33162845350356857,0.35340355398349205,0.32345319003851736,0.3581976080795546,0.32670557115602555,0.15436995516902996,-0.022660800790069872,-0.5486742595325557,0.051625007030097855,-0.20987771796098792,-1.101655088992556,0.43925653758208755,0.20615321785750748,0.36767221518902976,-0.5420201506273089,-0.23382086905749777,-0.5438406161492976,-0.5078059636752432,0
0.5868055142321544,-0.6341876030201673,-0.2283300499506477,-0.7144371135832608,-0.4462566572655086,-0.9059121827417164,0.8041949795283116,-0.1462952396013284,-0.4243025120011519,-0.5085112197521235,-0.3000319981747317,0.17226468395435163,-0.3703495535595102,-0.7448366838584011,-0.189990602419382,-0.6097237074197117,-0.6372166643717874,-0.4659769738652572,-0.10658598356981294,-0.97305518515521,-0.9647730145828941,-1.0075340924770073,-0.9920217723820722,-1.0077577211560238,-0.2997912330583332,-0.8330693489168329,-0.7058177801351893,-0.6812233704573327,-0.6748705410966286,-0.6737600281791547,-0.6570833248980734,-0.644207918842201,-0.6718580658783201,-0.6725067836106824,-0.5965160521596794,-0.21080494791454746,-0.5773649107020519,-0.8637706729970673,-0.22833004995064693,0.04403447647782478,-0.9132803783857687,-1.001154768988181,-0.16042830622995533,0.05469056535553395,-0.6073167028114064,-0.5078059636752432,1
0.7009421361287881,-0.18853724459938556,-0.5466447838070444,-0.015741688174272673,-0.3666260422614546,-0.9924599869193254,-0.033991861385526075,-0.3532645363170142,-0.03871145451993881,-0.3921504730279032,0.6445223769183065,-2.8233110626168414,-1.9567754436035103,-0.8668862863971045,-0.3053303706287632,-0.4358848343144874,-0.5656453253214961,-0.4597235965774662,0.7601557100594445,-0.09791476525653871,-0.24778008571872043,-0.34792285979914683,-0.41753158184991157,-0.6503108838229299,0.3350228165221286,-0.6258958841863328,-0.6280292589137509,-0.6023109694227535,-0.6062456096466152,-0.5698352422191693,-0.5310143444062261,-0.5283921408313208,-0.538716247607074,-0.9513004733141868,-0.6454000180170907,-0.8458325630144282,-0.8182799169277619,-0.9985335579955423,-0.5466447838070447,-0.8791282995792993,-0.5984011668186233,-0.3018643317379219,-0.3333733575273158,0.735705215564939,-0.1827549083979174,-0.3914849331438284,1
0.3092460018926228,-0.3866040705641775,-0.30178729622520056,-0.32694440738346514,-0.5258872722695626,-0.2892590779762531,0.21746419088862512,-0.10977124606326587,-0.6170980407417584,-0.3921504730279032,-0.257738518692954,-0.6100194282075692,0.7792344247332433,0.9147730353013156,-0.607702992830297,0.7461790280925151,-0.5457516943394664,0.07598239107663596,-0.3347732801706563,0.06504241637976554,0.14748737518093175,0.34415246039306063,0.4572602991876969,1.0247831185811775,-0.5228340072352522,1.2127686152968562,1.4166975846211964,1.2011661958883608,1.2618775242704177,1.0929613331405978,0.8417367765050009,0.5818418690660819,0.5663608440442688,-0.30817412092996616,-0.14380802052365416,0.20656302526063938,0.9654405478862397,1.0053319493730877,-0.30178729622520095,0.7750237548706804,-0.0968127554376911,0.4234052485558209,-0.5560241972612356,-0.1280566883839661,-0.32437052625549134,-0.3914849331438284,0
-0.13951844329185747,-0.3866040705641775,1.2408148755404123,0.4782548612500284,-0.2272724660043602,-0.04043414096562746,-0.05794005684020717,-0.04889792349982905,-0.6170980407417584,1.1205392343869618,-0.08856460076584265,-0.01853631901198177,0.38837587211370733,-0.16128314170997204,-0.15418668324130355,-0.9924120765023416,-0.7728897032530636,-0.837010692940861,-0.39952913461143613,-0.7527612173876135,-0.846906615070608,-0.8555431372962029,-0.9006256057065012,-1.1012078747071596,-0.488519734284957,-1.193268668277816,-1.128098323908711,-1.1990860022467593,-1.2391199774634059,-1.2103019463911724,-1.1473515823663687,-1.1214487971973797,-1.1378544298276814,-1.1920768416944862,-0.6135191707187789,-0.31908981837428485,-1.0995452197627045,-0.6915085504337991,1.2408148755404111,0.12719244013379724,-1.1110298636670923,-0.9574121093337671,1.5692422862108224,0.7526326053288592,0.5336129023425883,1.1206884637645642,2
0.04725057435717405,-0.7332210160025632,-0.5466447838070444,0.031089788988275798,-0.0082882747432117,0.07856908977858464,-1.6744432500311792,1.7894764179159692,-0.03871145451993881,-0.6248719664763439,0.6304245504243805,-0.1902572216816737,0.2044424355868666,0.7740579967690703,-0.6213425810886127,-0.05926767151027032,-0.04269435916170045,0.6554620197452755,-0.8003987097210258,-0.20353516076155076,-0.10152614491544718,-0.039514028412854056,0.16131080709537177,0.335588236141552,-0.8831338732133522,0.2192776821574122,0.22764447452206943,0.02570022214410677,0.041878742936845216,-0.0187921910825023,0.02929223555754006,0.0007661552528727799,-0.006148974522089551,0.521870727960013,-0.0099084618707453,2.280580526369286,0.9061018764020746,0.5600285032911697,-0.5466447838070447,0.491761130900475,0.03207615862518134,-0.013429230767954468,-0.5303461769664161,-0.12696309508701908,-0.012522968959812914,-0.624126994206658,0
0.5349252315518708,-0.7332210160025632,-0.6364258625870531,-0.0006347600573213288,-0.8045944247837515,-0.4948101128980743,0.27733467952532814,0.08502338613973282,1.6964483041455203,-0.7412327132005644,-1.258684199761696,-0.32381792375808266,-0.07145771920339411,-0.4302971859627939,-0.7296068128889927,-0.7408617630334317,-0.4542867243071453,-0.6660850470745716,-0.3513631133559608,-0.97305518515521,-0.9282510316354251,-0.821603409440295,-0.7657074548997059,-0.5942407916922484,-0.9174481461636474,-0.4822870052254178,-0.3835510493606594,-0.28008533186488804,-0.2936209219298873,-0.3329834044499001,-0.3769300349161904,-0.41657001033805735,-0.43220279299007713,-0.403217424237979,-0.6900332042347269,-0.4153216659527725,-0.755380925154547,-0.6727589316514025,-0.6364258625870525,0.3428067023137915,-0.9266314212767437,-0.870000804677485,-0.16776116071834984,-0.28607153620294207,-0.5793528275648104,-0.7404480247380727,1
-3.3094037150573694,4.515549872064421,1.4775104468695266,3.3576353603409075,3.07739805666388,2.6317293130180466,0.8281431749829927,0.20677003126660645,2.082039361626734,3.68047566231981,0.33437019405193574,-0.22841742227492953,-0.27838283529609026,0.786474029580739,1.4041362752712527,0.2888148217854059,3.318643289526099,0.9973133114778544,1.0836882932940455,2.086918558904282,2.1727973386314803,1.4656391199795797,1.80644180725565,1.6322091166635597,2.3080935111641048,0.90671690603589,0.8277273525160211,0.47780251973805066,0.4688783164035956,0.2591461899732728,0.3094455255394232,0.29629607155649806,0.37996229846452406,2.7015304838237757,-0.46474188332665795,-0.2678644711289738,0.7696229319884952,1.6381315832789707,1.477510446869527,-0.27948618972694134,3.1305451126306534,2.0456584030489595,-0.05726096018629251,-1.4799886663992456,-0.042363078125472554,3.67975113545569,0
0.1821393093259219,-0.28757065758178146,0.1634419301803018,-0.27255946616244114,-0.1675495047513197,-0.5813579170756832,-0.2614997182049962,0.462437986033042,0.3468796029612744,0.3060140073174192,-0.13085808024762036,1.8513135100579337,-0.11744107833510409,0.633342958236825,-0.4048141174878526,-0.3446143665956793,-0.5533737751754931,-0.26169998246408216,-0.32243883170574583,-0.3453682632968527,-0.3322786735380917,-0.30365364955231045,-0.291317827869361,-0.23679395435915432,-0.31694836953348077,-0.1503386128731391,-0.2279740069177831,-0.2784413235100009,-0.40799580767990967,-0.39340479163593817,-0.3769300349161904,-0.37863035892069996,-0.3523177020273294,-0.6344894622874773,0.3726617057089943,0.5207109620591669,-0.10858940597714797,0.0912880337312563,0.1634419301803004,0.09839531864264524,-0.5687207714686869,-0.31933178973866955,-0.40944897271612707,0.5143123416582671,-0.047155148409701426,0.30644125004466044,2
-0.06688604753945591,-0.3866040705641775,0.5225662453003381,0.2675132140185606,-0.08791888974726575,-0.47317316185367203,0.2653605817979873,-0.3532645363170142,-0.6170980407417584,1.8187037147322842,0.46125063249726933,-1.0297816347334647,1.7218932869333017,0.43882511085401527,-0.46533979038412804,-0.812097250033477,-0.7340170909893272,-0.8036593474059753,0.1688260646277593,-0.8613993384784829,-0.8054043617212115,-0.8481649355883969,-0.8745124152277667,-0.865246236990542,-0.4713625978098094,-0.9272391056125148,-0.91695805202195,-0.8735723479791199,-0.9188702973633432,-0.9613658311846958,-0.9512442793790508,-0.9517187776986759,-0.9780842479021861,-0.989317794637392,-0.426484866568684,-0.3287707037735863,-1.152950024098453,0.19675463938223686,0.5225662453003381,1.0686330963233077,-1.0221427281121789,-0.9098206877469848,-0.17518414905159813,0.6349696549771919,0.11675941946477579,1.818614646953053,2
0.49860903367567,-0.931287841967355,-0.2446538824561036,-0.7960145254147967,-0.705056156028684,-0.4515362108092698,-0.022017763658185262,0.20677003126660645,-0.4243025120011519,-0.8575934599247846,-0.243640692199028,-0.9725413338435674,-0.2232028043380376,0.6436896522465488,-0.7474235250514174,0.10080980069721789,-0.7806642257058108,0.2510769551347862,-0.9151707526870175,-1.025865382907716,-0.9084959590411125,-0.9750700049626609,-0.961121163648903,-0.3652879154919659,-1.020390965014533,0.04977212010518485,0.32765828752106124,0.26572544195761894,0.20962857537021123,0.1769731034002611,0.16936888054848157,-0.045160791199717526,-0.125976610966211,-0.13709617497554294,0.27914455363394697,1.262805322965893,0.12401818624077916,2.309602305923547,-0.24465388245610287,0.1388524935894108,-0.723900969993787,-0.823371573573795,-0.5742031104416472,0.07559834573034346,-0.27788659732081367,-0.8567690552694875,2
-0.2225268955803143,0.45517993978618804,-0.13038705491791105,0.2622257891776278,0.2106959165179367,0.3057570757448079,-0.010043665930844983,0.4259139924949794,-0.6170980407417584,0.18965326059319867,0.06651149066734287,0.17226468395435163,-0.4163329126912202,-0.219224628164426,-0.07064420515912058,-0.2919972455161003,-0.11891516752196801,-0.5243418285513072,-0.3501913407517943,0.4935594495715288,0.5957117113544138,0.4179344774711211,0.38762512457773796,0.26316436713942165,0.21492286119609538,0.03564665660083266,-0.1946360692514524,-0.2521371898318079,-0.31649589907989184,-0.2870631501885111,-0.40494536391437874,-0.36864624012665864,-0.44551697481720165,-0.2986697905991648,-0.5688859845011427,-0.2678644711289738,1.001043750776739,0.19675463938223686,-0.13038705491791122,-0.008583276247582074,-0.007976970047742992,0.48106266288879607,-0.28250528272238207,-0.5773476896796927,-0.3187161400331188,0.19012021951324545,0
-0.6920434538369088,1.0493804176805637,0.5552139103112513,0.5114901031073209,1.0667250278115168,1.2036905440875003,-0.7284895295712772,-0.012373929961766528,0.3468796029612744,0.5387355007658597,-0.3846189571382874,-0.7435801302839782,-0.7382164266131916,0.04978941608839591,0.5260877811421866,-0.5024657298344162,-0.09604892501388775,-0.5201729103594466,0.8431665482282916,-0.07075523498382137,-0.04010280995834033,-0.010001221581629706,-0.099821097691974,-0.34893413862051725,0.6095370001244905,-0.5505600788297872,-0.6280292589137509,-0.6549192367791395,-0.61387060202995,-0.6471746178172979,-0.615060331400791,-0.6102619149424603,-0.5786587930884478,-0.44757096578171857,-0.21607127439982718,-0.12553622221208985,0.03382340558484809,0.22019166286023265,0.5552139103112522,-0.3515786557613421,-0.24213372228945593,-0.1270417224253572,0.16481945016254598,-0.2577300300328242,0.7010493897161938,0.5390833111074899,2
0.5089850902117252,-1.079837961440949,-0.14671088742336694,-0.530887936962305,-0.6851485022776705,-0.2243482248430465,-0.4650593795697852,-0.3410898718043271,-0.03871145451993881,-0.7412327132005644,0.3484680205458617,-0.4001383249446214,2.6415604695675046,2.086018797202063,-0.6025881472334286,2.9722879968439324,-0.9039894936327239,0.3928201736580505,-0.9141839968098245,-0.6471408218826015,-0.43188408157664326,-0.19002934325209736,-0.07806010562636186,2.3330852682970775,-0.8639178803611869,3.6611822893845853,4.161521119149088,3.8151394801588006,3.3587504296874955,3.4131426010844588,3.4191470443383247,3.1377762803406783,3.0161703002351974,-0.37153632313530816,2.9592611165120126,0.7425378725332291,-0.37561342765589073,2.188901635011869,-0.14671088742336716,1.8625503664405523,0.08650733348838663,0.33784431021317746,-0.5767803285322178,0.5510547871043437,0.3082489531182164,-0.7404480247380727,0
-0.1654585846319993,0.306629820312594,0.17976576268575767,-0.26576134850981314,-0.4064413497634816,-0.4839916373758732,0.7323503931642683,0.6694072827487277,-0.23150698326054528,-0.6248719664763439,-0.10266242725976861,-0.5909393279109277,-0.4163329126912202,-0.7655300718778489,-0.09280853607888337,0.15322454823418313,1.596053020584052,0.025955372774307244,-0.464284989052216,0.9462182874501519,0.9609315408291028,0.8458701765238718,1.1710208389397756,1.0715081953567458,0.5409084542239,0.8596320276880492,0.32765828752106124,0.3956021019936972,0.30112848397022923,0.30748329972210325,0.16936888054848157,0.15052793716349364,0.14030702557628114,1.434286439716937,-0.5242527982835063,-0.5563676783929278,-0.7197777222640479,-0.7524448114765878,0.1797657626857586,-0.082759292202562,1.4411246852726813,1.0449062859807168,-0.3997650547516911,-0.36438196465995976,-0.671869695005842,-0.624126994206658,0
0.5219551608817962,-0.5846708965289693,-0.6853973601034221,-0.5422181330500182,-0.5457949260205761,-0.3866253576760631,0.9598582499837379,-0.024548594474454757,0.15408407422066794,-0.5085112197521235,-0.4551080896079172,0.2676651854375048,0.4803425903771273,-0.2730274370149904,-0.1737935913626322,-0.22116650560128248,-0.8163355640184161,0.18020534587315387,-0.10966959568604055,-0.632052193953314,-0.6659567904672393,-0.6061599195723584,-0.5089277485254825,-0.1480163084855754,-0.33410550600862843,-0.09854524669051411,0.06095478619041597,-0.10088842118219744,-0.2936209219298873,-0.19038893069085033,-0.2928840479216254,-0.3127351748800268,-0.3922602475087033,-0.7485414262570925,-0.42435947674879654,0.4373655910718027,-0.03144913304773314,-0.767678876737285,-0.6853973601034226,0.712008956466798,-0.763337896687128,-0.5663186852831357,-0.3472518086213987,-0.7880381867911805,-0.9129565338082029,-0.5078059636752432,0
0.8488009417676031,-1.079837961440949,0.2858706739712237,1.1739289010356264,-0.784686771032738,-0.9816415113971243,0.27733467952532814,-0.9619977619513845,0.15408407422066794,1.7023429680080637,0.32027236755800975,6.487777882139426,0.06649235819173584,-0.7779461046895176,3.1346590355450434,-0.6684120347777036,1.5808088589119984,-0.6994363926094574,4.469494396911964,2.5395773967829047,2.7372279841832725,2.4543181488255907,2.5202023470077286,1.0481456569689616,3.732135838601357,0.45941056173140093,-0.31687517402799803,-0.5677867939701251,-0.6977455182466331,-0.7148465714656606,-0.7551369763917325,-0.7500395780590398,-0.7650573386681924,1.9411840573596724,-0.6135191707187789,-0.4569943514464547,0.5263343789034184,-0.8122092213454768,0.2858706739712245,0.17615760737265374,1.6824704606095344,2.40625779025083,2.5026723205492027,1.3924984562604614,0.26932414063743415,1.702293616421638,0
-2.928083637357263,1.5940641890837415,2.88136004233876,2.1883591240888927,-0.24718011975537363,0.7168591455884503,1.3909257681679976,3.6887240818952054,0.15408407422066794,0.07329251386897835,-0.3000319981747317,0.03870398187791554,2.204718557816258,-0.8358875911439716,0.6880578917096842,-0.06331514236254568,4.5534203849624335,0.19688101864059668,0.35903944598055654,8.152546986477832,7.949911004867471,8.519199952642163,8.37826141107052,5.159952413218933,2.9600646972197144,3.166791066732255,1.161106729179328,0.5106826868357919,0.1867535982202069,-0.10096527765551401,-0.2508610544243431,-0.3486780025385759,-0.3523177020273294,3.8103690224172597,-0.6730300856756274,-0.24863092397804354,1.4342160526111436,-1.152046061776414,2.881360042338759,0.6601313460543287,5.561461922087384,7.725098751478402,-0.10588297815262598,-1.0962647824323632,-0.8316378166268489,0.0737991889818308,0
1.030381931148607,-0.5351541900377714,-1.3057029953107582,0.7403600640791298,-0.6055178872736166,-0.3433514555872587,-0.7524377250259583,-0.2315178911901406,-0.6170980407417584,-0.6248719664763439,-1.24458637326777,1.9848742121343426,-0.20940779659852488,-0.33510760107333387,-0.49006154410232505,-0.1584307073910154,-0.08080476334183423,-0.7744769200629502,-0.5259572313767682,0.07409559313733792,0.08440395008984913,0.27037044331500015,0.25705917218406504,0.4010033436273468,-0.2311626871577427,0.32051017060527015,0.07206743207919288,-0.17322478879722852,-0.18687102856319965,-0.26531145080153745,-0.3769300349161904,-0.42655412913209867,-0.3789460656815787,-0.18778593673981653,-0.6220207299983287,0.1537348824194175,0.11096367851426292,-0.37628058465475717,-1.3057029953107588,0.4580108200345937,-0.13737938576026842,0.13763467507749239,-0.47668443581957776,0.07081614293525083,-0.12185429417503325,-0.624126994206658,1
-0.0124117507251529,-1.129354667932147,-1.6729892266835225,-0.12300087780462532,-0.10782654349827926,3.075286809428292,-3.434635615950238,0.900725908489789,1.6964483041455203,-0.7412327132005644,2.3785550356711975,-0.4382985255378773,0.3653841925478519,2.086018797202063,-0.5872436104428237,0.8008198845982318,-0.7058153918960282,1.1140430208499543,-0.8614542296223325,-1.2295618599530964,-1.2536286978946938,-1.1683788897071794,-1.0137827644476844,-0.299872808006171,-1.071862374439976,0.4193884151357361,0.6721503100731449,0.7572839400688522,0.850127935570337,0.8319409404969135,0.7296754605122475,0.6497338768655634,0.6595601168341408,0.1987234967127692,0.812617398425695,0.30273076101529073,-0.025515265899316974,0.3959693389452002,-1.6729892266835233,0.9917055276074326,-0.496317038867631,-0.9486043656808478,-0.5535315037051917,-1.5677470001618525,1.5657446463337115,-0.7404480247380727,0
-0.8165561322695977,0.9998637111893657,1.0041193042112964,0.7320512536148069,1.02690972030949,1.2686013972207069,-0.5369039659338285,0.06067405711435744,0.3468796029612744,0.7714569942143008,-0.737064619486436,1.2598304008623462,-0.4393245922570756,-0.2937208250344382,0.6369094357410008,-0.5429404383571692,0.4222525718359316,-0.5660310104699143,0.8925043420879335,-0.0858438629131088,-0.09488578437954363,-0.10296656309998603,-0.030185923082015377,-0.37930543852463633,0.8325797743014094,-0.5717482740863156,-0.5169028000259821,-0.5086024931941905,-0.61387060202995,-0.5625846757568447,-0.5870450024026027,-0.558344497213445,-0.5520304294341986,0.14486562483822857,-0.14380802052365416,0.22259098121974794,-0.0967216716803148,0.18503612764323907,1.0041193042112955,-0.2736992064052614,0.07418329389671764,-0.13651559795118648,0.287535348661351,-0.2110618578175592,0.7312948029196262,0.7717253721703198,2
-0.6816673973008535,0.10856299434780224,1.273462540551324,0.24409747543728635,0.2903265315219907,1.182053593043098,0.27733467952532814,-0.2071685621647652,0.3468796029612744,0.18965326059319867,-1.0613146288467328,-0.056696519605237604,-1.2900167361937132,-0.9972960176956648,2.8618672703787316,-0.6421034742379143,-0.08842684417786098,-0.7703080018710896,0.9695946449936238,-0.5324672496200169,-0.6676168806012153,-0.702076541773837,-0.7744118517259507,-0.9470151213477858,0.5409084542239,-0.9625527643733954,-0.8725074684668426,-0.8242520973325077,-0.8044954116133207,-0.7970196580386723,-0.7831523053899208,-0.7740014631647392,-0.778371520495317,-0.6915154442722848,-0.7452933395518004,-0.22112695155221324,-1.4324351667888704,-1.1016564612987234,1.2734625405513231,-0.7849224006246401,-0.49734404216693673,-0.7254501882560459,2.1216969301627553,-0.38447515036003055,0.3840096910676418,0.19012021951324545,1
0.6386857969124418,-0.7332210160025632,-1.0037120939598174,0.2916842990056822,-0.705056156028684,-0.24598517588744864,-0.7045413341165961,0.011975399063607768,1.889243832886127,-0.7412327132005644,-0.8075537519560658,-0.15209702108839074,-0.07145771920339411,-0.37235569950834,-0.3084845254134987,-0.21104782847059422,-0.522885451831386,-0.6243958651559645,-0.7615451970565579,-0.3514037144685676,-0.26587506817905737,-0.18560242222741358,-0.1433430818231983,0.04822901397180955,-0.6772482355115808,-0.01850095349918453,-0.016833735031022062,-0.08773635434310088,-0.10299611234651664,-0.19038893069085033,-0.23685338992524893,-0.27080187594505295,-0.2857467928917063,-0.37470443324557523,-0.5837637132403548,0.9566713641469199,0.5441359803486677,-0.236830294960683,-1.003712093959818,0.45433912931979614,-0.538424174139167,-0.22422296121765156,-0.401008862989416,0.013855168120968932,-0.1134323172830784,-0.7404480247380727,1
-0.04613393446734171,0.9998637111893657,-0.3915683750052093,0.7267638287738738,-0.20736481225334671,-0.4190807842426664,0.7922208818009708,-0.9254737684133221,-0.03871145451993881,-0.27578972630368276,-0.5678907015593248,-0.5718592276142862,-0.2875795071224321,-0.9484596219697677,0.22942673652382248,-0.13495537644781855,1.5404118304810566,-0.034910832826859105,1.6538481735845312,0.5107604854109165,0.6156327929621241,0.7883202032029847,0.9973681222561902,0.8846078882544741,2.9068775741467565,0.7372113439836628,0.3454385209431043,0.15442607633176417,0.043403741413512185,-0.11643315277513976,-0.17942196547896286,-0.20590510378378388,-0.18988468373640918,1.3519155768499926,-0.5327543575630561,-0.6012459550784317,-0.8259939442207035,-1.0321656866864661,-0.3915683750052087,0.13775445735676775,1.2162109627247206,0.7090573985900767,-0.22908808573090186,-0.103559546483629,-0.39219320980740335,-0.2751639026124136,0
0.3170280442946661,-1.079837961440949,0.5633758265639792,1.0666697114052734,-0.5258872722695626,-0.6787241967754931,-3.6142470818603463,-0.1828192331393909,4.395585706514012,-0.5085112197521235,1.7697791083903456,1.4280738751806556,6.16390450824962,4.949846789198417,-0.8013961500501524,1.628494348794659,-1.0418600684213177,0.46973410290018175,-0.8848331665442873,-0.632764417536504,-0.3277835463609512,-0.1555389581407232,-0.01906941625672029,1.9421045754560764,-0.7989332207720071,1.618338658675534,1.9230429325700067,1.8335177517987402,1.2859641782318765,1.0067389566631304,1.4321753762931748,1.846867782826924,1.9755930240345112,-0.4122350341356069,4.0132494717946,0.14796481827413863,-0.5238063775143399,1.7596976092682264,0.5633758265639802,3.5986730293257425,-0.3056756748481197,0.062188706664901394,-0.5923350208524973,6.750473549262578,4.974407696875195,-0.5078059636752432,1
0.5868055142321544,-0.4361207770553754,-0.5548067000597723,-0.537686054614933,-0.784686771032738,-0.5380840149868786,0.2653605817979873,0.17024603772854394,-0.6170980407417584,-0.6248719664763439,-0.5537928750653988,-0.34289802405472414,0.5493176290746926,0.6209269254251563,-0.744098875413453,0.9950984855074463,0.003038125854460081,0.8430633383790078,-0.8898234610916265,1.078998213227881,0.7783216260917584,1.0524598243424415,0.8794235452605726,0.8846078882544741,-0.8488196002630569,0.80313017367064,0.6054744347404835,1.012105235076348,1.284752501420422,1.3249794599349838,1.219943717980543,1.2168318243671143,1.2853266627089976,0.39831443365959657,0.7658588223881712,-0.8592960460200795,0.927463798136374,-0.37510873348085744,-0.5548067000597727,0.7131822285455112,0.6256840656239095,1.0648902421680138,-0.5824479431733733,-0.22942636198944447,-0.5674787120557709,-0.624126994206658,0
0.7943266449533039,-0.931287841967355,-0.23649196620337565,-0.8775919372463324,-0.6453331947756435,-0.2243482248430465,-0.09386235002222854,0.08502338613973282,-0.4243025120011519,-0.7412327132005644,-0.7103351404539524,0.5137221588628524,-0.8789429795958964,-0.03692563229508851,-0.46890408223301355,0.41698933891810097,-0.8571805697972901,-0.7746138057850664,-0.7232020532873723,-0.9592556530921517,-0.9921155782189104,-0.933867780749123,-0.8464297456077545,-0.306901842362548,-0.6820132032719771,-0.028407989335517192,0.3812935210380938,0.39012959011611426,0.6183131990880848,0.35451583942099535,0.36156952333630327,0.2642075781300674,0.26364505200332605,-0.7819674326034984,-0.24431767148494518,0.1895733919439845,-0.2840918926691328,0.6416570166589003,-0.23649196620337715,-0.26706666908304444,-0.847426611434951,-0.7918823185536985,-0.5169151251534732,-0.01275377149852656,-0.18119667725260427,-0.7404480247380727,1
-0.4933941506725588,0.974967574939769,1.4664051865386118,0.5809547637717678,0.4040054184428089,0.21473432186217467,-0.3153328771872074,0.29230681211280285,-0.2200949237327445,1.1439573792047777,0.1792941026187502,0.36306568692065794,0.2044424355868666,-0.33510760107333387,0.00011115893089153745,-0.14021708855577641,0.17834598508307545,-0.5034972375920036,0.7074876151142767,0.2974072864907921,0.2636936845592419,0.3146396535618363,0.38762512457773796,0.28185439784964883,0.7639512284008193,0.22634041390958862,0.13874330741185426,0.030632247208767872,-0.0953711199631818,-0.09613156668063086,-0.22284572542615477,-0.31672882239764344,-0.36563188385445405,-0.08640641321126935,-0.6113937808988915,-0.1139960939215317,-0.5061585049210539,-0.9282224875615553,1.4664051865386114,-0.02119235159718767,0.13066847535853432,0.3149737825766051,-0.3073472766969863,0.6721860826501653,0.665070702876514,1.1440986155127157,0
0.49342100540763867,-0.4361207770553754,-0.27730154746701674,-0.45610864278339697,-0.505979618518549,-0.5056285884202755,-0.22557742502297481,0.8885512439771007,-0.6170980407417584,-0.6248719664763439,-0.3846189571382874,0.7255875925566562,0.31940083341614195,-0.2564727265994321,-0.3178617423410907,-0.42758751906732306,0.003038125854460081,-0.42428779194665006,-0.16825822589436518,0.668587533551263,0.3134963885785177,0.5950113184584662,0.3528075372727586,0.06691904468203672,-0.24831982363289035,-0.27040505266013365,-0.4835648623596514,-0.4773663344513362,-0.41562080006324453,-0.43207447943500255,-0.46097602191075526,-0.5064270794844298,-0.4854595202985755,-0.33035089170183596,-0.5136258491840692,-0.18772469133343095,0.5025989103097523,-0.8696299288665662,-0.277301547467017,0.4828574950518855,-0.03519255747934563,0.3601967352819299,-0.34289466839427796,-0.06948867909223716,-0.43178029665178186,-0.624126994206658,0
0.7657924894791464,-0.931287841967355,-0.767016522630703,-0.8503994666358204,-0.665240848526657,-0.667905721253292,0.5527389272541604,-0.4871858459565761,0.7324706604424877,-0.7412327132005644,-0.5689383227048814,-1.2220004957318686,-0.5582503430718304,1.5372300403628527,-0.7877388645866182,0.3941335911445117,-0.8608020526279041,0.4677472205433077,-0.922075006866418,-1.221108270937924,-1.3540594975460114,-1.3265935472362598,-1.3796467471345313,-1.2497541176877223,-1.0501155741640789,-0.821904689018251,-0.3173541280015279,0.025194095189442777,0.16097215763944037,0.14087175294763615,0.2779495877266046,0.3400125232098544,0.3900577208563973,-0.47085905332408184,2.875061640651363,0.05397688452992578,-1.4738024154390954,1.085559153758751,-0.7670165226307023,0.06599554515528365,-0.8145964994524049,-1.2132554644490616,-0.5872931988926317,-0.14957172108914338,-0.5842728204303346,-0.7404480247380727,1
2.228816461063229,-0.8817711354761572,-3.6563348760964525,-1.316448199043762,-0.02819592849422521,1.1387796909542935,-2.5126300909450174,-1.8507482713775654,-0.6170980407417584,-0.7412327132005644,0.9546745597846772,0.15318458365771015,-2.600542471447452,-0.7572527166700698,-0.5369476287402849,-0.6886493890390801,-0.7820362002562957,-0.24919322788849996,-0.8913652671497403,-1.2808631949126736,-1.3532341059332453,-1.3661146954763814,-1.4011284232155807,-1.4446371890075835,-1.0375481014896808,-1.2285823270386969,-0.9280706979107269,-0.878504373043781,-0.8121204039966555,-0.7704342476768156,-0.71311398289445,-0.702115807847641,-0.6984864295325693,-0.9417961429833855,-0.3988547989101473,0.04628346566955384,-0.5358278406631364,-0.3411250494377638,-3.656334876096453,-0.7002597112914827,-1.124329556393102,-1.3841065812588034,-0.361369049131872,-0.8465519964829179,1.2306472962741184,-0.7404480247380727,0
-0.14989449982791272,0.35614652680379205,-0.21200621744519185,0.2848861813530543,0.2306035702689502,0.13266146738959023,-0.4650593795697852,1.326839166433848,0.15408407422066794,0.07329251386897835,-0.48330374259576897,0.2676651854375048,-0.4163329126912202,-0.36407834430056085,0.4493650971891614,-0.8181684563118898,0.048770610870620616,-0.8161661019815574,0.6334809243248141,0.774207929056275,0.6953171193929654,0.5802549150428541,0.4050339182302276,-0.3138903310388413,0.3693370894724239,-0.5976449571776281,-0.9502959896882807,-0.9294686320452802,-0.9569952592800173,-0.9444478427726052,-0.9512442793790508,-0.9337473638694014,-0.9647700660750614,-0.3588638826942398,-0.7984280850489864,0.9791105024896715,0.4135909030835048,-1.0207987302996384,-0.2120062174451932,0.011656359442292274,-0.03365205253038694,0.47928631122770343,0.9371660175229157,-0.5725498867601583,-0.4283615337968511,0.0737991889818308,2
-1.0993036728771606,1.4455140696101474,0.12263234891666068,2.1271760652152403,0.5889413377871929,0.03529518768978015,-1.063764265936812,0.06067405711435744,-0.03871145451993881,1.469621474559623,1.0533593452421588,-0.38105822464797995,0.38837587211370733,-0.7696687494817385,0.2447712733144275,-0.014745492135242061,2.945161328560788,-0.015733809144299775,3.2391331625371462,0.9432005618642941,1.0937387515471717,1.332831489239071,1.4582659342058557,1.2116834256834492,3.268893153772371,0.8831744668619695,0.29432034985473055,0.11940869837266974,0.20962857537021123,0.024711207691445237,-0.012730757939742439,-0.13102421282847343,-0.05940570183058804,2.289676169489053,-0.5093750695442943,-0.10373820210770222,-0.42308436484322265,-0.8075218166498777,0.12263234891666053,0.4098609068492207,2.343347083712789,1.158888850900849,-0.2650116610600615,0.7474691508838646,0.7189156792079501,1.4696515553588083,0
0.013528390614988933,-0.5846708965289693,0.5552139103112513,-0.23856887789930115,-0.5657025797715896,-0.1594373717098398,0.13364550679724158,1.2294418503323485,-0.4243025120011519,-0.3921504730279032,-0.8498472314378437,0.7637477931499119,-0.0944493987692495,0.3353581707567761,-0.2692707091708414,-0.19485794506149307,-0.522885451831386,-0.0740986638303499,-0.13125488049963385,-0.508325444933157,-0.5314894896151947,-0.47777920985653316,-0.5089277485254825,-0.5615332379493511,-0.2997912330583332,-0.39753422419930423,-0.27242459047289047,-0.23898512299271132,-0.18687102856319965,-0.20005635264061644,-0.19483039642796643,-0.18094480679868039,-0.15260497462046024,-0.8879382711088449,-0.33934388395329884,0.02672935939944142,0.14063301425634545,0.33503307790241127,0.5552139103112522,0.01728194909279906,-0.5486942071322246,-0.4928961499579602,-0.3899314009025289,-0.2566375362233566,-0.3998302706351948,-0.3914849331438284,1
-0.5519666906001369,0.45517993978618804,0.31851833898213544,0.7471581817317576,0.09124999401185574,-0.3974438331982642,0.3970756567987331,0.3406913409061683,-0.03871145451993881,-0.043068232855241965,0.3061745410640838,0.11502438306445432,1.4689848117088955,-0.7613913942739594,0.28739498662166374,0.05810898320571344,1.657029667272266,0.32611748258827894,1.0590193963642245,2.086918558904282,1.8739811145158256,1.9968696429416153,1.8499637913868743,1.2116834256834492,0.6095370001244905,0.812547149340208,0.20541918274451565,0.22955725815010333,0.2248785601368809,0.08513259487748329,-0.09677674493430728,-0.2228781057336544,-0.16591915644758487,1.1301478691312956,-0.3223407653941993,-0.11079050272970994,-0.3815472948043071,-0.9399409993005532,0.31851833898213644,0.9885429199578193,1.7774682657953171,1.8754247021942176,-0.273479948900556,0.005100201780946738,-0.3272312098924993,-0.04252184154958386,0
0.01871641888301656,-0.03998712512579167,0.3266802552348634,-0.1260222634280154,-0.0082882747432117,-0.4839916373758732,-2.8838271204925734,1.3877124889972847,-0.4243025120011519,-0.043068232855241965,1.5185876195417152,-0.5527791273176719,2.9404523039236197,0.40157701241900917,-0.4389130881336416,0.05203777692730054,0.5289617035403062,-0.0032270545687175956,-0.2916027105434697,3.475072328398726,3.766483867248305,4.313624979192715,4.069584982079314,3.6180248796251937,0.42080849889786676,2.6959422832538458,1.1722193750681047,0.47780251973805066,0.10287868200352372,-0.0743798672936572,-0.3489147059180021,-0.3826240064383165,-0.4854595202985755,0.6834443435836354,-0.25007751151802626,0.8957651315023072,4.288406150999483,1.5326649776279901,0.32668025523486216,1.846254300772452,1.5607705696418026,3.690486026568488,-0.4834297309579192,2.639669550035974,1.802530831329252,-0.04252184154958386,0
0.49342100540763867,-0.4856374835465734,-0.6853973601034221,-0.19778017198353331,-0.5856102335226031,-0.1594373717098398,-0.2614997182049962,0.14589670870316965,-0.6170980407417584,-0.8575934599247846,-0.17315155972939825,0.019623881581274066,0.756242745167388,2.1439602836565173,-0.7422234320279346,0.8736743599391872,-0.21038013755428908,2.560657633425623,-0.8944488792659679,-0.06773750939796384,0.19729007920020752,0.10805000574326691,0.0655624420066782,0.30288068239865434,-0.9860766920642378,0.4264511468879125,0.7054882477394755,0.9874451097530419,1.3076274785704263,1.3346468818847501,1.6541813174524616,1.6601266988225518,1.5915528447328635,0.7024530042452376,3.4055929786883747,0.6482934914936714,0.8111600020274105,0.8998653437221072,-0.6853973601034226,0.8894076947682612,0.4829306070204094,0.3284444493398932,-0.5813727412561954,-0.25412182955168144,-0.3086528400007575,-0.8567690552694875,0
1.0044417898084614,-0.4856374835465734,-0.8323118526525278,-0.926538384345254,-0.705056156028684,-0.5164470639424764,1.1753920090758683,-0.7672031297483859,-0.23150698326054528,-0.7412327132005644,-0.9485320168953252,0.5157064892937083,0.08948403775759123,-0.5461801588717019,-0.7696731033977947,-0.4680622275900761,-0.7667920385842423,-0.13246351851639987,-0.9237431943701302,-0.6483479121169444,-0.7458071259114782,-0.7965175236337544,-0.9463236890442867,-1.1759679975480684,-0.7630339178873189,-1.0331800818951569,-0.8836201143556195,-0.8209640806227336,-0.6672455487132938,-0.5722520977066108,-0.47498368640984945,-0.4225604816144821,-0.4588311566443263,-0.31767845126076755,-0.45198954440733335,-0.01782835816688038,0.18810395144367734,-0.1782377362656938,-0.8323118526525284,0.5062736877813999,-0.8558195437896116,-0.8130835368699647,-0.5674580614823823,-0.6149394497462874,-0.8449336919759556,-0.7404480247380727,0
-0.09023217474558577,1.0493804176805637,-0.2936253799724726,0.7607544170370136,-0.12773419724929266,0.12184299186738912,0.7323503931642683,-1.2298403812305079,0.15408407422066794,-0.27578972630368276,-0.9485320168953252,-0.5909393279109277,-0.03237186394144091,-0.9970475932936048,0.1741259280275294,0.16308486259754756,1.83274671183358,0.17780515471352853,1.3227364219561253,0.021587167943417803,0.0797556977147167,0.29398068877997957,0.561277841261323,0.7070525965073163,3.0338403840628487,0.9302593452098104,0.6188096098070157,0.4284822690914385,0.3156159694985655,0.18446535541132975,0.04610143295645306,-0.048156026837930056,-0.07005704729228773,1.0252834244814548,-0.4893964052373523,-0.3807012810810981,-1.14108228980162,-1.0365015360298953,-0.29362537997247296,0.2699172039189835,1.3492250619829178,0.28591562998722625,-0.33037021895609875,-0.3226388500518966,-0.19191397044737196,-0.2751639026124136,0
0.49082699127362667,-0.6837043095113653,-0.9465786801907218,0.1285294753426105,-0.5258872722695626,-0.5164470639424764,-1.291272122756282,1.0224725536166626,0.3468796029612744,-0.7412327132005644,-0.5114993955836209,-0.9534612335469259,0.04350067862588125,-0.14472843129441376,-0.3289439078009721,-0.2175237818342347,-0.492397128487279,-0.616058028772243,-0.5321244556092235,-0.4298645797008623,-0.34223921434194676,-0.27414084272108635,-0.19992166119379007,-0.03120361654665577,-0.5914625531358427,-0.05381461226006532,-0.07239696447490655,-0.11568449637618118,-0.13349608187985582,-0.22422490751503157,-0.2648687189234371,-0.3007542323271772,-0.31237515654595555,-0.4158898646790474,-0.594390662339792,0.36908649868600013,0.419524770231921,-0.3329220912204653,-0.9465786801907222,0.512313402047686,-0.5421213860166677,-0.2991998042462828,-0.4073725216392444,0.267190282930422,-0.1314804909060873,-0.7404480247380727,1
-2.7075924359660446,2.188264666978117,2.057006500813223,1.3997774763840454,0.8477408365503684,1.4200600545315227,-0.6446708454798932,1.7894764179159692,1.3108572466643074,2.516868195077606,3.2667181047885316,-0.20933732197828805,1.9058267234601416,-0.8193328807284134,1.3188888486567802,-0.5854388823060599,1.3445243529951691,-0.46180805567339644,1.5770662318904634,0.47847082164224136,0.3134963885785177,0.13756281257449127,0.1874239975741061,-0.3255716002327332,1.6389651886333478,-0.4493275903819292,-0.6835924883576354,-0.6220390696813983,-0.6748705410966286,-0.6592588952545055,-0.6570833248980734,-0.5623381447310617,-0.5919729749155724,0.7056211143555046,-0.6772808653154022,-0.7711422882449824,-0.8740582681228771,-0.8040062631281784,2.0570065008132223,0.720018097816273,0.8238957023899213,0.23155926915778177,0.8082033456604604,-0.36149561633732175,0.47701008242747056,2.516540830141541,0
-0.0046297083231133,0.05904628785660422,-0.1875204686870066,-0.25896323085718514,-0.12773419724929266,-0.4190807842426664,-0.4530852818424449,0.5354859731091659,-0.4243025120011519,1.1205392343869618,0.9546745597846772,-0.26657762286818537,-1.5475235473312896,-0.2675229958018173,-0.0466896782804538,-0.812097250033477,-0.27653979921100136,-0.5089168312414226,0.35157710465928566,-0.6359752372149288,-0.5837823288354342,-0.6135381212801645,-0.6542911755237716,-0.8745912523456556,0.043351496444619234,-0.9131136421081625,-0.8502821766892887,-0.875216356334007,-0.9798702364300218,-0.9661995421595788,-0.9372366148799566,-0.9317505401105931,-0.9514558842479368,-0.5077650578767933,-0.5327543575630561,-0.06847669899766336,-0.49013706362032927,-0.41260797104565056,-0.18752046868700706,-0.6877849014315159,-0.6090820011314031,-0.703541851102566,0.3189018334285459,0.24752267283778298,-0.11551591330637379,1.1206884637645642,2
-1.0137012064546844,1.5940641890837415,0.18792767893848558,1.9980118298153087,0.62875664528922,-0.04043414096562746,-1.2314016341195797,0.2189446957792936,-0.03871145451993881,1.5859822212838433,1.0533593452421588,0.0005437812846597067,0.04350067862588125,-0.7531140390661802,0.31296921460600546,-0.006650550430691482,2.9908938135769487,0.021786454582446765,3.162042859631456,0.9311296595208645,1.0605369488676544,1.3475878926546834,1.510492315163325,1.258408502459017,3.2002646078717807,0.90671690603589,0.29432034985473055,0.1933890743425877,0.24775353728688557,0.07063146195283403,0.015284571058445892,-0.07511314758184177,-0.046091520003463414,2.3213572705917245,-0.4817450018857575,-0.37044338926726855,-0.4112166305463896,-0.8028344119542785,0.18792767893848433,0.1875928120615645,2.3705626711443926,1.1600730853415775,-0.24651860075923407,0.9320646174439093,0.8099036108433785,1.5859725858902234,0
-1.2445684643819601,1.3464806566277514,1.1673576292658594,1.1414490055841813,2.201461291619286,2.1124424879523933,-0.16570693638627182,-1.753350955276066,0.15408407422066794,1.0041784876627413,0.1510984496308983,0.7065074922600417,-0.3703495535595102,-0.9145224656178734,1.1483939954278355,-0.7311478329879708,-0.26373470340647637,-1.0329498479583148,0.3991264034915155,-0.5143608961048719,-0.5646912922947119,-0.5825496741073791,-0.513279946938605,-0.7227347528250601,0.8154226378262621,-0.6823977382037419,-0.7724936554678504,-0.8012359803640886,-0.8578703582966646,-0.8381062013251781,-0.8251752988872033,-0.8159347620997129,-0.8316282478038154,-0.6978516644928192,-0.8111804239683111,-0.7422919675185871,-1.1054790869111208,-0.7547885138243874,1.1673576292658594,-0.2684175511513695,-0.6385569958214784,-0.6097652863273673,1.21287115637521,-0.26276487013839694,1.5379388979358812,1.0043674332331491,1
0.975907634334304,-0.33708736407297946,-1.5505604828926005,-0.31334817207820914,-0.665240848526657,-0.47317316185367203,-0.22557742502297481,-0.08542191703789158,-0.6170980407417584,-0.5085112197521235,-0.6101841810411026,-0.20933732197828805,0.1584590764551566,-0.02470678078161631,-0.5872436104428237,0.798796149172094,0.30029927845950355,0.7938701037150513,-0.6628696093372742,1.078998213227881,1.0273351461881373,0.9344085970175445,0.8010839738243688,0.6276199659888511,-0.5743054166606951,0.5771227576010033,0.5499112052965992,0.560002937482404,0.6137531716869573,0.677262189300656,0.6316218090185887,0.6377529343127136,0.5530466622171442,0.7056211143555046,0.13886882552137572,-0.21978060325164805,2.834608699637439,1.6498500950179686,-1.5505604828926003,0.7983440483495979,0.8471059769542313,1.0668886377867428,-0.5534874993402656,-0.45011040556832466,-0.6466473020835217,-0.5078059636752432,0
0.9785016484683197,-0.5351541900377714,-0.5711305325652282,-1.045505443266244,-0.705056156028684,-0.3217145045428565,1.0915733249844841,-0.4384871879058264,-0.23150698326054528,-0.7412327132005644,-1.0895102818345845,1.1453497990825516,-1.0600999405351623,-0.583428257306708,-0.812296816705031,-0.5692489988969587,-0.8887453319606703,-0.3409094281094357,-0.41124686065310107,-0.40632632013117387,-0.5172127144630023,-0.483681771222778,-0.5794333628180659,-0.8325386832476445,-0.24831982363289035,-0.7577335435602873,-0.728043071912743,-0.7535597380723638,-0.6672455487132938,-0.6350903403800904,-0.5870450024026027,-0.5663317922486782,-0.6319155203969463,-0.7200284352646887,-0.517876628823844,0.11039528950598805,0.15843461570159478,0.1030065454702543,-0.5711305325652286,-0.3047904096084829,-0.9186207955421586,-0.5566967804522154,-0.5893022343939616,-0.6897199717631867,-0.8000363837444517,-0.7404480247380727,0
0.5115791043457409,-0.08950383161698967,-0.27730154746701674,0.2561830179308473,-0.3069030810084141,-0.9491860848305209,0.14561960452458186,-0.4871858459565761,0.15408407422066794,-0.27578972630368276,0.8982832538089733,-2.9187115640999943,-1.6417894335512955,-0.8941187850306977,-0.3268127221356103,-0.4148379858826558,-0.44369203194506807,-0.5264262876472375,0.9191775868933022,0.010723355834330867,-0.22005658048132354,-0.23134727281581113,-0.3078561818392262,-0.5591969841105725,0.5065941812736048,-0.5811652497558838,-0.5724660294698666,-0.5513467104212543,-0.5528706629632714,-0.5650015312442862,-0.5310143444062261,-0.5263953170725126,-0.538716247607074,-0.891106381219112,-0.6879078144148395,-0.8852613346738354,-0.8651574674002525,-0.9821276415609453,-0.277301547467017,-0.7294266237741619,-0.5105410345630157,-0.22992208946365777,-0.35200984794932,0.7892993869470953,-0.11648140372387537,-0.2751639026124136,1
0.8254548145614733,-0.8322544289849592,-0.3099492124779285,-0.7688220548042847,-0.5657025797715896,-0.3108960290206554,0.253386484070647,-0.012373929961766528,-0.03871145451993881,-0.6248719664763439,-0.9912761761451903,0.9157786422667052,-0.822078227580878,0.685389335868348,-0.6062869301076348,0.6117802014076001,-0.7892366058320206,0.178742779684182,-0.8291337560329823,-0.9760432239823937,-0.9965875218785768,-0.9869198524574403,-0.9740490007620771,-0.5878115296953673,-0.754202110328876,-0.19726719331495424,0.19678565072819296,0.5364523670516633,0.666050102628154,0.5142735186382826,0.5848018441471725,0.5685283963588978,0.5978260789002429,-0.7028768575063218,0.3376805765788854,0.9162168033061299,-0.09218773572637015,1.3941195157132673,-0.30994921247792895,-0.21522572559089817,-0.6361811194894796,-0.811845599504767,-0.5527005625851259,-0.18348514224033635,-0.3863013298346203,-0.624126994206658,1
-2.0668709448645033,2.3863314929429085,1.7876632644731953,1.6701914896774699,2.1815536378682725,0.7060406700662492,-0.8003341159353204,1.6190311147383458,0.5396751317018809,2.167785954904945,0.9828702127725291,0.4966263889970669,-0.32436619442780024,-0.032984135989395445,2.0264424895569015,-0.6562696222208777,1.375012676339276,-0.7119431471850395,4.5219158028878335,2.3886911174900303,2.7040261815037554,2.262484904422633,2.1763786723710568,0.8145202730911222,2.6340791041919096,0.27107104834003737,-0.3724384034718825,-0.6121750195520759,-0.7358704801633073,-0.7148465714656606,-0.7691446408908266,-0.7819887581999723,-0.8049998841495662,1.1491565297928983,-0.7601710682910124,-0.5525209689627417,0.7043503933559135,-0.6950241039554984,1.787663264473197,-0.3613375036042374,1.5350954871591587,2.2640756427108473,1.573220954314302,0.16943819216221231,0.5410688941527121,2.167577738547297,0
-0.6661033124967669,1.4950307761013455,0.9551478066949273,0.63838829928971,0.4097724540280716,-0.9275491337861187,0.6605058068002251,-1.3759363553827568,0.15408407422066794,0.887817740938521,0.5599354179547507,-1.525864242445872,0.06649235819173584,-0.7680132784401826,1.5780410255647763,-0.28997351008996275,0.9596092707758179,-0.5034972375920036,3.17252714082663,0.8315447151875675,0.7982427076994685,0.727818949198975,0.8359015611293483,0.34726950533544365,2.565450558291319,0.3652408050357194,-0.05017167269735275,-0.2866613652844363,-0.3622458533799007,-0.3402339709122246,-0.4189530284134729,-0.414573186579249,-0.3922602475087033,0.8006644176635177,-0.6751554754955148,-0.4569943514464547,-0.6604390507798829,-0.9750965345175467,0.9551478066949275,0.016133248247233133,0.7843560753666493,0.7650568847060322,0.4011481308040942,1.676641933680682,0.5030405120807885,0.8880464027017345,1
1.077074185560863,-0.8322544289849592,-0.4568637050270342,-0.9455731137726124,-0.6453331947756435,-0.6246318191644876,0.3372051681620306,-0.633281820108825,-0.23150698326054528,-0.8575934599247846,-0.3846189571382874,1.2216702002690905,-0.1634244374668149,1.129984270703573,-0.47386453304557524,0.42642883076276616,-0.696668894892796,0.280259382477811,-0.8768722902034706,-1.0666046783167922,-1.0527577916836146,-0.9632648822301713,-0.8919212088802563,-0.3956592153960852,-0.9689195555890904,-0.020855197416576526,0.4498973922976071,0.560002937482404,0.583253202153618,0.3920732417825565,0.35146851903670573,0.4300832633966525,0.8592728442410101,-0.270156799606761,1.1059211935701623,0.9919328672569585,-0.2213328817970615,1.192828137197053,-0.4568637050270347,0.23332058951444665,-0.6257194545801564,-0.8399508557439958,-0.5184876087413494,0.2458911522267743,-0.2614465482764319,-0.8567690552694875,1
-0.17583464116805825,-0.08950383161698967,0.7510999003767246,-0.42891617217288497,-0.3666260422614546,-0.24598517588744864,-0.033991861385526075,0.3041673473681058,-0.23150698326054528,1.0041784876627413,0.39076150002763954,-0.22841742227492953,-0.9428423747493011,-0.313627864309147,-0.052145513583780036,-0.8161447208857523,-0.5091657063265379,-0.4101134700943236,-0.03381273762684122,-0.48991731885942635,-0.4712282177518711,-0.4940112536137065,-0.4754158207444398,-0.7414247835352872,-0.04243418593111893,-0.7930472023211681,-0.8613948225780657,-0.8916564398828776,-0.9798702364300218,-0.9758669641093449,-0.9512442793790508,-0.9217664213165517,-0.9514558842479368,-0.7485414262570925,-0.277707579176563,0.04436011095446074,-0.7571610852990721,3.092398890088602,0.7510999003767237,-0.5055835245948599,-0.7198443069615292,-0.5743122677580539,0.32561049279834614,0.45716625166187214,0.13690159494979529,1.0043674332331491,2
-2.694622365295972,2.6339150253988985,2.4487784809441724,2.2631384182678,3.316289901676041,3.92994637568218,0.18154189770660376,-2.53252948408806,0.3468796029612744,1.5859822212838433,-0.6242820075350285,-0.648179628800825,-0.4163329126912202,-0.9517705640528795,3.9189353603981902,-0.666388299351566,-0.9268557361408041,-0.8745309566676075,0.9418421359475753,-0.6380876451250289,-0.5879325541703739,-0.5456586655683489,-0.40882718502366655,-0.5218169226901181,0.8840511837268523,-0.7836302266515999,-0.7613810095790736,-0.8209640806227336,-0.8044954116133207,-0.8816096000991256,-0.8391829633862974,-0.8538744135170702,-0.8715707932851893,-1.3916677786413132,-0.743167949731913,-0.8384597032732384,-0.6367035821862169,-0.5262775349139296,2.448778480944172,-0.5200841233702101,-1.056547338638922,-0.6307114329977547,3.09930315483849,-0.7257361610973649,2.422161353264749,1.5859725858902234,1
1.1030143269010086,-1.0303212549497511,-0.5466447838070444,-1.2560204865759577,-0.6453331947756435,-0.5272655394646776,0.06180092043319829,-0.3289152072916399,-0.6170980407417584,-0.7412327132005644,-0.8639450579317697,-0.26657762286818537,-1.1290749792327277,0.40571569002289876,-0.6452118605406648,-0.0026030795784161205,-0.976399261574978,-0.5076661557838644,-0.8611458684107096,-1.0424628736299322,-1.0544178818175904,-1.0149122941848134,-1.031191558100174,-0.7788048449557415,-0.7973481908376141,-0.5128921761515144,-0.20574871514022933,-0.04006011205137603,0.09525368962018889,-0.009124769132736205,-0.012730757939742439,-0.08509726637588312,-0.11266242913908638,-1.1477233001507468,-0.15230957980320395,0.5104530702453375,-0.6485713164830499,0.24362868633822823,-0.5466447838070447,-0.3541068155657687,-1.0206022231632204,-0.9627411643170457,-0.5409874545568188,0.15534640160429283,-0.25399022737255283,-0.7404480247380727,2
0.58939952836617,-0.6837043095113653,0.23689917645485464,-0.7144371135832608,-0.5856102335226031,-0.7219980988642976,0.6126094158908629,-0.3654392008297014,0.3468796029612744,-0.7412327132005644,-0.11676025375369456,1.1453497990825516,0.5033342699429827,1.3286407956902724,-0.3886171064311028,1.171163467581422,-0.5548981913426985,0.8430633383790078,-0.8528201156968951,-0.8734702408219129,-0.8336258939988012,-0.6400996474282663,-0.5263365421779723,0.4640821972743633,-0.8831338732133522,0.8596320276880492,1.5055987517314116,1.6286083681589987,1.4906272957704625,1.2863097721359193,1.0098287504941308,1.0810478087681514,1.658123753868487,0.005468779986476474,1.5352499371874255,1.3798094014673854,0.5797391832391668,2.5053014519648102,0.23689917645485445,0.4461178359973905,-0.2041346002151427,-0.4378292484640787,-0.5309592570836505,0.4274073352931597,-0.22287176407866852,-0.7404480247380727,1
1.1133903834370638,-0.8322544289849592,-1.0690074239816423,-0.8300051136779366,-0.2431985890051709,-0.9383676093083198,0.7562985886189494,-0.633281820108825,-0.4243025120011519,-0.6248719664763439,-0.8498472314378437,-0.09485672019849344,1.239068016050345,0.9809918769635486,-0.5395050515387191,-0.02891164011820554,-0.012206035817593431,0.9931443932859937,-0.7849806491398876,-0.5686799566503068,-0.46674597439013626,-0.3051292898938716,-0.10852549451821898,0.4734272126294771,-0.8659767367382045,0.39584597596181575,0.4832353299639378,0.42190623567189034,0.2782535068202249,0.2615630454607143,0.18337654504757572,0.1684993509927683,0.19356375288477964,1.1491565297928983,-0.050290868448606606,4.21098754208432,1.4401499197595602,0.3608138037282066,-1.0690074239816418,1.3507753268155855,-0.011057979945660382,-0.2764773059148022,-0.5065205287671626,-0.1792998937333212,-0.7762798708520274,-0.624126994206658,1
1.0148178463445205,-0.7332210160025632,-1.1098170052452834,-0.8503994666358204,-0.6055178872736166,-0.5813579170756832,-0.32137020684169865,-0.04889792349982905,-0.4243025120011519,-0.7412327132005644,0.3061745410640838,0.45846618840381104,1.3770180934454757,1.1134295602880149,-0.5710465993860739,1.211638176104175,0.12499141923088818,1.9728401683732621,-0.7664789764425219,1.2842035530661906,1.4589585810218606,1.2000238584985623,0.9098889341524294,0.9313329650300418,-0.7115625084618761,0.89494568644893,0.7832767689609136,1.0532054439485248,1.2390025471204131,1.3588154367591652,1.68219664645065,1.4404760853536414,1.5382961174243652,0.48385340663680804,1.7477889191761695,3.962490112894301,2.941418308308936,2.294368240662849,-1.109817005245284,1.4600998327492558,1.1124836294948388,1.4519868749811857,-0.5585183528798737,-0.004461747113901775,-0.3929287541799463,-0.7404480247380727,0
0.4078185389851662,-0.7332210160025632,-0.6772354438506942,0.019759592900562516,-0.6851485022776705,-0.2568036514096498,-0.7644118227532986,0.5233113085964788,1.3108572466643074,-0.7412327132005644,-0.5678907015593248,-0.8771408323604143,-0.1404327579009595,-0.31441421305388606,-0.3050746283489198,-0.2292614473058332,-0.5305075326674128,-0.6535782924989895,-0.6246328190960518,-0.2970846539231329,-0.21441227402580557,-0.13543065061433246,-0.11287769293134148,0.041220252455474525,-0.6429339625612855,-0.03733490483832092,-0.05017167269735275,-0.13541259663482602,-0.14112107426319065,-0.25322717336432987,-0.2788763834225313,-0.3127351748800268,-0.3256893383730802,-0.4539071860022526,-0.6177699503585539,1.2099130683008348,0.3305167630056734,-0.3563591146984609,-0.6772354438506946,0.3104869795147235,-0.5358566658909026,-0.18758570820760867,-0.39561913998868,0.027475348764840285,-0.13777888211742192,-0.7404480247380727,1
0.659437909984556,-0.6341876030201673,-0.7343688576197898,-0.42211805452025697,-0.705056156028684,-0.4082623087204653,-0.35729250002372054,-0.2071685621647652,-0.23150698326054528,-0.6248719664763439,-0.08856460076584265,-0.6290995285041836,-0.945141542705887,-0.47085622648091174,-0.5713875890925317,-0.4543008266923401,-0.8901173065111551,-0.3425769953861801,-0.7203481391837568,-0.8644170640643405,-0.7854168765081422,-0.9172249035734614,-0.9754834184122071,-0.9900021919813081,-0.7561710632972598,-0.8810959248316306,-0.6991501926019229,-0.5888301009126795,-0.4857707299899248,-0.4997464330833651,-0.4441668245118424,-0.44692173147194303,-0.45084264754805164,-1.0419084224678257,-0.12637982400057735,-0.15053983350829922,-0.5002246377726373,-0.14589464386606002,-0.7343688576197904,-2.6437838430692215,-1.8170432817748357,-1.6276888027861742,-0.40822910887419095,0.18712754355495387,-0.12137754064431584,-0.624126994206658,0
0.659437909984556,-0.3866040705641775,-0.4078922075106666,-0.5580804075728169,-0.5258872722695626,-0.364988406631661,-0.7404636272986175,0.9859485600786001,-0.809893569482365,-0.27578972630368276,-0.8921407109196213,0.2485850851408633,0.18145075602101118,-0.3847717323200087,-0.3809448380358003,0.2948860280638188,-0.05793852083375396,-0.499328319400143,0.5286381123730752,0.285336384147362,0.41310179661706925,0.6097677218740782,0.6879268150831855,0.7210701195399869,0.5065941812736048,0.7183773926445265,0.4943479758527147,0.5435628539335334,0.5680032173869483,0.343736132033726,0.22539953854485822,0.11059146198732822,0.020479389132159694,-0.2828292400478294,-0.5540082557619306,-0.24433543178100253,-0.15606034316447986,-0.3915146499154545,-0.4078922075106669,0.43566206953265835,0.12861446875992263,0.5384980332641351,-0.4889274013606426,0.0543529104882239,-0.22017906068434237,-0.2751639026124136,0
1.0200058746125482,-0.5846708965289693,-0.5629686163125003,-0.9863618196883804,-0.2869954272574006,-0.7219980988642976,1.079599227257144,-0.41413785888045107,0.15408407422066794,-0.7412327132005644,-0.737064619486436,1.813153309464678,-1.1060832996668724,-0.6372310661572723,-0.5071110294252196,-0.5247268195219303,-0.6951444787255907,-0.18249053681872845,-0.6030475342824585,0.0016701790767582776,-0.6627694174100058,-0.7330649889466224,-0.9136822009458685,-1.3254882432298853,-0.6944053719867285,-1.188560180443032,-1.0836477403536033,-1.0248211166287302,-0.9874952288133566,-0.8840264555865671,-0.8111676343881091,-0.7600236968530811,-0.7384289750139432,-0.7358689858160241,-0.6772808653154022,-0.5788068167356798,-0.42308436484322265,-0.7770536861284832,-0.5629686163125007,-0.33586242324996907,-1.060141850186492,-1.0277260292520298,-0.41091373285170124,-0.37808777062454346,-0.7985337756098577,-0.7404480247380727,1
0.646467839314485,-1.079837961440949,0.41646133401487206,-1.2560204865759577,-0.6851485022776705,-0.7436350499086999,0.9838064454384196,-0.7915524587737612,1.3108572466643074,-0.6248719664763439,-0.41281461012613935,-0.2474975225715439,1.5379598504064609,3.4145343080506145,-0.8028343523508245,0.45071365587641804,-1.1631402420576336,0.9889754750941329,-0.9319147664781333,-0.991161538670355,-0.8900689585539804,-0.743394471337551,-0.7047766771159918,0.3379244899803303,-1.071862374439976,0.2781337800922134,0.6054744347404835,0.5435628539335334,0.3773784078035776,0.2518956235109482,0.5195604930258354,0.7236163559414696,0.792701935105387,-1.02416700585033,3.894432637262487,0.6775284831630849,-1.3784369757382802,0.1030065454702543,0.4164613340148722,0.9969425475542161,-0.7962020022649122,-0.6684589057959801,-0.590829588113331,0.48507992470106187,-0.20142564635931212,-0.624126994206658,2
0.5375192456858827,-0.4856374835465734,0.032851270136651956,-0.40172370156237297,-0.3865336960124681,-0.1594373717098398,0.0378527249785172,-0.04889792349982905,-0.23150698326054528,-0.5085112197521235,0.07878442871400046,2.2495257990697004,-0.8627680806192252,0.1466344720194117,-0.45362269936844235,0.10443765162487047,-0.6664618366377376,-0.5629068512907177,-0.5457318922470821,-0.7071019291598795,-0.7778953709322709,-0.7180372532369109,-0.6844024899712802,-0.4324879520491025,-0.5549245548678888,-0.3387204262772961,-0.1306550469239517,-0.011466685720843386,0.04797990011687713,-0.08525137328994804,0.0195067699512508,0.029444734587039768,0.03796108865828982,-0.8063418250203761,0.3078266434325081,0.5566135834075703,-0.003436378263242986,0.31183319395820264,0.03285127013665055,-0.31623623632623743,-0.7059059147328328,-0.6615914561503458,-0.49238920291776445,0.061399664671309535,-0.08646322283553423,-0.5078059636752432,1
0.7294762916029456,-0.8322544289849592,-0.9629025126961777,-0.8300051136779366,-0.6254255410246301,-0.7219980988642976,0.38510155907139276,-0.3897885298550767,-0.6170980407417584,-0.7412327132005644,-0.243640692199028,-1.7166652454122053,-0.06685938329022319,0.1284242905622977,-0.7629385566952513,1.130688759058669,-0.11129308668594125,1.2641240757569403,-0.8919819895729858,-0.13412747228682864,-0.058363801432074924,-0.20921266769239294,-0.26955683580374884,-0.08960996251611558,-1.0032338285393854,0.12510792546173022,0.6276997265180373,0.9052446920086884,1.0331277527703726,1.117129888015013,1.2759743759769198,1.2407937094728136,1.2187557535733746,0.43949986509306876,0.21750824885721112,-0.35441543330816,-0.03144913304773314,0.618621061986159,-0.9629025126961771,-2.6437838430692215,0.37612226389261055,0.07013331195596038,-0.5860252271771156,-0.1487239381074622,-0.613155545783918,-0.7404480247380727,0
0.3792843835110087,-0.4856374835465734,-0.3099492124779285,-0.7552258194990287,-0.4064413497634816,-0.364988406631661,0.3611533636167117,-0.036723258987141905,-0.4243025120011519,-0.5085112197521235,0.5740332444486766,0.17226468395435163,-0.8301831448766116,-0.8358875911439716,-0.04506997717477884,-0.7938836311982381,-0.6905712302239747,-0.7869836746385324,0.3097016521209147,-0.8402752593774806,-0.8817685078841011,-0.933752075398947,-0.9441475898377255,-1.154941712999063,0.009037223494323966,-1.0637852528212537,-0.9725212814658345,-0.9639928074979085,-0.9569952592800173,-0.9226961433856314,-0.8952136213826741,-0.8538744135170702,-0.8848849751123139,-0.9671410238655224,-0.7814249664898869,-0.4796899370845524,-0.8740582681228771,-0.9598624692568495,-0.30994921247792895,-0.2202512089611133,-1.0098186885205098,-0.9654056918086852,0.26551273629319777,-0.20128689912530065,-0.43920820350501394,-0.5078059636752432,1
-1.9034480544216017,1.1979305371541575,2.1957590771096007,1.2638151233314854,1.7834005628480027,-0.278440602454052,-2.045640279578736,0.681581947261415,0.5396751317018809,1.469621474559623,3.252620278294606,-0.9343811332503116,-0.1404327579009595,-0.5172094156444749,0.8926517155844181,-0.7311478329879708,0.048770610870620616,-0.6327337015396859,2.0272736008596945,-0.2970846539231329,-0.13472794759496437,-0.3051292898938716,-0.28261343104311615,-0.6339571069514811,0.8668940472517047,-0.7883387144863839,-0.7724936554678504,-0.8045239970738629,-0.7968704192299859,-0.7921859470637892,-0.7551369763917325,-0.7360618117473817,-0.711800611359694,-0.339855222032637,-0.6539015772966403,-0.5307229488583541,-0.696042253670382,-0.7876003466935814,2.1957590771096003,-0.3406735274042174,-0.24572823383702602,-0.306083166933018,0.978119111485438,3.2532024813356855,2.454855215195,1.4696515553588083,2
0.4856389630055954,-0.7827377224937612,-1.1343027540034671,-0.6970641462487669,-0.1675495047513197,0.08938756530078575,-1.01586787502745,1.8138257469413446,-0.6170980407417584,-0.7412327132005644,0.33437019405193574,0.13410448336106867,-0.30137451486194483,0.3643289139840031,-0.6443593862745202,-0.22723771187969552,-0.40093215845495794,0.22189452779176105,-0.8987659362286865,-0.5807508589937367,-0.47338633492603965,-0.4541689643915539,-0.4523491691548909,-0.29052779265105744,-0.9517624191139428,-0.1338589054513949,-0.18352342336267552,-0.24556115641225962,-0.22499599047987381,-0.2508103178768884,-0.2928840479216254,-0.29875740856836897,-0.3523177020273294,-0.18144971651928218,-0.1650619187225286,-0.17810791775796592,0.5797391832391668,0.22605091872973146,-1.134302754003468,0.3413589853773014,-0.42031879471900485,-0.46750912413484025,-0.5267564098464069,-0.9247556446519448,-0.7039186242533265,-0.7404480247380727,0
0.3974424824491109,-0.4856374835465734,0.15528001392757385,-0.5671445644429876,-0.46616431101652206,-1.0249154134859286,0.0019304317964952968,0.5841846311599156,-0.23150698326054528,-0.5085112197521235,-0.17315155972939825,0.03870398187791554,-0.11744107833510409,0.47193453168513183,-0.4048141174878526,0.49523583525144615,-0.522885451831386,-0.1282946003245391,-0.37794384979784285,0.20687551891506753,-0.33891903407399504,0.21134482965255175,0.2918767594890447,0.5108072740499314,-0.17969127773229981,0.4382223664748725,0.40544680874249955,0.34628185134708506,0.24775353728688557,0.3002327332597787,0.2814301965412349,0.2403850063098662,0.286763025674652,-0.5552867095307998,0.7786111613074959,0.5495612827855625,0.4847973088645026,0.1662865088608425,0.15528001392757468,0.10043108639447271,-0.32069947468634646,0.07087345848141553,-0.5072699725537365,0.6761522578525607,-0.26070207597464684,-0.5078059636752432,1
0.5686474152940558,-0.28757065758178146,0.5062424127948822,-0.8300051136779366,-0.3467183885104411,-0.3433514555872587,-3.8297808409524756,-0.5237098394946376,-0.809893569482365,-0.6248719664763439,3.23852245180068,-0.45737862583451877,-0.05996187942046641,0.14588123269550396,0.218020630842806,-0.11504181985462401,-0.6964097441443711,-0.4468833285465352,-0.3010200619464289,-0.7153414201229806,-0.6630682336341214,-0.582549674107379,-0.5518404248788696,-0.08026494716100221,-0.2311626871577427,-0.049576973208759686,0.16541365754491857,0.1970058927233393,0.07542870942351815,0.13153622023636033,0.18337654504757572,0.3198585919104356,0.3133913893289012,-0.6883473341620179,1.6636234823086269,-0.17131206443130378,-1.0917125151267946,-0.15292575090945837,0.5062424127948821,-2.6437838430692215,-1.8170432817748357,-1.6276888027861742,0.7968953715434647,6.756468932714019,6.13183911856303,-0.624126994206658,0
-2.225105807039377,0.6532467657509798,2.6854740522732867,1.2638151233314854,1.42506279532976,0.8683178028992657,1.534614940896084,0.6937566117741032,1.889243832886127,1.7023429680080637,0.5317397649668988,1.6986727076848833,-0.726720586830264,-1.0564791074312856,3.1261342928835965,-0.5684395047265036,0.84908909865343,-0.4901566993780493,0.7969123664848775,0.33361999352108185,0.35001837152598664,0.23938199614221464,0.25575351266012825,-0.25314773123060313,0.9355225931522952,-0.35986632152103143,-0.46133957058209774,-0.5316186101626095,-0.5757456401132759,-0.5553341092945201,-0.5450220089053203,-0.536379435866554,-0.5254020657799494,0.5820648200550882,-0.6794062551352896,-0.7490237090214126,-0.9019474437204347,-1.0125957720823398,2.6854740522732876,-0.7070828114354906,0.5022382690473576,0.24273548169215842,1.9096628251010257,-0.47727760477955306,-0.1271414944538252,1.702293616421638,1
1.1523005954472803,-0.8322544289849592,-1.5505604828926005,-0.6917767214078341,-0.5657025797715896,-1.0573708400525321,0.013904529523836109,-0.15846990411401554,-0.03871145451993881,-0.5085112197521235,0.10880497014912073,0.21042488454760747,-0.6002663492180609,-0.37649437711222955,-0.42612597414147074,-0.23938012443652146,-0.7561211254138047,0.8013741564604006,-0.4673686011684436,-0.6592117242260314,-0.7190796747544669,-0.6061599195723584,-0.5393931374173395,-0.34426163094296036,-0.6944053719867285,-0.4257851512080086,-0.08350961036368344,-0.28830537363932335,-0.40037081529657487,-0.27256201726386203,-0.23685338992524893,-0.25682410963339514,-0.23249006558320798,-0.6439937926182783,0.5618213996789768,0.2257965724115697,-0.15012647601606346,-0.757132216172187,-1.5505604828926003,0.2650566285523162,-0.6673130882020395,-0.6296012132095722,-0.4405490973838852,-0.049889981031542095,-0.7567862829226947,-0.5078059636752432,0
0.602369599036241,-0.6837043095113653,-1.0118740102125467,-0.5437288258617133,-0.505979618518549,-0.5056285884202755,-1.0517901682094717,0.6694072827487277,-0.23150698326054528,-0.6248719664763439,0.3766636735337136,-1.0107015344368233,-0.6232580287839163,0.7368098983340642,-0.6170802097578891,-0.08759996747619757,-0.7202973454844791,-0.39927428279548566,-0.6678033887232384,-0.7889739244179034,-0.7373406662282013,-0.7183085855310104,-0.726537669181604,-0.3536066462980739,-0.7630339178873189,-0.27040505266013365,-0.07239696447490655,-0.114040488021294,-0.0724961428131773,0.02954491866632818,0.04329990005663423,0.04269945418784662,0.007165207305035071,-0.4982607275459919,0.43004723084595536,0.5752060123201361,0.6806149247622476,1.4506353954550055,-1.011874010212546,0.0903275529729091,-0.7582028801905993,-0.6684589057959801,-0.5271223136993399,0.2021589604528317,-0.17144621642194222,-0.624126994206658,1
1.087450242096922,-0.6341876030201673,-0.701721192608878,-1.0339486432567764,-0.784686771032738,-0.8193643785641076,0.7443244908916087,-0.268041884728202,-0.23150698326054528,-0.7412327132005644,-0.5396950485714728,1.1071895984892959,-1.2210416974961478,-0.8855517223906464,-0.43720813960135213,-0.7372190392663838,-0.8010914023463627,-0.46180805567339644,-0.4889538859820369,-0.6501585474684589,-0.6433795646451677,-0.842262374222152,-0.9441475898377255,-1.1923217744195171,-0.6429339625612855,-1.2662502297169695,-1.016971865020942,-0.950840740658812,-0.9036203125966735,-0.8767758891242425,-0.7691446408908266,-0.7480427543002315,-0.7384289750139432,-1.020998895740063,-0.6177699503585539,-0.3159483390062995,-0.47055530203055473,-0.9821276415609453,-0.7017211926088786,-0.37830768509859847,-1.2198408632285374,-1.1907803088098536,-0.23662324961366943,-0.21530880066944286,-0.7349221448217755,-0.7404480247380727,1
0.6957541078607568,-1.079837961440949,0.3103564227294075,-1.263573950634433,-0.665240848526657,-0.8950937072195153,0.9239359568017171,-0.7428538007230115,1.503652775404914,-0.6248719664763439,-0.4269124366200653,-0.4192184252412358,1.583943209538171,3.5138625705439646,-0.8063294968420178,0.3454794137172601,-1.0968281387842007,0.9389484567918044,-0.9296328935121251,-0.9971969898420698,-0.9083299500277149,-0.7758585588518976,-0.7439464628340938,0.20008551349240516,-1.071862374439976,0.08744002278345743,0.3832215169649458,0.34628185134708506,0.16387862107020224,0.05371347354074331,0.3094455255394232,0.4999720949549425,0.5264182985628949,-0.8784339407780436,3.5331163678816218,0.9348733440425321,-1.3190983042541151,-0.5872137959567183,0.31035642272940844,1.05851657011591,-0.7900399824690777,-0.7261163201289557,-0.5913565684082303,0.5903744980615567,-0.23054248660073715,-0.624126994206658,2
0.2236435354701503,-0.8322544289849592,-0.2283300499506477,-0.43571428982551297,-0.48607196476753556,-0.3217145045428565,-0.32137020684169865,0.8155032569009768,2.6604259478485535,-0.6248719664763439,0.46125063249726933,0.17226468395435163,-1.7498503275108146,-0.7779461046895176,0.713632119694026,-0.7513851872493473,-0.4771529668152255,-0.7953215110222538,3.291554568513016,-0.2065528863474083,-0.3173378623323089,-0.4585958854162374,-0.5437453358304619,-0.8839362677007692,0.5409084542239,-0.8095269097429125,-0.8613948225780657,-0.8900124315279905,-0.8883703278300039,-0.8501904787623857,-0.8251752988872033,-0.7779951106823556,-0.7916857023224416,-0.7327008757057571,-0.7899265257694367,-0.2985099229227894,-0.9927356110912072,-0.9926743021260434,-0.22833004995064693,-0.804750256010716,-0.6816911343923203,-0.43686705798098613,0.8966463429648701,-0.09780827520439292,-0.3271902109532307,-0.624126994206658,1
-0.3392575316109599,0.10856299434780224,0.64499498909126,0.35966547553196215,0.33014183902401756,1.2469644461763048,0.15759370225192265,-1.0106964200021342,0.3468796029612744,0.18965326059319867,-1.1036081083285105,0.03870398187791554,-1.3819834544571334,-1.0635148593578978,2.665798189165445,-0.5773439406015093,-0.33233343093071716,-0.7494634109117859,0.6797351060682282,-0.39968732384228745,-0.551410571222905,-0.5973060775229911,-0.6786634866372573,-0.8769275061844339,0.5580655906990476,-0.8707372515951056,-0.8058315931341812,-0.7535597380723638,-0.7282454877799724,-0.7341814153651928,-0.71311398289445,-0.7220840454357239,-0.7384289750139432,-0.9259555924320502,-0.7282902209927008,-0.26978782584406696,-1.421160819206879,-1.1274371871245188,0.64499498909126,-0.7354760697178226,-0.606719893543,-0.6055464511322713,1.655598841034514,-0.38731064178637337,0.5551351458948758,0.19012021951324545,1
0.8825231255097883,-0.6837043095113653,-1.4036459903434948,-0.5784747605307008,-0.4064413497634816,-1.0357338890081298,0.9598582499837379,-0.2923912137535774,-0.809893569482365,-0.7412327132005644,-0.5537928750653988,-0.5718592276142862,0.6872677064698234,-0.3971877651316774,-0.6597039230651253,-0.3264007477604404,0.940554068685751,0.6304485105941111,-0.8959906853240817,0.22196414684435498,-0.5255131651328816,-0.5279509814696144,-0.7918206453784404,-1.0848540978357109,-0.7801910543624665,-0.8283608610820486,-0.7058177801351893,-0.6088870028423018,-0.5299956858132668,-0.3426508263996662,-0.18082273192887227,-0.02319572985282658,0.1136786619220319,2.0995895628730272,-0.34997083305273613,-0.5980403638866101,-0.2984731547264761,0.8811157249397107,-1.4036459903434957,1.1106445872578317,0.19228867331687982,-0.8464641451680033,-0.5246646369326118,-0.6084297067753239,-1.1275013264599891,-0.7404480247380727,0
0.8954931961798629,-0.4856374835465734,-1.2240838327834773,-0.5716766428780728,-0.5657025797715896,-0.6462687702088897,-0.4650593795697852,0.4259139924949794,-0.6170980407417584,-0.7412327132005644,0.08060931716126882,0.2867452857341191,0.10143971113183578,-0.38063305471611913,-0.6460643348068097,1.0092646334904098,0.20883430842718248,0.009279700006864436,-0.4457833163548503,0.9613069153794394,1.1435414555664474,1.1262418414205018,1.3059389897465707,1.7957468853780474,-0.4542054613346617,1.4246505678621406,1.3055711257334275,1.3820071149259383,1.1627526232870646,1.03253994595456,0.8137214475068125,0.6996544708357704,0.5264182985628949,0.25258136858730984,-0.33934388395329884,0.0687226040123059,-0.5832987778504685,-0.9165039758225576,-1.224083832783478,-2.6437838430692215,0.7781940555708146,1.3108409325768409,-0.5669556455054159,-0.1460549431719493,-0.5468823413709298,-0.7404480247380727,0
0.09394282876943377,-0.18853724459938556,0.6613188215967158,-0.5837621853716338,-0.12773419724929266,-0.23516670036524764,-0.32137020684169865,0.8276779214136639,-0.6170980407417584,0.887817740938521,-0.6665754870168062,-0.09485672019849344,-0.3933412331253656,0.31466478273732823,-0.3630428784467611,-0.5550828509139951,-0.4847750476512523,-0.29922024619082854,-0.22376324398646222,-0.30010237950899044,-0.2193925444277331,-0.15313833471306712,-0.20862605802003475,-0.27183776194083026,-0.2311626871577427,-0.489349736977594,-0.5502407376923127,-0.6154630362618501,-0.6672455487132938,-0.7438488373149589,-0.7271216473935442,-0.7380586355061901,-0.7650573386681924,-0.8467528396753727,-0.0035322924110829206,-0.19858426752572525,-0.08485393738348204,0.24362868633822823,0.661318821596716,-0.17694673906597397,-0.5456131972343073,-0.29572111557664266,-0.31143453735287036,0.3546660909095459,0.06360814369446137,0.8880464027017345,2
0.81767277215943,-0.28757065758178146,-1.2975410790580302,-0.44251240747814097,-0.3666260422614546,-0.5813579170756832,-0.273473815932337,-0.2923912137535774,-0.4243025120011519,-0.3921504730279032,-0.15905373323547228,-0.7435801302839782,0.31940083341614195,-0.6289537109494931,-0.02802049185188435,-0.4680622275900761,0.05639269170664737,-0.42428779194665006,0.029092949544202006,0.6987647894098379,0.6123126126941724,0.5654985116272421,0.47031689442706404,0.04355650629425287,-0.0767484588814142,-0.27040505266013365,-0.5391280918035358,-0.45435021748291726,-0.46899574674658834,-0.5069969995456897,-0.5590296734044145,-0.6402142713245844,-0.6319155203969463,-0.4158898646790474,-0.5922652725199046,1.6779293823068049,0.051625007030097855,-0.9399409993005532,-1.2975410790580308,0.8171861240212087,0.08291282194081653,0.5108905678646491,-0.17216590847444393,-0.043940406467261814,-0.41423135219029894,-0.3914849331438284,0
0.6360917827784298,-0.33708736407297946,-0.016120227379717095,-0.49689734869916496,-0.1874571585023332,0.2516646981338023,-0.022017763658185262,-0.2558672202155149,-0.03871145451993881,-0.27578972630368276,-0.7377688066241347,2.098401761951105,-1.032731704301904,-0.035024064133915,-0.07517981167384176,-0.3152665217856063,-0.7450953693469338,-0.45961035050808036,-0.47206381379790163,-0.7738387748809948,-0.814595049544622,-0.8284078847060261,-0.8090176271530594,-0.6798979852625405,-0.2144246978314551,-0.6876292655610771,-0.5402036206194094,-0.44734711982022124,-0.47099423975941684,-0.5058110835877052,-0.42310965066016193,-0.38053080619820867,-0.35109189919899403,-0.9201129904273749,-0.16401019473665346,0.4469823646472677,-0.2067530742572759,0.1475630019852867,-0.016120227379717307,-0.4082297345059033,-0.8640056479318942,-0.7983552658852965,-0.2751369781316654,-0.1830687501019824,0.017437953461024617,-0.2751639026124136,1
-0.8165561322695977,1.1484138306629597,0.6368330728385321,0.9239092407000856,1.7236776015949622,2.123260963474595,0.14561960452458186,-1.9237962584536898,0.3468796029612744,1.0041784876627413,-0.6665754870168062,0.6492671913701444,-1.5199335318522638,-1.320112870799051,2.4441548799678166,-0.7837649540675499,-0.16464765253812855,-0.674422883458293,0.4299625246537916,-0.23673014220598315,-0.36714056635158465,-0.46744972746560476,-0.5002233516992377,-0.8862725215395475,0.7639512284008193,-0.8566117880907532,-0.91695805202195,-0.9623487991430214,-0.9722452440466869,-0.8985275885112162,-0.8671982923844858,-0.8159347620997129,-0.778371520495317,-0.5014288376562592,-0.666653916215965,-0.787170244204091,-0.2213328817970615,-0.7524448114765878,0.636833072838532,-0.8125981945045645,-0.4798849860787389,-0.46758313878738533,2.908268716936276,-0.6577264264151296,1.0572044449708264,1.0043674332331491,1
0.5349252315518708,-0.28757065758178146,-0.7180450251143339,-0.5784747605307008,-0.2670877735063871,-0.7003611478198953,-0.44111118411510414,0.5963592956726038,-0.6170980407417584,-0.648144115821188,0.1510984496308983,-0.4001383249446214,-0.25539115573023485,-0.4882386724172479,0.5431372664650811,-0.21509529932286958,-0.4276094413810516,0.5137188012220112,-0.7294756310477907,0.285336384147362,0.2221914312098454,0.01951158524959438,-0.2260348516725247,-0.4236942614614257,-0.5914625531358427,-0.4116596877036564,-0.18352342336267552,-0.26200123996113023,-0.3012459143132222,-0.16380352032899353,-0.09677674493430728,-0.1569829216929812,-0.125976610966211,-0.27649301982729535,-0.2075697151202774,-0.620479502229362,0.7814906662853279,-0.318859877133668,-0.7180450251143344,0.2482447817405251,-0.18410803587868055,0.11461611813582945,-0.07664611089860575,0.13484654127567255,-0.39241791131187304,-0.6473912003129408,0
0.656843895850544,-0.3866040705641775,-0.6772354438506942,-0.44931052513076897,-0.5856102335226031,-0.6246318191644876,0.253386484070647,0.1093727151651071,-0.4243025120011519,-0.5085112197521235,-0.6383798340289545,-0.01853631901198177,-1.0600999405351623,-0.5172094156444749,-0.607702992830297,-0.37092292713546887,-0.5305075326674128,-0.616058028772243,-0.6832214493043764,-0.7225839615290386,-0.682557691806998,-0.64452656845295,-0.6351415025060331,-0.727407260502617,-0.6600910990364331,-0.7130029091298385,-0.6613671965800816,-0.4296900921596112,-0.21737099809653898,-0.15171924289178595,-0.13879973843158977,-0.10706232772277426,-0.07271988365771266,-0.5584548196410668,-0.4796196120658701,-0.6509326185516683,-0.8859260024197101,-0.7442418532592893,-0.6772354438506946,-0.2803671850020653,-0.7119877317218402,-0.6658683929568863,-0.49635979393115676,-0.19404255585997376,-0.5927246130061067,-0.5078059636752432,0
-0.8632483866818537,1.5445474825925436,0.3756517527512324,0.9949118028497558,1.4847857565828,1.376786152442718,-0.9320491909360662,-0.5967578265707626,0.15408407422066794,0.887817740938521,0.3061745410640838,-0.5718592276142862,-0.3473578739936548,-0.02470678078161631,0.4237908692048197,-0.2555700078456226,0.11736933839486141,-0.28254457342338574,0.5718086820002618,0.30947818883422207,0.3798999939375521,0.4474472843023452,0.3702163309252483,0.21176678268629687,0.7124798189753764,-0.03498066092092893,-0.21686136102900622,-0.28830537363932335,-0.24024597524654348,-0.3402339709122246,-0.3489147059180021,-0.3826240064383165,-0.3789460656815787,-0.15293672552687837,-0.0099084618707453,0.16681369448205033,0.5085327774581686,0.337376780250211,0.37565175275123225,-0.08733977372297283,0.12347945226339385,0.33399554828080913,-0.09919479090629803,-0.12060172886791136,1.120661786968353,0.8880464027017345,2
0.6490618534485008,-0.6341876030201673,0.07366085140029162,-0.7605132443399616,-0.20736481225334671,-0.6462687702088897,-0.010043665930844983,-0.47501118144388893,-0.6170980407417584,1.469621474559623,-0.2154450392111761,0.36306568692065794,0.04350067862588125,-0.5172094156444749,1.9667692909267709,-0.5085369361128291,1.375012676339276,-0.36592293726060005,2.1321164128114334,2.690463676075779,2.5878198721254453,2.749446217137833,2.372227600961566,1.585484039887992,2.616921967716762,0.4829530009053217,0.005391556746531732,-0.4099619919009665,-0.5071207086632625,-0.5335824099075465,-0.615060331400791,-0.644207918842201,-0.7251147931868186,0.7277978851273743,-0.5773875437806925,-0.2717111805591598,1.1909274995260668,-0.6739307828253023,0.07366085140029267,0.2172407351519389,1.5792566290293057,2.4007807059624575,0.993499417874768,0.8268461460695282,0.14844983745530785,1.4696515553588083,0
0.7554164329430874,-0.6837043095113653,-0.8649595176634396,-0.510493584004421,-0.6055178872736166,-0.4298992597648676,-0.08188825229488826,-0.0610725880125162,0.15408407422066794,-0.8575934599247846,-1.0190211493649548,-1.0297816347334647,-0.9681332222717424,0.18222709941286208,-0.5898010332412578,0.17953310877397258,-0.5533737751754931,-0.5701999286617752,-0.817975298783523,-0.9579665572259225,-0.9664331047168699,-0.834884172514346,-0.787468446965318,-0.28585528497350055,-0.6086196896109903,0.19338099906609982,0.17208124507818495,0.08652853127492818,0.20200358298687657,0.167305681450495,0.16936888054848157,0.25635959638033246,0.3133913893289009,-0.17511349629874814,0.08998485966396444,-0.27260874609286995,0.021955671288015326,0.7709617145931309,-0.8649595176634403,-0.17568639398906644,-0.6698805964503041,-0.7830335879364756,-0.5341312043568636,-0.16215543897185716,-0.4202740802783209,-0.8567690552694875,1
-0.9644149379084127,1.7426143085573351,0.5225662453003381,1.8416551238048644,0.36995714652604456,1.171235117520897,-0.5488780636611693,-0.1462952396013284,0.15408407422066794,1.236899981111182,-1.4137602911948812,-0.22841742227492953,0.18145075602101118,-0.7241432958389533,0.3214939572674527,-0.1118847925898493,1.596053020584052,-0.12412568213267847,2.606992678710486,0.8677574222178569,0.9277297381495857,1.1705110516673378,1.2450082119628565,1.0247831185811775,2.7027076500925005,0.7654622709923672,0.18319389096696184,0.048716339112525826,0.02662875817017555,-0.15171924289178595,-0.20883806092706061,-0.2827828184979027,-0.27243261106458183,1.1491565297928983,-0.4944973408050822,-0.33369256848950934,-0.24506835039072744,-0.8731454823882656,0.5225662453003381,0.18346606806957316,1.3450998767875935,0.9909496042750195,-0.2063643545201144,-0.3085960911982821,0.6098080003248058,1.2370094942959784,0
-0.10579625954966866,0.5046966462773861,0.33484217148759127,0.8695242994790616,0.17088060901590968,0.15429841843399247,-0.2614997182049962,-0.2315178911901406,-0.03871145451993881,0.18965326059319867,-0.5819885280532506,1.736832908278139,0.4573509108112727,-0.028845458385505878,-0.12179266112780404,0.19774672760921141,-0.14178141003004827,-0.3367405099175749,-0.14050571684831667,0.2491236771170723,0.3798999939375521,0.5950113184584662,0.5051344817320437,0.6743450427644188,0.19776572472094775,0.6242076359488444,0.42767210052005333,0.21969320802078082,0.2706285144368899,0.1938910918123516,0.02929223555754006,0.03271533539380526,0.047107752786408934,-0.27966112993756237,0.10911336804295159,-0.18227518630733422,0.8289616034726602,0.618621061986159,0.33484217148759016,0.39216641752407533,0.05723773945817258,0.4509386993027614,-0.4139715359336737,0.2692618291652857,0.3407142979950265,0.19012021951324545,1
0.06800268742928826,-1.0303212549497511,-0.14671088742336694,-0.8096107607200527,-0.744871463530711,-0.47317316185367203,-0.36926659775106085,2.6904015918548376,-0.4243025120011519,-0.8459573852523626,-0.7793580989682138,-1.5449443427425134,0.7102593860356781,2.4005582950976705,-0.7739354747285183,2.7699144542301672,-0.4237984009630382,1.8561104590011621,-0.941011422221005,-0.9760729107410675,-0.8900689585539804,-0.7788098395350199,-0.6525502961585227,0.2982081747210976,-1.0375481014896808,1.1421412977750947,1.7500769612845029,2.2697716265649555,2.4285013589206463,2.7847601743496626,2.7187638193836174,2.8382527165194364,2.6966299363842063,0.2620856989181112,2.3428980687446535,0.7425378725332296,0.5382021132002511,2.0365609824048976,-0.14671088742336716,0.6833227228305176,0.3971758315283784,-0.3481975042314303,-0.590663663893121,-0.6764989017722864,-0.8973544516857698,-0.8451369522163461,0
-0.39891985669329055,0.306629820312594,0.09814660015847687,0.019759592900562516,-0.10782654349827926,0.20839079604499808,-0.47703347729712603,1.3024898374084735,-0.4243025120011519,0.07329251386897835,0.24978323508838,-0.4001383249446214,-0.07145771920339411,0.16153371139341424,-0.049332348505502464,-0.28187856838541203,0.10212517672280791,-0.5410175013187501,0.34053777328319085,1.0940868411571685,1.0937387515471717,1.0672162277580532,0.8010839738243688,0.4407196588865795,0.40365136242271915,-0.06087734401224131,-0.18352342336267552,-0.18966487234609916,-0.23262098286320865,-0.2411428959271223,-0.2928840479216254,-0.37263988764427525,-0.3922602475087033,0.13536129450742748,-0.46261649350677053,-0.16387509286627744,1.6122320670636388,0.3725323154672044,0.09814660015847661,0.14221480001194745,0.29550250489710833,0.9625279776975321,-0.27762914058163995,-0.4390730107978892,-0.2773178520570307,0.0737991889818308,0
-2.1628494678230346,2.188264666978117,1.9753873382859408,0.6043977110265698,0.788017875297328,0.4463972575334225,1.5465890386234245,0.4015646634696051,0.15408407422066794,1.236899981111182,2.4208485151529757,-0.4001383249446214,1.7678766460650117,-0.8400262687478611,1.7877496950363787,-0.5611540571924081,1.3597685146672225,-0.4659769738652572,1.8360896496535828,0.5086480775008162,0.36329909259779347,0.15231921599010328,0.30928555314153433,-0.18773262374480806,1.7247508710090855,-0.4257851512080086,-0.6058039671361972,-0.6335471281656078,-0.6443705715632894,-0.6254229184303243,-0.615060331400791,-0.5683286160074864,-0.5786587930884478,0.6866124536939024,-0.6985347635142767,-0.7807590618204475,-0.9927356110912072,-1.0008772603433418,1.9753873382859402,0.6711620495266837,0.8552193030187464,0.2895127421009394,1.03787417745738,-0.4539867269209713,-0.29928914651580524,1.2370094942959784,0
-0.5026804220538615,0.5542133527685841,0.8327190629040069,-0.24536699555192915,-0.3865336960124681,-0.8193643785641076,0.9718323477110793,1.4607604760734096,-0.809893569482365,-0.3921504730279032,-0.20134721271725015,-0.4001383249446214,-1.9797671231693652,-1.4794519585487993,1.7707002097134843,-0.7149579495788697,-0.6295945835357606,-1.1663552300978577,-0.6625612481256515,-0.9127006734380603,-0.9149703105636183,-0.9367033560820693,-0.9397953914246031,-1.1712954898705115,0.31786568004698096,-1.089681935912566,-0.9391833437995039,-0.9294686320452802,-0.9264952897466779,-0.8888601665614501,-0.8671982923844858,-0.8398966472054123,-0.8582566114580646,-1.1730681810328836,-0.9195753047825708,-0.8673100239996338,-1.704799668901188,-1.2586845186012945,0.8327190629040079,-1.1005388749082379,-1.005710675323287,-0.9934572451234449,1.6828747185906894,-0.21751748175914784,-0.7721952058242231,-0.3914849331438284,0
-0.531214577528019,0.6532467657509798,1.0449288854749375,0.40725229910035804,0.6486642990402335,0.9873210336434778,-0.38124069547840167,0.3528660054188555,0.3468796029612744,0.5387355007658597,-0.8780428844256954,2.3283160174737265,-0.7841997857449017,-0.21508595056053642,0.28739498662166374,-0.5753202051753716,0.3917642484918246,-0.5660310104699143,0.7167384514629596,0.16160963512720522,0.09934476129563172,0.034267988665206424,0.06121024359355571,-0.3162265848776196,0.5752227271741953,-0.6235416402689408,-0.4835648623596514,-0.5562787354859156,-0.6519955639466242,-0.5940037970935844,-0.615060331400791,-0.5902936773543774,-0.5919729749155724,0.2937668000207823,-0.2798329689964505,0.5239165532509887,-0.0017797973056506145,0.5248729680741762,1.0449288854749375,-0.4712991111045032,0.10550689452554309,0.02764890139482034,0.11775743412483067,-0.18973627271727544,0.48873007329201656,0.5390833111074899,2
1.0200058746125482,-0.5351541900377714,-1.20776000027802,-0.33374252503609314,-0.7249638097796975,-0.570539441553482,-0.273473815932337,-0.09759658155057872,-0.4243025120011519,-0.6248719664763439,-0.39871678363221336,0.7446676928532976,0.08948403775759123,0.004263962445610664,-0.7014751621062167,1.1914008218427985,-0.16464765253812855,1.0515092479720436,-0.8497365035806675,1.9481031819548376,0.9775324421688615,1.805036398538658,1.775976418363793,1.9125595773169666,-0.7630339178873189,1.638886764344817,1.2388952504007662,1.4625635243154045,1.5363772500704713,1.344314303834516,1.1078824019877898,1.1149938126678922,0.899215389722384,0.021309330537811904,0.13886882552137572,0.2876644824137287,1.3920855958573863,1.475244270106901,-1.2077600002780209,0.6290725406789663,0.6498186431575947,1.6373195649552168,-0.577268994788652,-0.09312055886476629,-0.44995075443383337,-0.624126994206658,0
-0.45598816764160555,0.7027634722421778,0.18792767893848558,0.8695242994790616,0.05143468650982872,0.37066792887801464,-0.6925672363892553,0.8155032569009768,0.15408407422066794,0.18965326059319867,-0.4551080896079172,0.2676651854375048,-0.048466039637539524,-0.23991801618387384,-0.13202235232154078,-0.6076999719935741,0.8643332603254835,-0.4868215648245608,-0.47353582540089884,1.6946142327428086,2.106393733272446,2.2919977112538574,2.0545171168036287,1.3985837327857205,0.24923713414639065,0.31580168277048615,-0.27242459047289047,-0.6055989861325276,-0.6748705410966286,-0.8018533690135553,-0.8251752988872033,-0.8079474670644798,-0.7650573386681924,0.48702151674707506,-0.7091617126137139,-0.4210917300980517,0.31271516156042406,0.6408862342902549,0.18792767893848433,0.1331432610013574,1.0462419166896175,1.8156208629374218,-0.122488089846318,-0.17693638888472046,0.0974862603125198,0.19012021951324545,1
0.4856389630055954,-0.18853724459938556,-0.2936253799724726,-0.7076389959306328,-0.5457949260205761,-0.570539441553482,0.7443244908916087,-0.2923912137535774,0.3468796029612744,-0.6248719664763439,-0.4269124366200653,-1.926546348675153,-0.7313189227434349,-0.8814130447867569,-0.5710465993860739,-0.6139735518146008,-0.09604892501388775,-0.42428779194665006,-0.31226291172219467,0.39306918756247433,0.3765798136696003,0.2969319694631019,0.14999509122125324,-0.21810392364892714,0.6953226825002288,-0.6047076889298043,-0.4168889870269901,-0.49545042635509395,-0.5833706324966107,-0.49249586662104056,-0.6710909893971676,-0.5683286160074864,-0.4854595202985755,-0.2955016804888978,-0.5497574761221558,-0.28709801827990405,-0.42071081798385607,-0.2649547231342778,-0.29362537997247296,-0.1627965812712529,-0.12972821118044048,0.2485826392432562,-0.4212458209211703,-0.16819683085254683,-0.5527826812300415,-0.624126994206658,0
0.6646259382525873,-0.7827377224937612,-0.6364258625870531,-0.38812746625711697,-0.8045944247837515,-0.4082623087204653,0.06180092043319829,0.03632472808898314,-0.23150698326054528,-0.8575934599247846,-0.7793580989682138,-0.3619781243513385,-0.23239947616437945,-0.2440566937877634,-0.6852781510494669,-0.321381883903619,-0.28660094591455665,-0.6077201923885215,-0.5421153588658009,-0.7859561988320458,-0.7257200352903703,-0.6046842792307973,-0.5002233516992377,-0.13867129313046184,-0.8659767367382045,0.045063632270400854,0.02761684852408528,0.1177646900177827,0.10287868200352372,0.0005426528170298907,-0.0687614159361191,-0.09707820892873271,-0.11266242913908638,0.04031799119941436,-0.5986414419795668,-0.3031259742390126,-0.5061585049210539,-0.6751026339992021,-0.6364258625870525,0.23982082143851502,-0.7438248340003186,-0.596590678174261,-0.39909557661220213,-0.18709703402571418,-0.43880854483588794,-0.8567690552694875,1
0.7813565742832292,-0.6837043095113653,-0.5303209513015871,-0.7235012704534314,-0.5258872722695626,-0.3866253576760631,0.15759370225192265,-0.036723258987141905,-0.4243025120011519,-0.648144115821188,-0.6947711400046581,0.1302884633017241,-0.45311959999658835,-0.33096892346944434,-0.4832417499731672,-0.5996050302890235,-0.6791381089699345,-0.06576082744662834,-0.8059492115302355,-0.9760729107410675,-0.9614528343149423,-1.0798404692135066,-1.1138833279495004,-1.0988716208683813,-0.5571482801855474,-0.7577335435602873,-0.6391419048025279,-0.5612107605505768,-0.5986206172632804,-0.6181723519679997,-0.5029990154080378,-0.44452554296137314,-0.4721453384714509,-1.1952449518047532,-0.37972629053116025,0.0014051889840499313,0.25931035722467555,0.06785101025326071,-0.5303209513015865,-2.6437838430692215,-0.8886322992024305,-1.0087782782003716,-0.36705801431354435,-0.17477686303124026,-0.419460171921862,-0.6473912003129408,1
0.9888777050043787,-0.9808045484585531,-0.5139971187961312,-1.158580800221623,-0.6254255410246301,-0.9383676093083198,0.4689202431627763,-0.2558672202155149,-1.0026890982229715,-0.7412327132005644,-0.46920591610184315,-0.1902572216816737,-0.38538751200658966,0.06634412650395419,-0.7219345444936902,-0.12402720514667524,-0.715724096982863,0.3886512554661897,-0.8133498806091817,-0.991161538670355,-1.0095954482002423,-0.9617892418886099,-0.9049778041196237,-0.4680830843982152,-0.9517624191139428,0.0073957295921280655,0.4165594546312764,0.3791620184448266,0.12575365915352824,0.167305681450495,0.05730756455572839,0.044696277946655025,-0.006148974522089551,-1.1635638507020825,-0.1650619187225286,-0.7454975587104087,0.3839215673414223,0.20847315112123466,-0.5139971187961305,-2.6437838430692215,-0.7515273587451118,-0.84602005725273,-0.5606805427670163,0.21490635262062802,-0.5094694423963558,-0.7404480247380727,1
-1.4935938212473379,1.4455140696101474,1.9917111707913981,1.2094301821104614,2.2810919066233404,2.1773533410856,0.10969731134256047,-1.1324430651290085,0.15408407422066794,1.1205392343869618,-0.737064619486436,1.4506314038286525,-0.46231627182293017,-1.1214563458123519,0.8841269729229709,-0.7088867433004566,-0.4771529668152255,-1.017107958829244,0.4083772398401983,-0.6712826265694612,-0.7423209366301289,-0.707979103140082,-0.6699590898110124,-0.8255299217313093,0.8325797743014094,-0.7647962753124635,-0.7502683636902968,-0.7404076712332672,-0.8121204039966555,-0.7801016696265817,-0.7691446408908266,-0.7720046394059308,-0.778371520495317,-0.8277441790137701,-0.7601710682910124,-0.6108627286538969,-1.2063548284342016,-1.0524387119949326,1.9917111707913961,-0.46782807212213423,-0.82968230982228,-0.758830796554084,0.880162368146617,-0.27919901924721535,1.323225722232901,1.1206884637645642,1
1.0692921431588198,-0.13902053810818757,-1.8607133004962693,-1.0067561726462644,-0.5856102335226031,-0.1161634696210353,0.5168166340721385,-0.3654392008297014,-0.23150698326054528,-0.27578972630368276,-0.18724938622332418,0.019623881581274066,0.3253786701032642,-0.1405897536905242,-0.5420624743371533,-0.2919972455161003,-0.6516986179602383,-0.09494325478965349,-0.6594776360094239,-0.3212264586099927,-0.41196299996893293,-0.47482792917341077,-0.5916195183748088,-0.7601148142455143,-0.7630339178873189,-0.5152464200689065,-0.3835510493606594,-0.3228295490919518,-0.346995868613231,-0.3063979940880433,-0.3909376994152846,-0.4005954202675911,-0.4721453384714509,-0.7897268576905649,-0.8791928982047093,-0.6557410053394008,0.8883002749568253,0.14988059242624546,-1.8607133004962702,-2.6437838430692215,-0.6257194545801564,-0.43990165873535364,-0.47870359127257417,-1.272625689006273,-1.0902099337628983,-0.2751639026124136,0
0.5971815707682133,-0.3866040705641775,-1.2975410790580302,1.0190828878368776,-0.6254255410246301,-1.068189315574733,-0.5848003568431906,0.5720099666472285,0.3468796029612744,-0.6248719664763439,-1.4137602911948812,-0.6290995285041836,0.40676921576639097,-0.6905372336953699,-0.2636443790142862,0.3871683634956958,3.44699913080479,0.395738416392353,-0.5720263963932087,0.6094401120684559,1.0786319313279913,0.9476893600915953,1.1366384714761082,0.985066803321945,-0.4713625978098094,0.8149013932576005,0.4832353299639378,0.560002937482404,0.5680032173869483,0.45491148445603596,0.32345319003851736,0.2663437151743738,0.1669353892305304,2.92646630165274,-0.4477387647675585,0.000764070745685489,-0.22014610836737822,-0.6047915635652151,-1.2975410790580308,0.8769665143618615,2.829427745274205,0.5375358427810436,-0.4690570695872905,0.24514970261207425,-0.5663771402882446,-0.624126994206658,0
-2.4481910225646115,2.039714547504523,2.1386256633405036,1.1958339468052053,0.5491260302851662,0.9332286560324725,-0.6686190409345742,2.1912403468346535,0.5396751317018809,2.2841467016291657,2.6464137390557902,-0.20933732197828805,1.6989016073674463,-0.7655300718778489,1.1569187380892827,-0.6097237074197117,1.2378152212907945,-0.44513238290595364,1.7034943286557953,0.8798283245612871,0.6953171193929654,0.4179344774711211,0.487725688079554,-0.18306011606725137,1.398765277981281,-0.4304936390427928,-0.7169304260239661,-0.7108155208453001,-0.6672455487132938,-0.6761768836665962,-0.699106318395356,-0.5523540259370202,-0.5786587930884478,0.610577811047492,-0.6624031365761901,-0.8352541120814166,-0.6604390507798829,-0.7489292579548884,2.138625663340504,0.5947658699897819,0.8660028376614569,0.5649952788754382,0.7668422710846433,-0.12358028441282141,0.3579236799073073,2.283898769078712,0
0.45191677926341023,-0.23805395109058358,-0.5058352025434033,-0.16378958372039332,-0.3467183885104411,0.7168591455884503,0.6126094158908629,-0.9376484329260103,-0.6170980407417584,-0.5085112197521235,-0.003977641802286915,2.080274713617523,0.227434115152722,0.2318912306595369,-0.14480946631371164,0.0742988666148146,-0.19513597588223558,0.4470161101522397,-0.6949391753460414,-0.11602111877168368,-0.11646695612123,-0.13985757163901627,-0.12593428817070865,-0.1480163084855754,-0.6257768260861379,-0.20448622297315627,0.11651801563430046,0.1128326649531213,0.041878742936845216,0.1286359936514306,0.14135355155029322,0.17448982226919302,0.1136786619220319,-0.1972902670706179,0.6893447888722233,-0.26145328874533047,3.4814002188148385,1.0053319493730877,-0.5058352025434049,0.4939037936182767,-0.06702965975782407,-0.06464737032946782,-0.40147560491867434,-0.9224288574889747,-0.3320824899493199,-0.5078059636752432,0
0.5375192456858827,-0.5351541900377714,-0.5629686163125003,-0.32694440738346514,-0.6851485022776705,-0.3433514555872587,-0.16570693638627182,-0.3410898718043271,-0.23150698326054528,-0.6248719664763439,-0.11676025375369456,-0.6290995285041836,-1.1336733151458982,-0.7862234598972968,-0.2767724827129149,-0.7028155370220438,-0.5689228200809877,-0.5393499340420059,-0.35635856498424956,-0.4481519967511587,-0.8516876746564586,-0.7094547434816432,-0.8205451549050486,-1.127841168469233,-0.6429339625612857,-1.076969018758649,-0.9525185188660361,-0.8985612749734032,-0.8715953445866673,-0.8313390059603418,-0.7775492395902832,-0.7484421190519932,-0.7410918113793681,-0.6382911944197976,-0.66580376028801,-0.5832946444042301,-0.5287072000850365,-0.9338473731962743,-0.5629686163125007,-2.6437838430692215,-1.8170432817748357,-1.6276888027861742,0.10254024536790154,0.15292194229303221,-0.10899918794229273,-0.624126994206658,0
0.6101516414382843,-1.0303212549497511,-0.579292448817956,-0.7574918587165713,-0.3666260422614546,-0.4407177352870687,0.6724799045275653,0.2189446957792936,-0.4243025120011519,-0.7412327132005644,-0.48330374259576897,0.07686418247117137,2.1127518395528377,2.1108508628254006,-0.7543285666071897,1.5657918756782643,-0.5533737751754931,2.60234681534423,-0.932994030718813,-0.7919916500037607,-0.6526760693954325,-0.5235240604449307,-0.41317938343678906,0.7444326579277707,-1.071862374439976,1.8013295946448682,1.8167528366171644,1.7930092036477057,1.7956269911038558,1.8784393665590924,1.7242196399479328,1.7200314115868003,1.658123753868487,0.6739400132528337,2.3641519669435285,-0.01782835816688038,1.1493904294871515,2.6342050810937865,-0.5792924488179566,1.7160571190901637,0.16969460073215295,-0.21637740804782393,-0.5863649157392719,-0.6097080744044381,-0.8065579669230214,-0.7404480247380727,0
-1.8930719978855428,0.45517993978618804,-1.1751123352671082,-0.01725238098596772,0.9671867590564495,6.1477338577334075,-0.8123082136626608,2.288637662936153,0.15408407422066794,-0.15942897957946245,1.9838158938412713,-0.01853631901198177,-1.037108260969307,0.04978941608839591,-0.3928794777618264,-0.5429404383571692,-0.32471135009469043,0.2302323641754826,-0.717449543794503,-1.208437780852094,-1.2121264445452973,-1.1639519686824957,-1.1356443200151125,-1.0054214673172455,-0.8488196002630569,-0.7388995922211509,-0.616916613024974,-0.6203950613265111,-0.6443705715632894,-0.6640926062293886,-0.6710909893971676,-0.6841443940183666,-0.6984864295325693,-0.21313081762195332,-0.1225541223247798,1.4567435900711065,-0.03144913304773314,0.22605091872973146,-1.1751123352671078,-0.14307094174811194,-0.6765561178957915,-1.1985518473271353,-0.33571843205698826,-3.470484601484012,-0.9840574771736497,-0.15884287208099884,0
0.35593825630487885,-0.931287841967355,0.17160384643302973,-0.40852181921500097,-0.6851485022776705,-0.5272655394646776,0.16956779997926294,1.3755378244845975,0.15408407422066794,-0.7412327132005644,-0.6526355246068826,1.5648983512159007,-0.4066541419530476,-0.026309606192873286,-0.6952648460670223,0.30350819106569377,-0.605879725160224,1.368830132390755,-0.893501409909868,-1.0553430713475003,-1.0928360575497436,-1.05940804443191,-0.9982616137638601,-0.4133576523142626,-0.7476616216024299,0.10244067713211151,0.3825327177565304,0.604276691960902,0.5844531881811491,0.2974057044639004,0.23343951989359055,0.07789583988735074,0.055534157772643485,-0.28639008331107596,-0.18871830546032817,0.06231142162866239,0.0690323431713822,0.030106124454078155,0.1716038464330284,-0.0751219497561837,-0.47405800402766657,-0.8931831943663904,-0.5647087913667364,-0.2684896636577026,-0.6227047576014985,-0.7404480247380727,1
0.4259766379232684,-0.6341876030201673,0.15528001392757385,-0.5852728781833288,-0.505979618518549,-0.14861889618763865,-0.08188825229488826,-0.13412057508864125,-0.23150698326054528,-0.27578972630368276,-0.4003803271584966,0.11277293122944211,-0.5986368641860457,0.0202661422847662,-0.23829449097226205,-0.4433133905665995,-0.9985387015297246,-0.2187532988646545,-0.24671594635617072,-0.4159735789388415,-0.4561494520430385,-0.4961060288549559,-0.5530845092832107,-0.5015160272945078,-0.2290844609049709,-0.6283764143214672,-0.5276600375520507,-0.576197715145239,-0.5948017534784921,-0.6121221477095414,-0.5730373379035085,-0.5911290775258687,-0.6123012888644261,-1.4837837752715535,0.6718513689678857,0.35466133832280256,-0.12935994131383435,1.6832389415630675,0.15528001392757468,-0.18531032297943648,-0.9266994234677939,-0.503353226020795,-0.2960228649930419,0.2556245610776916,0.08485853144092258,-0.2751639026124136,1
0.0783787439653472,-0.4361207770553754,-0.1875204686870066,-0.22497264259404515,-0.14764185100030616,0.06775061425638351,0.8640654681650141,-0.6819804781595747,-0.6170980407417584,-0.27578972630368276,-0.5396950485714728,-1.0107015344368233,-1.3819834544571334,-0.7117272630272845,0.09985064806982433,-0.6360322679595012,-0.40093215845495794,-0.8620242020920252,0.26653108249372814,-0.5837685845795941,-0.6908581424768773,-0.7817611202181424,-0.8048772406178077,-1.0404652748989216,-0.14537700478200455,-1.0779107163256059,-0.9058454061331731,-0.829184122397169,-0.8044954116133207,-0.7656005367019325,-0.699106318395356,-0.6701666277067087,-0.6718580658783201,-0.9449642530936526,-0.6602777467563027,-0.8128149737386646,-1.010537212536457,-0.6504937593473067,-0.18752046868700706,-0.5863209793869089,-0.7248252729631621,-0.7617173680033602,0.07540959613617895,-0.5283095867108869,-0.43418089586184533,-0.2751639026124136,1
-0.48971035138379065,0.45517993978618804,1.9672254220332128,-0.18871601511336258,-0.0082882747432117,0.15429841843399247,-0.2016292295682937,-0.10977124606326587,0.15408407422066794,-0.6248719664763439,-0.11676025375369456,0.057784082174557015,0.7792344247332433,-0.7613913942739594,1.2677403926880968,-0.7149579495788697,0.10212517672280791,-0.7369566563362038,0.004424052614381106,0.8436156175309971,0.6455144153736896,0.6835497389521387,0.631348235712594,0.09962659842493435,0.0776657693949143,-0.5176006639862986,-0.7947189472454043,-0.9376886738197153,-1.0027452135800263,-1.0169535073958509,-1.0072749373754273,-0.9976457241512663,-1.0313409752106846,-0.206794597401419,-0.7707980173904497,-0.45776369333249195,1.1553242966355681,-1.0582979678644313,1.9672254220332122,0.16926944497438207,0.022833128931429747,0.5270997767721215,1.240841612787608,1.1437043481573583,1.0137842175823784,-0.624126994206658,0
-1.0162952205887001,0.6037300592597818,1.2000052942767712,0.6723788875528498,1.7037699478439488,1.376786152442718,-0.39321479320574193,-1.0837444070782594,-0.03871145451993881,0.7714569942143008,0.1792941026187502,-0.2474975225715439,-0.6922330674814808,-0.7572527166700698,1.344463076641122,-0.7453139809709345,-0.6219725026997339,-0.6535782924989895,0.8154140391822432,-0.502289993761442,-0.5563908416248327,-0.6179650423048481,-0.6090283120272983,-0.6643284068556002,0.6095370001244905,-0.8848627150994579,-0.8947327602443962,-0.8834363981084421,-0.8883703278300039,-0.8477736232749442,-0.7971599698890149,-0.7660141681295061,-0.7916857023224416,-0.9829815744168577,-0.5306289677431687,-0.3223595213899429,-0.8503227995292112,-0.5157308743488316,1.2000052942767714,-0.4494115629180555,-0.8342011243392253,-0.6294531839044806,1.4732695229321302,0.19431299948600478,1.3522297986164138,0.7717253721703198,2
0.929215379922048,-0.6341876030201673,-1.33835066032167,-0.6532540547096088,-0.6851485022776705,-0.6570872457310909,0.8760395658923549,-1.0228710845148214,-0.4243025120011519,-0.8575934599247846,-0.31412982466865763,-0.8008204311738755,1.6069348891040263,-0.27716611461887997,-0.49006154410232505,1.8794708667296003,0.36889800598374434,1.180745711919726,-0.535208067725451,0.9341473851067218,1.2597477649447575,1.480395523395192,1.5627186961207942,2.449897960235997,-0.31694836953348077,2.1780086214275953,2.027893108503925,2.286211710113826,2.4361263513039813,2.349726186610189,2.214487897416228,1.7000631739987178,1.6181812083871128,0.9305569321844688,-0.048165478628719206,-0.32389820516201717,-0.037383000196149735,-0.3469843053072626,-1.3383506603216697,1.7168112602653787,1.2870741903768177,1.6111923926066416,-0.5575425307383877,-0.5037942203612398,-0.8251780195008387,-0.8567690552694875,0
-1.0889276163411017,1.2969639501365535,0.5633758265639792,1.5825713065991531,0.27041887777097723,1.1279612154320926,-0.620722650025212,0.1093727151651071,0.15408407422066794,1.236899981111182,-0.9485320168953252,-1.754825446005461,0.29640915385028654,-0.8151942031245237,0.21919704533008577,-0.22521397645355784,1.7180063139604802,-0.232517555121057,2.58849100601312,0.7651547522987027,0.7783216260917584,0.9048957901863204,0.9882285055886334,0.8145202730911222,2.3767220570646947,0.5771227576010033,0.22764447452206943,0.05364836417718693,-0.1182460971131863,-0.1589698093541106,-0.2648687189234371,-0.3486780025385759,-0.31237515654595555,1.6243730463329629,-0.5646352048613678,-0.26052815512737076,-0.5251468797959866,-0.8843952536577036,0.5633758265639802,0.23916787894804883,1.3389378569917587,0.8241205774373725,-0.19509517797530534,-0.3113077159636589,0.5565120559758935,1.2370094942959784,0
-1.107085715279204,2.089231253995721,0.3430040877403192,0.9722514106743292,1.2458939115706384,-0.13780042066543755,-0.33334430456903946,0.973773895565913,3.0460170053297664,-0.3921504730279032,1.2789245691449738,-0.1902572216816737,0.3653841925478519,-0.5999829677222662,0.4834640678349504,-0.725076626709558,0.9862865537019115,-0.4743148102489786,1.691159880190885,2.5697546526414796,2.5546180694459277,2.66090779664416,2.533258942247096,1.235045964071233,1.5703366427327572,0.14629612071825862,-0.4724522164708746,-0.7535597380723638,-0.8731203430633342,-0.8840264555865671,-0.9232289503808624,-0.9297537163517847,-0.9647700660750614,0.6200821413782931,-0.724039441352926,-0.18099294983060557,0.5560037146455009,-1.0243142838213377,0.3430040877403204,0.33625598413507196,1.2388050353094466,2.3066340679245325,0.5828890293513467,0.021563977029304834,-0.12876079284352668,-0.3914849331438284,0
-0.6479452135586646,0.7027634722421778,0.31851833898213544,0.5077133710780831,1.0070020665584765,1.0414134112544837,-0.033991861385526075,-0.0610725880125162,-0.03871145451993881,0.5387355007658597,-0.4974015690896949,-0.32381792375808266,-1.2440333770620031,-0.8814130447867569,1.4552847312399362,-0.6947205953174932,-0.22562429922634258,-0.5535242558943323,0.562557845651579,-0.2518187701352706,-0.3123575919303814,-0.4423638416590642,-0.7482986612472161,-1.0007489596396888,0.24923713414639065,-1.0072833988038443,-0.9391833437995039,-0.8998764816573128,-0.8959953202133386,-0.8550241897372689,-0.8251752988872033,-0.7819887581999723,-0.7650573386681924,-0.6883473341620179,-0.7707980173904497,-0.6333018669966488,-0.5061585049210539,-0.7688507279111848,0.31851833898213644,-0.5989184061058502,-0.466533943187764,-0.4920819887799592,1.3046378648321206,-0.6588321258070754,0.09666138930289989,0.5390833111074899,1
0.4778569206035558,-0.931287841967355,0.04101318638937989,-0.8571975842884486,-0.4064413497634816,-0.6354502946866888,-1.0757383636641529,0.3285166763934801,-0.4243025120011519,-0.7412327132005644,0.9123810803028993,-0.5909393279109277,-0.4182515639265725,1.4887414001191364,-0.5704763276565178,0.5448953280409852,-0.7125638318878694,-0.21688461779451923,-0.7317160748852308,-0.7569073523198395,-0.7461488450252851,-0.6636556264344257,-0.6157469266628997,-0.0030583055278277653,-0.7728834547088758,0.19996442203223866,0.34489955034207215,0.45425785628716725,0.5082235097562761,0.4686884294738918,0.6128555184984178,0.6151337528044697,0.7083246749515905,-0.3672558523366291,0.5905120276934732,0.16617257624368564,-0.1364538657373187,1.232484134781623,0.04101318638938077,-2.6437838430692215,-1.8170432817748357,-1.6276888027861742,-0.5434480420292733,1.3137469433954407,0.5422461359247641,-0.7404480247380727,0
-2.6297720119456134,2.039714547504523,1.8121490132313791,1.0802659467105296,0.5491260302851662,1.8852545019861702,-0.47703347729712603,1.5825071212002833,1.1180617179237005,2.400507448353386,3.6614572466184585,-0.20933732197828805,2.595577110435794,-0.8979677552023151,1.3870867899483583,-0.6076999719935741,1.222571059618741,-0.5201729103594466,1.6048187409365118,0.42113403551094897,0.28029458589900047,0.09329360232765486,0.1917761959872286,-0.30220906184494933,1.4159224144564286,-0.5788110058384918,-0.6835924883576354,-0.7042394874257518,-0.6977455182466331,-0.6834274501289208,-0.6710909893971676,-0.6102619149424603,-0.5786587930884478,0.6359226919296288,-0.6836570347750646,-0.7615255146695172,-0.9452646739038751,-1.0711883307773291,1.8121490132313784,1.1410659264253806,0.7186278642110807,0.1904811369950076,0.9189927665692174,-0.777833511468466,0.3501375255958558,2.4002197996101273,0
0.09394282876943377,-0.6341876030201673,-0.4568637050270342,-0.16001285169115556,-0.3467183885104411,0.6194928658886402,-0.7524377250259583,0.6572326182360406,0.7324706604424877,-0.6248719664763439,0.8418919478332698,0.5538666898869642,-0.4393245922570756,-0.09506430004773896,-0.6332772208146388,-0.18271553250466713,-0.1875138950462088,0.13851616395454672,-0.837402055115757,-0.04661343029696156,-0.0185216382166542,0.034267988665206424,0.15695860868224928,0.24681059026797286,-0.8145053273127617,0.09685699845302584,0.10540536974552356,-0.06472023737468212,-0.1182460971131863,-0.17347094227875962,-0.12479207393249561,-0.14699880289893968,-0.16591915644758487,0.3254479011234532,-0.4434879851277836,-0.0883513643869581,0.30678129441200747,0.0912880337312563,-0.4568637050270347,0.05982685488628584,-0.13481187751200405,0.04030540698010747,-0.5260116736985391,-0.6348327024452114,-0.09777396893263536,-0.624126994206658,0
0.9603435495302212,-0.5351541900377714,-0.7180450251143339,-0.6464559370569808,-0.46616431101652206,-0.10534499409883419,-0.33334430456903946,0.09719805065241996,-0.4243025120011519,-0.5085112197521235,-0.7656660464127738,1.3928419255569569,-1.0473874096401474,0.4382980191282054,-0.4652051498870575,0.534787896073794,-0.547428751356617,-0.8905929804838688,-0.7879118568725393,-0.39761548926598606,-0.3846248427397859,-0.3188407921966946,-0.23304621753390062,0.19435060663061357,-0.20331793755859087,0.33054685535410455,0.4764422490165394,0.625317711635881,0.5935521625363817,0.43244755949736374,0.45278334870597303,0.43029735115037193,0.45337852193723294,-0.5891819183428154,-0.5884846072860174,-0.06206551661402007,0.5480954957741423,0.3497068453633922,-0.7180450251143344,-0.26263698746399544,-0.4352314490864514,-0.19782920894551992,-0.5217785687225878,-0.24818227105649235,-0.2587824829357538,-0.5078059636752432,1
0.3507502280368512,-0.5351541900377714,-0.33443496123611377,-0.530887936962305,-0.3865336960124681,-0.2676221269318509,-0.9320491909360662,0.4015646634696051,-0.4243025120011519,-0.6248719664763439,0.6727180299061584,-0.6290995285041836,-0.945141542705887,1.427969058183622,-0.6383920664115071,0.6874907007345231,-0.21038013755428908,-0.0740986638303499,-0.6721204456859571,0.15255645836963264,0.6604552265794724,0.578779274701293,0.7053356087356755,1.1182332721323134,-0.6600910990364331,1.0244291019054923,1.0722055620691129,0.9545649426553006,0.9187528670203503,0.8005218191601735,0.6316218090185887,0.6058037541717811,0.6196175713527673,0.11318452373555772,0.8636267541029936,0.3238876628813139,1.1749060582253423,2.2310882772722613,-0.3344349612361129,-0.2860484750454966,0.254422372924878,0.6983696827625006,-0.5605060108834716,0.4598466696801168,0.20410898648556525,-0.624126994206658,0
1.0692921431588198,-1.0303212549497511,-1.5832081479035136,-0.8405799633598025,-0.744871463530711,-1.0357338890081298,0.9478841522563977,0.07284872162704459,-0.4243025120011519,-0.7412327132005644,-0.5960863545471766,-0.3619781243513385,-1.0830916201010174,-0.4302971859627939,-0.681868253984888,-0.24949880156720972,-0.7378281314073406,-0.13246351851639987,-0.8244508842276012,-1.1719233012632184,-1.1905452728036108,-1.1639519686824957,-1.109531129536378,-0.7974948756659687,-0.9792138374741789,-0.6965232017080941,-0.28353723636166733,-0.2488491731220337,-0.2859959295465525,-0.23389232946479765,-0.1752196661292346,-0.2288685770100791,-0.23249006558320798,-0.19095404685008358,-0.41798330728913424,-0.10437932034606666,-0.612968113592551,-0.9750965345175467,-1.5832081479035134,-0.06524468661152838,-0.9184153948822975,-1.1104892137284523,-0.5397943500649813,-0.8649121847071064,-1.3005803614105815,-0.7404480247380727,0
1.1393305247772094,-0.8322544289849592,-1.3465125765743977,-0.9863618196883804,-0.5657025797715896,-0.7544535254309009,0.18154189770660376,-0.6211071555961368,-0.809893569482365,-0.7412327132005644,-0.5114993955836209,-1.1061020359199765,-0.1450310938141304,0.12428561295840813,-0.7699288456776381,0.9283152164449038,-0.30184510758661015,0.7305025471987686,-0.8972241301705727,-0.143180649044401,-0.10982659558532647,-0.20773702735083177,-0.2521480421512592,-0.10362748554878606,-1.0032338285393854,0.07802304711388944,0.4498973922976071,0.7244037729711109,0.7510030345869839,0.7570184203862262,0.9678057569968483,1.0011748584158202,0.9391579352037579,0.33178412134398727,-0.0885478852065807,-0.6300962758048272,-0.23913448324231107,-0.5520582607397249,-1.3465125765743986,-2.6437838430692215,0.11474992421929496,0.010921589919528444,-0.5863107710280816,-0.10127196328821075,-0.5859700301252109,-0.7404480247380727,0
1.087450242096922,-0.6341876030201673,-0.701721192608878,-1.0339486432567764,-0.784686771032738,-0.8193643785641076,0.7443244908916087,-0.268041884728202,-0.23150698326054528,-0.7412327132005644,-0.5396950485714728,1.1071895984892959,-1.2210416974961478,-0.8855517223906464,-0.43720813960135213,-0.7372190392663838,-0.8010914023463627,-0.46180805567339644,-0.4889538859820369,-0.6501585474684589,-0.6433795646451677,-0.842262374222152,-0.9441475898377255,-1.1923217744195171,-0.6429339625612855,-1.2662502297169695,-1.016971865020942,-0.950840740658812,-0.9036203125966735,-0.8767758891242425,-0.7691446408908266,-0.7480427543002315,-0.7384289750139432,-1.020998895740063,-0.6177699503585539,-0.3159483390062995,-0.47055530203055473,-0.9821276415609453,-0.7017211926088786,-0.37830768509859847,-1.2198408632285374,-1.1907803088098536,-0.23662324961366943,-0.21530880066944286,-0.7349221448217755,-0.7404480247380727,0
-0.07207407580748354,-0.3866040705641775,-0.07325364114881408,0.6390681110549727,-0.3666260422614546,-0.5489024905090798,1.2592106931672513,0.04849939260167029,-0.23150698326054528,-0.3921504730279032,-0.6242820075350285,1.0881094981926542,0.3653841925478519,-0.49237735002113747,-0.6187851582901784,-0.6542458867947402,1.9161804156971758,1.3058132576755475,-0.26076658938119357,0.6625520823795479,0.911128836809827,0.9934342106799927,0.47466909284018655,0.19541300581484847,0.16345145177065248,-0.2798220283297019,-0.21686136102900622,-0.3787258331581121,-0.438495777213249,-0.4054890690731457,-0.2928840479216254,-0.3007542323271772,-0.3256893383730802,2.226313967283711,-0.23307439295892673,-0.6842066551227777,-0.20353128035181195,-0.8567395659536685,-0.07325364114881538,0.4514811783635935,1.5941481768692392,0.6876375581433979,-0.4415923379763747,-0.5333207341610539,-0.8313758593232454,-0.3914849331438284,0
-0.10320224541565669,0.306629820312594,0.3511660039930486,0.21690500482677436,0.09124999401185574,1.1387796909542935,-0.22557742502297481,-1.2663643747685698,-0.4243025120011519,0.07329251386897835,-0.7659369681459964,-0.32473376857231345,-0.22195137253613834,-0.6992443338920854,0.7318755655092557,-0.4887552455972884,0.009099899342737413,-0.6999209229836246,0.555056768471115,0.42917368526344124,0.4296115843934448,0.38819143834612835,0.517242464738887,0.4324001554283008,0.48050882875593987,-0.09667486341885559,-0.2881191538072624,-0.49531911790238425,-0.5309181341043345,-0.6882844600043934,-0.6999158065448011,-0.7072703994110764,-0.735709213405552,-0.08884191121316867,-0.5046990113931162,-0.2098432705570007,-0.024913445392456615,0.4162540457017025,0.35116600399304837,-0.008581110238046821,-0.0446632519111661,0.37245149041429326,0.2610777369920597,-0.12265337049487651,0.8571873335001856,0.0737991889818308,1
0.5582713587579969,-0.7332210160025632,-1.2975410790580302,-0.4553532963775493,-0.3666260422614546,0.17593536947839472,-0.7644118227532986,0.9615992310532259,-0.03871145451993881,-0.7412327132005644,0.3484680205458617,0.019623881581274066,-0.002482680505828729,0.24016858586731601,-0.6827207282510328,-0.12807467599895062,-0.24849054173442287,0.36780666450688615,-0.9015411871332915,-0.260871946892843,-0.14634857853279543,-0.12067424719872043,-0.10852549451821898,0.04355650629425287,-0.8831338732133522,0.12510792546173022,0.03872949441286218,-0.06472023737468212,-0.08774612757984697,-0.07679672278109888,-0.15280740293068393,-0.15498609793417278,-0.1792333382747095,0.008636890096743503,-0.10130022412590527,0.14245120142420517,0.6390778547233319,0.2787842215552218,-1.2975410790580308,0.5969425806609084,-0.17332450123596996,-0.12570945867953784,-0.5469833993946821,-0.9049392863908975,-0.6089799554393174,-0.7404480247380727,0
-0.31591140440483007,1.0493804176805637,-0.4323779562688504,0.3800598284898463,0.25051122401996373,-0.4407177352870687,-0.9799455818454285,0.24329402480466897,-0.4243025120011519,0.5387355007658597,2.3503593826833455,-0.17117712138503222,-0.1404327579009595,-0.736559328650622,0.6283846930795536,-0.5692489988969587,1.1768385746025805,-0.5076661557838644,0.9819290934585342,2.086918558904282,2.2059991413109974,2.0558952566040634,1.8412593945606295,0.7911577347033384,0.7811083648759669,-0.03498066092092893,-0.49467750824842827,-0.5118905099039646,-0.5833706324966107,-0.6326734848926489,-0.7271216473935442,-0.7740014631647392,-0.778371520495317,0.5123663976292119,-0.7219140515330384,-0.46340553383009814,-0.36967956050747414,-1.0571261166905315,-0.43237795626885084,0.2409747248656892,1.294776715121611,1.8906717206185997,0.32623074067614855,0.7099692297268548,0.26771654290745744,0.5390833111074899,0
-0.6583212700947236,0.9008302982069696,1.2408148755404123,2.26011703264441,0.9671867590564495,1.2036905440875003,-0.010043665930844983,-1.5585563230730677,-0.4243025120011519,1.1205392343869618,-0.6806733135107322,-0.4001383249446214,0.9631678612600841,-0.6620631317806097,1.0716713114748102,-0.90417721192274,0.06401477254267413,-0.837010692940861,0.5810595183489446,0.4332049378543791,0.28195467603297625,0.13756281257449127,0.04380144994106605,-0.6316208531127028,0.3864942259475715,-0.8660287637603215,-0.9836339273546114,-1.069209342210681,-1.0942451221800442,-1.087042316531655,-1.063305595371804,-1.0355853755686235,-1.044655157037809,-0.27966112993756237,-0.7410425599120255,-0.15316841828559305,0.1168975456626795,-0.9750965345175467,1.2408148755404111,0.43784000551530144,-0.17563525865940816,0.0922636930670766,2.714166376789322,0.3108371589555694,1.3017290857263017,1.1206884637645642,2
-1.7037089661024993,2.7329484383812948,0.6694807378494438,2.312991281053739,1.5843240253378676,2.1016240124301926,-0.17768103411361263,-0.633281820108825,0.5396751317018809,2.400507448353386,-0.257738518692954,0.7446676928532976,0.5493176290746926,-0.6123990005339349,0.7392063476783677,-0.24545133071493436,-1.186006484565714,13.083007149682071,0.48546754274588866,0.2762832073897896,0.36329909259779347,0.22610123306816376,0.28317236266279966,0.18373173662095635,1.1242510943789192,0.15335885247043501,-0.31687517402799803,-0.17980082221677682,-0.22499599047987381,-0.2846462947010696,-0.40494536391437874,-0.47647472310230565,-0.4721453384714509,0.35712900222612404,-0.483870391705645,-0.37044338926726855,-0.5773649107020519,-0.4594820180016419,0.6694807378494438,0.35605817837373077,0.8891104118958365,0.30113304255058954,0.018989328078655932,-0.8937843295639359,0.6382519676538522,2.4002197996101273,0
-0.37816774362117633,-0.6837043095113653,2.0406826683077655,-0.8843900548989606,-0.5258872722695626,-0.9275491337861187,-0.7763859204806394,1.9842710501189678,-0.6170980407417584,1.5859822212838433,0.6727180299061584,0.2867452857341191,-0.17262110929315672,1.7383698784753396,-0.6184441685837206,-1.0003046446642785,-1.050181004067717,-0.17998918590361207,-0.5155346224239189,-1.1227343742137414,-1.1784266148255873,-1.2347827050774338,-1.31756621368363,-1.524069819526049,-0.7458767814121713,-1.475777938364862,-1.2725627204628105,-1.235254186054275,-1.2391199774634059,-1.1909671024916404,-1.1193362533681805,-1.0835091457800223,-1.1112260661734323,-1.4011721089721147,0.17925123209923702,0.25304409754205426,-1.4259079129256123,-0.5391678978268272,2.040682668307764,-0.3292586821704935,-1.3214628396948422,-1.3095738261454446,0.11672894847075607,1.6699543827003605,0.47378581921276425,1.5859725858902234,2
0.9136512951179614,-0.6837043095113653,-0.9547405964434498,-0.1804072046490394,-0.744871463530711,-0.7652720009531021,0.253386484070647,-0.00019926544907938006,-1.0026890982229715,-0.6248719664763439,-0.11676025375369456,-1.7166652454122053,-2.2533681100030405,-0.8523181412314131,-0.19186604580490038,-0.7588730083260568,-0.4532958537984618,-0.7219485508455052,2.208589993293878,-0.5209998923937585,-0.5897586533177474,-0.6917470593829086,-0.7591791572800222,-1.049810290254035,-0.16253414125715218,-1.084973448077782,-0.9947465732433883,-0.9459087155941508,-0.9493702668966824,-0.9009444439986577,-0.8251752988872033,-0.7839855819587805,-0.778371520495317,-0.8594252801164411,-0.7027855431540515,0.11776814924717789,-1.0556346028644223,-0.9586906180829498,-0.9547405964434502,-1.0021692207651383,-0.7427464805360475,-0.7064284225518421,0.03017539107155672,-0.19335250007377786,-0.6761016219671353,-0.624126994206658,1
0.042062546089146426,-0.8817711354761572,0.09814660015847687,-0.27935758381506914,-0.5457949260205761,-0.4515362108092698,-0.14175874093159072,0.1093727151651071,1.503652775404914,-0.8110491612350965,0.3061745410640838,-1.1633423368098736,0.4573509108112727,2.9096156403760873,-0.6750484598557303,1.2622315617576165,-0.6219725026997339,0.9931443932859937,-0.886431487763776,-0.6079103892664541,-0.5713316528306154,-0.5648419900086447,-0.482814558046748,0.010848952551355234,-0.9002910096884998,0.5206209035835945,0.9499664572925672,1.0038851933019124,1.147502638520395,1.370899714196373,1.500097007962426,1.4105237289715171,1.2586982990547486,-0.466579626443321,1.5139960389885512,0.8976884862174003,0.8586309392147428,0.9467393906780984,0.09814660015847661,0.4578698186861687,-0.12659585111755814,-0.28965191406790824,-0.5740452890136379,0.43225766852524317,-0.006619313598341486,-0.8102406430569217,0
-1.1252438142173025,1.3959973631189495,0.587861575322163,1.542537947089233,0.3102341852730043,1.182053593043098,-0.6326967477525528,0.3406913409061683,-0.03871145451993881,1.1205392343869618,-1.230488546773844,-1.5449443427425134,-0.18641611703266947,-0.8234715583323029,0.38116715589758343,-0.2717598912547238,1.6494075864362394,-0.26586890065594276,2.9585244599604335,0.7530838499552726,0.8115234287712755,0.9786778072643809,1.0535114817854698,0.7210701195399869,2.8399647418936804,0.4264511468879125,-0.07239696447490655,-0.18473284728143805,-0.20212101332986931,-0.34748453737454926,-0.40494536391437874,-0.4305477766497153,-0.4588311566443263,1.180837630895569,-0.5646352048613678,-0.3302965651808934,-0.4171504976948062,-1.0090802185606405,0.5878615753221641,-0.04286491280076364,1.2870741903768177,0.8211599913355515,-0.10675833626191293,-0.4206666222580348,0.4634155756936346,1.1206884637645642,0
-1.4209614254949363,0.7522801787333758,2.1631114120986874,-0.0013901064631690017,0.9074637978034089,1.182053593043098,0.19351599543394404,-0.9011244393879477,-0.809893569482365,0.887817740938521,2.3221637296954936,0.0005437812846597067,0.21823744332637934,-0.7990533604693544,0.5695639687155675,-0.9288667841216194,-0.30336952375381543,-1.162603203725183,0.36366486415489796,-0.6570993163159311,-0.7243919631831897,-0.6917470593829086,-0.6782282667959451,-0.9283250906375585,0.5580655906990476,-1.0567225210690774,-1.0503098026872728,-1.097157484243761,-1.1552450612467229,-1.1257120043307194,-1.077313259870898,-1.0515599656390897,-1.084597702519183,-0.4158898646790474,-0.9089483556831334,-0.37941904460436937,-1.3855576163163799,-0.9563469157351502,2.1631114120986883,-0.1547967660459081,-0.780796952775326,-0.8072363793188672,2.1966334013573894,0.4046520780327163,1.2040590159953606,0.8880464027017345,2
0.7346643198709731,-0.5846708965289693,-0.6282639463343251,-0.16907700856132613,-0.5258872722695626,-0.4407177352870687,0.5048425363447983,-0.2923912137535774,-0.6170980407417584,-0.6248719664763439,-0.5537928750653988,1.5841921059050885,0.25042579471857657,0.8485541936390825,-0.5284228860788377,0.6449922567856325,-0.14178141003004827,0.6971512016638827,-0.6406676021004354,-0.37252779356957005,-0.37710110715543976,-0.3641549035563201,-0.3348398120005853,-0.20175014677747855,-0.6257768260861379,-0.07264856359920151,0.39433416285372264,0.4284822690914385,0.45362833163692595,0.612007091139735,0.7436831250113417,0.7815242449469098,0.8193302987596363,0.37296955277745975,1.1951875660054347,-0.030650722934167176,0.9357712121441571,0.841272785027118,-0.6282639463343245,0.5462264558252287,0.06391326090366006,-0.22363084399728694,-0.5385428789989227,-0.315046008134606,-0.5665218580746284,-0.624126994206658,0
0.5297372032838394,-0.5351541900377714,-0.3262730449833844,-0.061817818930973475,-0.6453331947756435,-0.18107432275424204,-0.417162988660423,0.462437986033042,-0.809893569482365,-0.7412327132005644,-0.8639450579317697,0.7065074922600417,-0.048466039637539524,-0.2688887594111008,-0.39884679762483954,-0.207000357618319,-0.4847750476512523,-0.7869836746385324,-0.3933619103789809,-0.23974786779184068,-0.22271272469568487,-0.09706400173374105,-0.047594716734505035,0.02486647558402571,-0.16253414125715218,0.11098246195737824,-0.13907283980756793,-0.29652541541375865,-0.24024597524654348,-0.27981258372618667,-0.3769300349161904,-0.41856683409686557,-0.3789460656815787,-0.5616229297513339,-0.6432746281972032,0.20457555872171,0.17623621714684456,-0.08448964235371124,-0.3262730449833849,0.2689712171787221,-0.5183976098027048,-0.17233868978322792,-0.43590100765356804,-0.04903600910437505,-0.17255330770995778,-0.7404480247380727,1
0.6620319241185716,-0.6837043095113653,-0.579292448817956,-0.6003798063002799,-0.665240848526657,-0.2892590779762531,0.21746419088862512,0.1337220441904814,-0.4243025120011519,-0.27578972630368276,-0.5396950485714728,0.191344784250966,0.6872677064698234,-0.2688887594111008,-0.6545890774682569,0.6935619070129363,0.5899383502285203,0.33028640078013977,-0.7504441934381384,-0.5445381519634468,-0.38706164795929504,-0.36563054389788124,-0.23909144691189188,0.052901521649366234,-0.8316624637879093,0.5088496839966341,0.3498835792986151,0.7408438565199815,1.071252714687047,1.1509658648391945,1.1919283889823546,1.0810478087681514,1.1255564807835023,1.592691945230292,0.23451136741631068,-0.4153216659527725,0.31271516156042406,0.5131544563351785,-0.5792924488179566,0.8089761135402244,0.5209297290947227,-0.17714964219868803,-0.563649465687681,-0.402268838975347,-0.5385444824663169,-0.2751639026124136,0
-0.00981773659114093,0.9008302982069696,-0.587454365070684,0.8015431229527816,-0.3268107347594277,-0.3433514555872587,1.534614940896084,-0.8889497748752606,0.5396751317018809,-0.15942897957946245,-0.2154450392111761,1.2216702002690905,-0.0944493987692495,-0.9434932088451004,0.08280116274692984,0.07025139576253939,2.312528619170567,0.17186750948943233,1.2286180627567431,0.31249591442007957,0.4463035992965864,0.4622036877179573,0.6269960372994716,0.6042574276010672,2.6855505136173523,0.6477500751227648,0.18319389096696184,0.17366097408394301,0.11050367438685856,-0.026042757544826926,-0.16121200163014043,-0.18493845431629705,-0.2391471564967703,1.6243730463329629,-0.4604911036868831,0.0014051889840499313,-0.838455065232378,-1.0500950096471329,-0.5874543650706846,0.3138975628688208,1.7615497146560777,0.4967463677631957,-0.33551420637691015,-0.772919528331828,-0.8804146889388587,-0.15884287208099884,0
0.5089850902117252,-1.079837961440949,0.42462325026760145,-1.373854525888176,-0.5258872722695626,-0.5380840149868786,0.8161690772556519,-0.3897885298550767,-0.15438877176430257,-0.8575934599247846,0.39076150002763954,-0.01853631901198177,2.7105355082650693,1.9659971466892658,-0.6741959855895855,1.7074533555079,-1.1250298378774997,-0.3909364464117643,-0.8888983774567581,-0.4449532076301497,0.014680164462862988,0.3589088638086727,0.5530086642763904,3.0573239583183796,-0.9483309918189132,2.813654479123448,3.4169738446010367,3.2068563888505848,2.977500810520754,2.978108613344985,3.5172006958319844,4.01637873421632,4.014733937269543,-0.7517095363673598,2.9805150147108863,0.29013631579783755,-0.9749340096459577,0.5365914798131741,0.4246232502676024,1.673947187415965,-0.34175304232211434,0.7069553824577833,-0.5772275957506726,0.22850505413086372,-0.2516644304108628,-0.8567690552694875,0
-1.1511839555574443,0.35614652680379205,1.5672915256495354,0.50242594623715,-0.6453331947756435,-0.7003611478198953,2.3608276840825817,1.0346472181293498,-0.4243025120011519,-0.5085112197521235,-0.4410102631139913,-0.4001383249446214,1.3310347343137647,0.3974383348151196,-0.5872436104428237,0.3839303868138753,4.522932061618326,2.4522657604372444,-0.8398689448087392,1.8455005120356829,3.1854523203567546,2.1887028873445726,2.0284039263248936,1.655571655051344,-0.21400555068259508,1.259853493644697,0.6721503100731449,0.3791620184448266,0.24775353728688557,0.2857316003351294,0.22539953854485822,0.33423572297385523,0.3932764802916487,4.697439853292047,0.5448182811198773,-0.8288429296977733,2.1818833133116233,0.6654951089421505,1.5672915256495348,0.5503271239271309,4.4584603786329975,2.507139761670398,-0.5419244645429573,-0.5555683330210647,-0.9715552395302542,-0.5078059636752432,0
-0.3677916870851174,0.6532467657509798,1.2816244568040518,-0.3351021485666186,-0.46616431101652206,-1.2196479728855487,1.810019188624916,1.2781405083830981,-0.03871145451993881,-0.5085112197521235,-0.5678907015593248,1.3743110026421408,0.5033342699429827,-0.5047933828328062,-0.2564835951786705,0.02168174553523576,3.341509532034179,-1.2947579104071676,-0.7131324868317843,-0.96098428281178,-0.7705424689077185,-0.9071905492508452,-1.009430566034562,-1.2086755512909657,-0.5228340072352522,-1.2897926688908898,-0.9058454061331731,-0.7568477547821378,-0.6748705410966286,-0.4973295775959236,-0.3629223704170963,-0.32671294119168476,-0.2990609747188309,2.954979292645144,-0.005657682230970317,-0.3222312977422701,0.14063301425634545,-0.9411128504744529,1.2816244568040511,0.17978287645494895,1.8854063125523528,-0.915149742730264,-0.4258001830618713,-0.1194605724863807,-0.9149383328837495,-0.5078059636752432,0
0.2521776909443078,-0.5846708965289693,0.8408809791567348,-0.20004621120107588,-0.24718011975537363,-0.4623546863314709,0.44497204770809523,-0.6698058136468865,-0.03871145451993881,3.215032675422928,0.3484680205458617,1.1835099996758345,1.3310347343137647,1.6887057472286648,-0.40992896308472093,-0.8932490406215967,-0.9725882211569646,-0.6785918016501539,1.4710078831831905,-1.048498324801647,-1.095920135166987,-1.1683788897071794,-1.2235587279601854,-1.4072571275871293,-0.5914625531358427,-1.3721912059996118,-1.1947741992413723,-1.0757853756302294,-1.0789951374133746,-1.0532063397074738,-1.0072749373754273,-0.9936520766336496,-1.0180267933835598,-1.353650457318108,1.1696828881667853,-0.5403397224338192,-1.5564529901907753,0.6303395737251569,0.8408809791567337,0.7489825229925918,-1.277917899804278,-1.2097280598615119,0.08486290704150445,0.8454390540263887,0.27868993402966585,3.21446701333003,2
0.060220645027244966,-0.33708736407297946,0.15528001392757385,-0.22497264259404515,-0.2869954272574006,-0.2676221269318509,-0.24952562047765592,0.7668045988502271,-0.4243025120011519,-0.3921504730279032,0.22158758210052806,0.5157064892937083,1.6989016073674463,1.5190199654691925,-0.641801963476086,1.3128249474110578,-0.08080476334183423,0.24273911875106463,-0.5937966979337757,0.9100055804198619,1.3095504689640334,1.480395523395192,1.6323538707307528,2.3564478066848618,-0.4542054613346617,2.3192632564711184,2.272371318057017,1.9245298720386712,1.887126899703873,1.6730066501265632,1.3460126984723906,1.0411113335919857,1.0323572079936298,0.2620856989181112,0.004969266868466857,1.873470445007929,2.6269233494428614,1.5092279541499947,0.15528001392757468,1.1790031233478644,0.7401949334965016,1.5672276889945915,-0.5698634904053514,0.0574542558464134,-0.1811121204526931,-0.3914849331438284,0
0.9421854505921189,-0.5846708965289693,-1.1832742515198362,-0.9659674667304965,-0.6851485022776705,-0.9059121827417164,0.9239359568017171,-0.6211071555961368,-0.4243025120011519,-0.6248719664763439,-0.8216515784499917,-1.5449443427425134,-0.5657788298692786,-0.5799931548954795,-0.7789650728987723,-0.5006443679508923,-0.28248502226310224,-0.3442445626629242,-0.8922903507846086,-0.5949341692472669,-0.665292754413649,-0.6548560508438783,-0.8170633961745506,-0.9329975983151154,-0.7973481908376141,-0.8471948124211851,-0.8502821766892887,-0.6499872117144785,-0.6367455791799546,-0.5867532306312598,-0.5590296734044145,-0.5343826121077457,-0.4588311566443263,-0.007203660454591925,-0.537005137202831,-0.418206698025412,-0.32458217017950863,-0.49932495791423454,-1.183274251519837,0.17772584459873098,-0.5389890259537853,-0.7184187962642196,-0.5711884724252245,-0.4080974213459134,-0.9156108963606051,-0.624126994206658,0
-0.5104624644559048,1.0493804176805637,0.2532230089603105,0.8423318288685496,0.5491260302851662,0.6411298169330424,-0.11781054547690964,-0.4019631943677639,-0.03871145451993881,0.7714569942143008,-0.5396950485714728,0.17226468395435163,-0.46231627182293017,-0.9890186624878856,0.10837539073127157,-0.10986105716371163,-0.6875223978895639,-0.8078282655978359,0.5656414577678066,1.1302995481874585,1.1269405542266888,1.1409982448361136,1.371221965943407,1.0247831185811775,0.7982655013511145,0.6006651967749241,0.3832215169649458,0.07008844772605756,-0.12587108949652115,-0.10096527765551401,-0.13879973843158977,-0.27080187594505295,-0.2591184292374572,-1.1350508597096785,-0.8111804239683111,-0.2454253327862219,-1.767698660674403,-0.2267406259817366,0.2532230089603104,-0.12678423164256936,-0.21543163650750627,1.1540038838328424,-0.27946735650824933,-0.21673947719739603,0.2771883542890862,0.7717253721703198,1
0.19510937999599282,0.6532467657509798,-1.256731497794389,0.48807436452604663,0.5093107227831392,0.6844037190218469,-0.656644943207234,-1.2420150457431949,0.15408407422066794,1.1205392343869618,-0.0744667742719167,-1.3159831391829242,-0.5312913105204955,-0.36821702190445044,0.17657333202284953,-0.5753202051753716,0.35365384431169083,-0.5576931740861929,0.13701937361216843,1.0488209573693061,1.1269405542266888,1.037703420926829,0.9664675135230213,0.39633083594979013,0.31786568004698096,0.2122149504052362,-0.33910046580555187,-0.6055989861325276,-0.6824955334799635,-0.7051791495158944,-0.7971599698890149,-0.7939697007528218,-0.8049998841495662,-0.11808751431394049,-0.4689926629664328,0.48435955794390917,0.615342386129666,0.3490952919892088,-1.2567314977943886,0.22285283863185607,0.3987163364773371,0.9407676698491434,0.046509731784744275,-0.4287565814699049,0.3414678876280125,1.1206884637645642,0
0.9681255919322608,-0.6341876030201673,-0.9547405964434498,-0.510493584004421,-0.6254255410246301,-0.6462687702088897,0.2893087772526684,-0.6698058136468865,-0.809893569482365,-0.8575934599247846,-0.3564233041504355,0.34398558662401646,0.7102593860356781,2.8889222523566396,-0.7606368761766606,0.5134494540866852,-0.07318268250580748,2.1687793233907158,-0.8861231265521534,-0.14016292345854348,0.0860640402238249,0.034267988665206424,0.05685804518043322,0.28886315936598383,-0.9860766920642378,0.32992714627483855,0.6054744347404835,0.7737240236177231,0.9645028213203594,1.020455668517352,1.0798670729896014,1.0610795711800685,1.1388706626106269,1.0160959051616802,2.2366285777502815,1.0156542420764394,1.0722501565577367,1.333450278065027,-0.9547405964434502,0.955315745146021,0.40128384472560147,0.2014353055717472,-0.5822112916388876,-0.0030223631459789764,-0.44825758820599954,-0.8567690552694875,0
-0.11876633021974327,0.40566323329499004,0.04101318638937989,-0.027827230667833325,-0.02819592849422521,0.12184299186738912,0.6006353181635221,-0.024548594474454757,-0.03871145451993881,0.07329251386897835,-0.34232547765650956,-0.28565772316482685,-0.8301831448766116,0.5505694061590336,0.3300186999289,-0.20092915133990596,1.032019038718072,1.1307186936173972,0.6211464758599036,3.0525907463786774,1.5917657917399295,0.860626579939484,0.3615119340990033,-0.04755739341810458,0.7982655013511145,0.023875437013872253,-0.2279740069177831,-0.38694587493254745,-0.3012459143132222,-0.2846462947010696,-0.15280740293068393,-0.04116714368210105,0.06042193461353341,1.9411840573596724,0.45342651886471713,-0.4249384395282376,4.822454194356968,-0.061052618875715454,0.04101318638938077,-0.298429681029117,1.302479239866404,1.5730748465456887,-0.16451787805269574,-0.5389103304044448,-0.4265790792598699,0.0737991889818308,0
0.060220645027244966,0.20759640733019827,-0.26097771496155947,0.624792063984454,-0.3268107347594277,-0.9167306582639175,-0.6686190409345742,0.9981232245912883,-0.6170980407417584,0.18965326059319867,-0.22954286570510207,0.09594428276781285,-0.23239947616437945,-0.6579244541767202,-0.17720348842721115,-0.18069179707852945,0.536583784376333,-0.28254457342338574,1.610985965168967,0.8979346780764318,1.077137850207413,1.2295366653297863,1.2450082119628565,1.0948707337445296,1.3644510050309857,0.7183773926445265,0.17208124507818495,-0.023620028502505407,-0.06487115042984247,-0.27981258372618667,-0.3769300349161904,-0.47447789934349743,-0.5120878839528248,0.1733786158306324,-0.6390238485574283,0.16373632693790136,0.09316207706901314,-0.784084793171882,-0.2609777149615611,0.13747065587728427,0.640575613463843,1.045424388548536,-0.3594481814550894,0.6331433037926574,-0.20255921198659757,0.19012021951324545,0
0.8098907297573867,-0.8817711354761572,0.44910899902578527,-0.9387749961199845,-0.6851485022776705,-0.8410013296085098,-1.3870649045750065,0.24329402480466897,-0.03871145451993881,-0.7412327132005644,1.3747926060519104,2.000142104579072,-0.7212438544187028,0.26665612253220916,-0.6986696156384498,0.8923411120642681,-0.6347145669988656,-0.04071420906887998,-0.8175000861583128,-1.1472013316094147,-1.0802553237913073,-1.192128241759699,-1.1805668406954357,-0.820228980904439,-0.6409637361939508,-0.2767307508688294,0.2599004985950962,0.5802293439709005,0.7862282699113414,0.5889161264882691,0.7429832306288522,0.7415448172003459,0.7845398354462763,-0.22383418928793478,0.7741501942707517,0.1986131591049216,-0.1130032620928088,1.272861584846108,0.4491089990257863,-0.3202160347700986,-0.5138014269139808,-0.9317841537076009,-0.5741716044101661,2.320252296964905,1.076939400949701,-0.7404480247380727,1
0.6205276979743433,-0.6837043095113653,-0.6609116113452369,-0.23856887789930115,-0.5856102335226031,-0.3974438331982642,-1.2194275363922389,1.497284469611471,0.5396751317018809,-0.7412327132005644,-0.6383798340289545,0.4966263889970669,-0.18641611703266947,-0.1530057865021929,-0.34684586739001133,-0.2021433925955886,-0.4847750476512523,-0.6535782924989895,-0.5691278010039548,-0.32696013722312206,-0.20611182335592626,-0.12214988754028161,-0.060216092132560045,0.06925529852081505,-0.6429339625612855,-0.04675188050788912,-0.05017167269735275,-0.15678470524835791,-0.13349608187985582,-0.25322717336432987,-0.2648687189234371,-0.3227192936740683,-0.3256893383730802,-0.4507390758919856,-0.6177699503585539,0.3604314024680814,0.3423844973025066,-0.37510873348085744,-0.6609116113452363,0.2762534483308111,-0.4955981365581171,-0.18218263857178435,-0.4172993759202836,0.03551002127622758,-0.24453820245309202,-0.7404480247380727,1
-0.31850541853884573,0.15807970083900025,-0.6364258625870531,0.0960495798911654,1.0070020665584765,1.192872068565299,-0.12978464320425045,-0.2923912137535774,-0.4243025120011519,-0.27578972630368276,1.1943376101814185,0.191344784250966,0.34239251298199735,-0.23577933857998426,-0.06808678236068642,-0.07545755491937163,-0.40093215845495794,0.6054350014429472,-0.6092147585149138,-0.8342398082057656,-0.7107792240845876,-0.6386240070867051,-0.5785629231354414,-0.26482900042449503,-0.5743054166606951,0.059189095774753044,0.049842140301639075,-0.020332011792731045,-0.011496203746498623,-0.0018742026704115795,-0.05475375143702493,-0.07311632382303354,-0.11266242913908638,-0.14976861541661135,0.047477063266215744,-0.7551143322858739,0.4669957074192533,0.5834655267691653,-0.6364258625870525,0.6076275388502161,-0.4079947551273359,-0.625382378014476,-0.34795047542166596,-1.129349264282217,-0.1886916740889558,-0.2751639026124136,0
0.656843895850544,-0.5846708965289693,-0.6201020300815973,-0.530887936962305,-0.784686771032738,-0.6354502946866888,0.40904975452607384,0.12154737967779426,-0.4243025120011519,-0.6248719664763439,-0.7088689664985841,-0.26657762286818537,-0.3703495535595102,-0.1530057865021929,-0.744098875413453,0.6490397276379078,-0.4237984009630382,1.5267659218441652,-0.9268268064863578,-0.5807508589937367,-0.38374146769134326,-0.3641549035563201,-0.3696573993055648,-0.026531108869099082,-0.9860766920642378,0.12981641329651464,0.18319389096696184,0.5928831045801454,0.93400285178702,1.03253994595456,0.9537980924977543,0.9971812108982038,0.9258437533766333,-0.14976861541661135,1.1080465833900497,-0.401217064708757,0.9333976652847906,0.8026016962884249,-0.6201020300815987,0.14708182419208946,-0.024922524486288056,-0.23998808220985107,-0.580013544700572,-0.2645409960106932,-0.6564087010244106,-0.624126994206658,0
0.32740410083072136,-1.079837961440949,0.42462325026760145,-0.9047844078568444,-0.7249638097796975,-0.7219980988642976,1.3430293772586355,0.1580713732158568,-0.6170980407417584,-0.8459573852523626,-0.8216515784499917,-0.20933732197828805,1.4459931321430401,1.6307642607742108,-0.7850176401883997,1.5354358442861995,-0.6448387452078141,1.931150986454655,-0.9277518901212262,-0.6531762730543164,-0.5215289488113396,-0.36563054389788124,-0.3087266215218508,0.6393012351827427,-1.020390965014533,1.0715139802533336,1.483373459953858,1.6943687023544811,1.7346270520371772,1.8905236439962998,1.9903652654307216,2.039523212996125,2.0309208450279757,0.04031799119941436,4.383272295836599,0.29013631579783755,0.8052261348789939,1.8607833063199297,0.4246232502676024,0.9409990186607636,0.05826474275747828,-0.11579149523843592,-0.590169011175093,-0.2203964424137531,-0.7104306858519057,-0.8451369522163461,0
0.2521776909443078,-0.33708736407297946,0.3430040877403192,0.10813512238472636,-0.4263490035144951,0.024476712167579028,-0.10583644774956935,-0.3410898718043271,-0.03871145451993881,-0.27578972630368276,-0.8216515784499917,0.8209880940398092,-0.20940779659852488,0.11186958014673942,-0.31359937101036706,-0.23330891815810842,-0.13415932919402151,-0.24919322788849996,-0.47353582540089884,0.14652100719791777,0.13918692451105244,0.2851268467306122,0.1482542118560043,0.20943052884751853,-0.24831982363289035,0.12981641329651464,-0.09462225625246035,-0.32611756580172585,-0.31649589907989184,-0.33540025993734157,-0.4189530284134729,-0.42855095289090694,-0.3523177020273294,-0.1466005053063443,0.23876214705608545,0.03762836945163534,1.0247792193704048,0.6772136206811481,0.3430040877403204,0.0006659135039580208,-0.11067729997831878,0.13837482160294795,-0.3979907629247456,0.3300690145810378,0.283245755807687,-0.2751639026124136,1
0.036874517821118794,0.45517993978618804,-0.47318753753249154,0.6043977110265698,-0.1675495047513197,-0.007978714399024336,-0.8482305068446827,1.0589965471547251,-0.03871145451993881,0.07329251386897835,-0.27183634518687994,1.0117890970061427,-0.3933412331253656,-0.35166231148889215,-0.2692707091708414,-0.006650550430691482,1.8018492031567743,0.046799963733610825,0.2696146946099558,1.1031400179147413,1.1269405542266888,1.0967290345892773,0.8141405690637362,0.8145202730911222,0.2835514070966859,0.1839640233965314,0.07206743207919288,-0.05485618724535963,-0.06487115042984247,-0.10821584411783863,-0.04074608693793077,-0.09308456141111625,-0.13929079279333562,2.0362273606676857,-0.37760090071127284,-0.11079050272970994,0.923903477847324,-0.11964517757070463,-0.4731875375324907,0.09304566838005061,1.593121173569933,1.028845106378335,-0.42533158959906403,-0.2559130112831536,-0.21224851149361249,0.0737991889818308,0
0.1691692386558473,-0.33708736407297946,-0.2038443011924639,-0.38963815906881216,-0.2869954272574006,0.6411298169330424,-0.14175874093159072,-0.10977124606326587,0.3468796029612744,-0.043068232855241965,0.9828702127725291,4.484367350993101,-0.20940779659852488,0.4967665973084692,-0.33405875339784047,-0.4599672858855255,-0.6768514847191266,-0.38259861002804285,-0.46120137693598834,-0.2306946910342681,-0.2276929950976124,-0.24610367623142318,-0.2521480421512592,-0.33725286942662536,-0.35126264248377603,-0.31513568709058243,-0.46133957058209774,-0.47572232609644916,-0.5833706324966107,-0.5311655544201048,-0.5310143444062261,-0.5044302557256216,-0.4987737021257001,-0.8435847295651056,0.08148330038441466,0.18091829572606577,-0.07298620308664885,1.2397021841530442,-0.203844301192463,0.13664299231470484,-0.6637185766544695,-0.266189269210972,-0.33858567023388086,-0.5773952691885652,-0.053833526110150985,-0.04252184154958386,2
0.7528224188090717,-0.4856374835465734,-0.6690735275979648,-0.7416295841937727,-0.7647791172817244,-0.278440602454052,0.02587862725117639,0.4989619795711045,-0.809893569482365,-0.6248719664763439,-0.5396950485714728,0.5920268904802471,0.5493176290746926,0.10773090254284985,-0.5991782501688497,0.20179419846148663,0.49085129936017247,0.6137728378266684,0.24494579768013489,0.1495387327837751,0.16408827652069033,0.1228064091588792,-0.03453812149513756,-0.14334380080801873,-0.8488196002630569,-0.1644640763774915,-0.17241077747389863,0.16708494066439458,0.4917532935535999,0.6216745130895011,0.6316218090185887,0.627768815518672,0.6063033895256427,0.8988758310817979,0.17712584227934963,-0.4823185218618462,0.42367847723581253,0.2014420440778361,-0.6690735275979666,0.7509009484512947,0.53479427363535,0.1968463971139239,-0.5375880463699422,-0.49354826158401277,-0.6026634990765765,-0.624126994206658,0
-0.8502783160117828,0.9008302982069696,1.0286050529694801,0.3664635931845903,0.7681102215463146,1.2469644461763048,0.7323503931642683,-0.98634709097676,0.5396751317018809,0.7714569942143008,-0.6806733135107322,-0.4764587261311331,-0.7841997857449017,-0.860719656767309,1.7792249523749315,-0.5105606715389668,0.628048754408654,-0.6535782924989895,1.7343304498180714,0.24610595153121478,0.0877241303578009,-0.09263708070905752,-0.11287769293134148,-0.5124719073350048,1.0899368214286238,-0.7035859334602703,-0.7613810095790736,-0.8094560221385241,-0.7282454877799724,-0.7293477043903097,-0.699106318395356,-0.6881380415359831,-0.6585438840511955,-0.07056586265993392,-0.758045678471125,-0.5243117664747107,-0.5536294421083859,-0.5040123626098337,1.0286050529694792,-0.4683108239903837,0.26674641251654696,-0.021866901158145467,0.8917725980882661,-0.5250555166071181,0.3075068577134149,0.7717253721703198,1
-0.5441846481980936,-0.18853724459938556,-0.6119401138288693,-0.5716766428780728,-0.12773419724929266,1.8527990754195671,-1.4469353932117095,0.7059312762867903,-0.4243025120011519,0.7714569942143008,3.168033319331051,-0.6100194282075692,-1.2026483538434636,-0.2742276535201184,-0.08632973165618353,-0.7572540199851465,-0.5192268530300932,-0.6614992370635249,0.31565302350523405,-0.3351079963049372,-0.28363803261259896,-0.2947998075029431,-0.24300842548370205,-0.38631420004097156,0.14629431529550485,-0.5717482740863156,-0.6391419048025279,-0.7716438299761215,-0.9112453049800082,-0.9154455769233069,-0.9232289503808624,-0.9257600688341683,-0.9381417024208122,-0.8182398486829687,-0.5901398827000172,-0.02359842231215945,-0.682394359229024,-0.29893840717737163,-0.6119401138288708,-0.3864545079567058,-0.6846180937953417,-0.3746947498427334,0.13153664726625547,-1.1859535899630649,0.3051279051479016,0.7717253721703198,2
-0.0020356941890976423,0.009529581365406346,0.13895618142211655,-0.31334817207820914,-0.2869954272574006,0.26248317365600343,0.253386484070647,-0.0610725880125162,-0.03871145451993881,-0.15942897957946245,-0.003977641802286915,0.09594428276781285,-0.5529921006151418,-0.11161901046329724,-0.12690750672467235,-0.6825781827606673,-0.38568799678290444,-0.5785377650454965,-0.11583681991849577,-0.2638896724787005,-0.28247596951881593,-0.1988831853014647,-0.2652046373906265,-0.45172930752676643,-0.2311626871577427,-0.5929364693428439,-0.7058177801351893,-0.829184122397169,-0.9646202516633521,-0.9468646982600466,-0.9512442793790508,-0.9437314826634428,-0.9780842479021861,-0.922787482321783,-0.5667605946812553,0.17771270453424404,-0.42308436484322265,-0.07277113061471324,0.1389561814221165,-2.6437838430692215,-0.5651262599211166,-0.36559094757963206,-0.03269557592228531,-0.36316350511493223,-0.16834701824511403,-0.15884287208099884,0
-0.12654837262178656,-0.13902053810818757,0.8816905604203744,0.00616335759530652,-0.3666260422614546,-0.8193643785641076,0.0378527249785172,0.2189446957792936,-0.809893569482365,-0.5085112197521235,0.48944628548512126,0.40122588751391375,0.7792344247332433,-0.554457514079481,-0.5906535075074025,-0.1645019136694283,0.4451188143440119,0.36780666450688615,0.04759462224156768,-0.5149644412220434,0.28029458589900047,-0.485157411564339,-0.4654057643942582,-0.45172930752676665,-0.358125497073835,-0.2242618718792496,-0.13907283980756793,-0.14757825846099015,-0.17772103770319803,-0.19618938386070978,-0.23685338992524893,-0.2584215686404416,-0.301723811084256,-0.534377182803037,-0.13063060364035214,0.8880717126419353,-0.9333969396070422,0.32120523405039403,0.8816905604203757,0.42980989574722206,0.41668889421518784,-0.8357320205488998,-0.512046043032244,1.105297349446065,0.18431564200973785,-0.5078059636752432,0
-0.6323811287545781,0.9008302982069696,0.31851833898213544,1.1233206918438403,0.6884796065422605,0.6086743903664391,-0.4291370863877638,0.14589670870316965,0.3468796029612744,0.7714569942143008,-0.06036894777799074,1.1453497990825516,-0.3933412331253656,-0.18694294285408733,0.6539589210638953,-0.5554875979992226,0.07925893421472764,-0.4743148102489786,0.7537417968576909,0.8644379240734137,0.7467799135462169,0.8547240185732393,0.783239960330567,0.13700665984538865,1.038465412003181,-0.3622205654384234,-0.4835648623596514,-0.592446919293431,-0.6062456096466152,-0.6085049300182336,-0.5870450024026027,-0.5863000298367609,-0.5653446112613232,-0.14976861541661135,-0.6113937808988915,1.030399961558819,0.7221519948011629,-0.7407262997375901,0.31851833898213644,-0.101155108950293,0.11156621399144709,0.6760172576937478,0.31859608761895614,-0.18194451163887826,0.2774022753656466,0.7717253721703198,0
0.6283097403763865,-0.3866040705641775,-0.15487280367609488,-0.47650299574128097,-0.24718011975537363,-0.3217145045428565,-3.71003986367907,0.1580713732158568,-0.23150698326054528,-0.6248719664763439,2.4349463416469015,-0.4955388264277746,-1.2900167361937132,1.8666688841959163,-0.7185246474291113,0.41833388905821545,0.21645638926320923,-0.15330810947570345,-0.8472696138876854,0.34267317027865446,0.9609315408291028,0.8325894134498208,0.905536735739307,1.0247831185811775,-0.6944053719867285,0.812547149340208,0.7277135395170293,0.6257632716778869,0.621378164070292,0.5274171490792816,0.4074991770330821,0.34222301800908833,0.3133913893289009,0.31277546068238476,0.4321726206658428,0.42454322630451563,3.9917127935786576,2.294368240662849,-0.15487280367609513,-0.5364115125972899,0.5568748445704239,0.8749686437361588,-0.5721231357572317,4.59770055565389,4.0614545346579805,-0.624126994206658,0
-0.4637702100436488,0.6532467657509798,0.5144043290476101,0.9042702341480495,0.7681102215463146,1.387604627964919,1.810019188624916,-4.565698457706857,1.1180617179237005,0.18965326059319867,0.8700876008211215,0.36306568692065794,-1.5199335318522638,-1.4761410164656876,0.5942857224337645,-0.5184532397009036,-0.17989181421018205,-1.1380065863932047,0.11543408879857515,-0.7766012495158876,-0.8156969205518619,-0.8334085321727847,-0.8288143318899811,-0.8909450292171043,0.7811083648759669,-0.8165896414950885,-0.6724798424688585,-0.6072429944874146,-0.5528706629632714,-0.5480835428321956,-0.5450220089053203,-0.5523540259370202,-0.4854595202985755,-0.7136922150441547,-0.9046975760433585,-0.9339863207895253,-1.5208497873002762,-1.1661082758632113,0.5144043290476101,-0.7928514046206896,-0.6186844819799121,-0.8275163941163449,0.22538927326417282,-0.16422748873611218,1.0333569763125428,0.19012021951324545,1
0.37409635524298107,-1.0303212549497511,0.19608959519121352,-0.9387749961199845,-0.46616431101652206,-0.5921763925978842,0.3252310704346898,0.3406913409061683,-0.6170980407417584,-0.8575934599247846,0.24978323508838,0.0005437812846597067,2.204718557816258,2.7068204377854985,-0.7382168029770544,2.1830311806502483,-1.1532315369707986,-0.22834863692919638,-0.9221397160696919,-0.7044776080138937,-0.49662759680170165,-0.2564331586223517,-0.047594716734505035,2.0527348076436707,-1.0547052379648283,2.978451553340891,3.2947347398244906,3.3876973078881623,2.9088758790707407,2.978108613344985,2.8308251353763705,2.9380939044598504,2.776515027346954,-0.9703091339757893,2.0028356975626624,0.41813204392087233,-1.176685492692119,0.4545618976401894,0.1960895951912123,1.4641166250644235,-0.3782116594474689,0.2120934155383051,-0.5862945992205447,0.15276422528685807,-0.3386955860210379,-0.8567690552694875,0
-0.6842614114348655,0.40566323329499004,0.9388239741894714,0.6315901816370818,0.48940306903212566,1.3335122503539136,0.18154189770660376,-0.7915524587737612,0.15408407422066794,0.5387355007658597,-0.7229667929925101,0.2867452857341191,3.676186050030983,-0.5917056125144871,1.2847898780109914,-0.5894863531583352,1.5198322122237844,-0.7619701654873682,1.8761766071645416,0.5177012542583886,0.6787162180532067,0.25561403989938786,0.10038002931165751,-0.4821006074308855,1.0727796849534763,-0.2656965648253495,-0.6058039671361972,-0.5233985683881741,-0.5147457010465972,-0.4030722135857042,-0.43296069291256695,-0.5443667309017871,-0.4588311566443263,0.5979053706064233,-0.6624031365761901,-0.3404397374934608,-0.4349520991400558,-0.9551750645612505,0.9388239741894716,2.020708830966905,1.0169723226594032,0.41045268436035187,0.7968905328305342,-0.3915373171410303,0.5704574940268742,0.5390833111074899,1
0.8410188993655598,-0.5351541900377714,-1.1751123352671082,-0.48330111339390897,-0.5657025797715896,-0.4082623087204653,0.14561960452458186,-0.0610725880125162,-0.4243025120011519,-0.7412327132005644,-0.3564233041504355,0.019623881581274066,-0.002482680505828729,0.881663614470199,-0.7048850591707957,-0.3405668957434041,0.7728682902931624,0.8722457657220329,-0.7701793109819951,0.32456681676350946,0.7451198234122411,0.4917164945491816,0.4311471087089622,0.08093656771470718,-0.8659767367382045,-0.19271500338619607,-0.27242459047289047,-0.38858988328743443,-0.4308707848299142,-0.47557787820894987,-0.3769300349161904,-0.3806271826795083,-0.3922602475087033,1.3075620353062531,0.12399109678216355,-0.25504210636168695,-0.15606034316447986,0.4545618976401894,-1.1751123352671078,0.5558860803602731,0.79873412155693,0.48616967391443955,-0.5433636459435791,-0.5353140426518166,-0.6937139920250399,-0.7404480247380727,0
-0.08763816061157012,-0.5846708965289693,0.9143382254312876,-0.9863618196883804,-0.2869954272574006,-0.6895426722976943,-0.38124069547840167,1.5946817857129705,-1.0026890982229715,-0.15942897957946245,0.22158758210052806,-0.781740330877234,-1.1520666587985828,0.2815553619062117,-0.22067967600059205,-0.40735016480594655,-0.8582570086165633,-0.8411796111327217,-0.1435893289645443,-0.7286194127007536,-0.7589218379698875,-0.765529076460969,-0.8396948279227872,-0.8886087753783258,-0.2826340965831856,-0.8448405685037931,-0.6280292589137509,-0.5381946435821577,-0.5528706629632714,-0.4997464330833651,-0.44696835741166113,-0.4724810755846891,-0.44551697481720165,-1.1318827495994115,-0.6113937808988915,1.264408118561804,-0.779116393748213,0.981894925895092,0.9143382254312876,-0.6514974570891737,-0.9933866357316178,-0.7856981154281152,-0.3030746958600343,0.5978709537530912,-0.09472227398747161,-0.15884287208099884,0
0.3974424824491109,-0.5846708965289693,-0.5548067000597723,-0.36471172767584276,-0.46616431101652206,0.0028397611231767853,-0.5249298682064882,0.389389998956918,-0.4243025120011519,-0.5085112197521235,0.22158758210052806,-0.15209702108839074,0.5493176290746926,1.2624219540280393,-0.607702992830297,0.4021440056491143,-0.22562429922634258,0.36780666450688615,-0.7818970370236601,2.2981593499143056,2.836833392221824,1.9230876258635548,1.623649473904508,0.7444326579277707,-0.6429339625612855,0.059189095774753044,1.4389228763987503,0.8066041907154644,0.7357530498203143,0.8754443392708608,0.4215068415321762,0.10859463822851981,0.592989207698518,0.0719990923020855,0.004969266868466857,0.49506623252459336,2.7456006924111915,1.5326649776279901,-0.5548067000597727,0.7131822285455112,0.8993804448888941,2.353041255070585,-0.5471347153118903,-0.23864385577556146,-0.17991215103061028,-0.5078059636752432,0
0.5868055142321544,-0.4856374835465734,-0.47318753753249154,-0.6600521723622368,-0.7647791172817244,-0.3325329800650576,0.3970756567987331,-0.1828192331393909,-1.0026890982229715,-0.7412327132005644,-0.31412982466865763,-0.4001383249446214,-0.32436619442780024,-0.6537857765728307,-0.66055639733127,-0.22116650560128248,0.07925893421472764,0.45535394653596123,-0.8281512187670742,-0.031524802367674125,-0.17955038121231262,-0.3066049302354328,-0.5655063278960741,-0.9166438214436666,-0.6429339625612855,-0.8165896414950885,-0.6058039671361972,-0.5283305934528354,-0.46137075436325353,-0.32814969347501716,-0.23685338992524893,-0.1170464465168156,-0.006148974522089551,0.5408793886216157,-0.3265915450339742,-0.7358807851349436,-0.1323248745708139,-0.513387172001032,-0.4731875375324907,0.13648740665702325,0.02437363388038815,-0.2648570054651525,-0.5334232219992595,-0.28638328231683147,-0.47761836771764904,-0.7404480247380727,0
-0.06948006167347157,0.15807970083900025,0.3266802552348634,-0.12979899545725332,-0.24718011975537363,0.7168591455884503,-0.5967744545705315,-0.09759658155057872,0.15408407422066794,0.07329251386897835,-0.5537928750653988,-0.6100194282075692,-0.24389531594730715,0.0766908205136781,0.16745185737510104,1.041037279680771,-0.12272620793998139,-0.5218404776361908,0.180744993420276,1.4200012044297774,-0.06035590959284579,1.5674583035473033,1.48437912468459,1.863498246702621,1.1070939579037715,2.1544661822536746,1.7056263777293954,1.3622790146672934,1.2771275090370873,1.0832939111908315,1.0378440794923192,0.8234575438818834,0.6063033895256427,0.17971483605116675,-0.2415759522384765,0.37165097163945743,0.10265626450647977,0.14519318773064643,0.32668025523486216,-0.015632773844529366,0.12507130737731778,0.9815497434017357,-0.44004607655042227,-0.048854746322982784,0.5250652447725609,0.0737991889818308,2
-2.1213452416788066,4.565066578555619,-0.3507587937415696,9.151142293191652,2.4204454828804343,1.744614320197556,0.0378527249785172,-0.6211071555961368,2.082039361626734,3.215032675422928,-0.34232547765650956,1.0499492975993985,1.055134579523504,-0.31441421305388606,0.2106723026686385,0.9687899249676569,1.9314245773692293,2.1729482415825765,0.11543408879857515,2.418868373348605,2.670824378824238,2.6461513932285476,2.8509694264050336,2.8236985744405403,1.038465412003181,2.0367539863840722,1.4944861058426344,1.4313273655725507,1.3686274176371052,0.9987039691303784,1.0658594084905073,0.9812066208277376,0.9924146625122561,2.1946328661810406,1.36521875159643,1.2099130683008348,-1.117346821207954,-0.4749504534971191,-0.35075879374157104,0.9627256039248914,2.667366624643756,2.7653028697492403,-0.42763136908978383,-1.2935703451870393,-0.022208384787133963,3.21446701333003,1
0.599775584902229,-0.7827377224937612,-0.8078261038943441,-0.8103661071259002,0.17088060901590968,-0.5813579170756832,-1.3631167091203253,1.4485858115607215,-0.6170980407417584,-0.7412327132005644,0.5458375914608248,-0.2474975225715439,0.1584590764551566,0.31466478273732823,-0.5147832978205221,-0.24949880156720972,-0.40093215845495794,0.4470161101522397,-0.8913652671497403,-0.526431798448302,-0.4136230901029087,-0.3774356666303709,-0.38706619295805444,-0.2578202389081598,-0.934605282638795,-0.08441978318616192,-0.10573490214123724,-0.17486879715211556,-0.17162104379652998,-0.15171924289178595,-0.19483039642796643,-0.19092892559272193,-0.23249006558320798,-0.05472531210859849,-0.03753852952928203,0.17450711334242228,0.8348954706210764,0.5131544563351785,-0.8078261038943444,0.5434753436147635,-0.3797521643964272,-0.3974912628267597,-0.47374927714862447,0.2574473463142186,-0.20093910485223404,-0.7404480247380727,0
0.6386857969124418,-1.079837961440949,0.016527437631196087,-1.265084643446128,-0.744871463530711,-0.6895426722976943,1.3789516704406573,-0.3410898718043271,-0.809893569482365,-0.7412327132005644,-0.48330374259576897,-0.20933732197828805,1.9518100825918523,1.618348227962542,-0.7074424819692299,2.597896943008467,-0.9802103019929914,-0.22834863692919638,-0.9203512210422797,-0.6984421568421787,-0.47670651519399143,-0.25200623759766816,-0.047594716734505035,2.0060097308681026,-0.783622481657496,3.001993992514812,3.216946218603052,3.173976221752843,3.0766257115041062,2.845181561535701,2.8868557933727472,3.1577445179287604,3.0161703002351974,-0.4982607275459919,2.385405865142402,0.8284477164740515,-0.8147195966387121,1.3568873015430227,0.01652743763119684,1.379966336133975,-0.15021692700159042,0.21890276357249486,-0.5844548149296201,-0.29241423150886553,-0.7331635937130133,-0.7404480247380727,0
-1.0474233901968732,1.1979305371541575,1.7386917669568263,0.4623925867272297,1.186170950317598,1.8203436488529634,0.7802467840736306,-1.984669581017127,-0.4243025120011519,0.887817740938521,-0.20134721271725015,0.22950498484424894,0.49873593402981176,-1.0825527763357896,1.6581736065823807,-0.8912253051954591,-0.30260731567021276,-0.9233072995123778,0.7173551738862052,-0.6405018255937149,-0.6707710518557694,-0.6460022087945111,-0.61903836837748,-0.8115123986986389,0.7982655013511145,-0.9696154961255716,-0.9725212814658345,-1.0363291751129395,-1.101870114563379,-1.0846254610442134,-1.0492979308727097,-1.0216076092569657,-1.0579693388649338,-0.2891654602683637,-0.7856757461296618,-0.4133983112376795,-1.3250321714025317,-0.8942388035184616,1.7386917669568267,0.07478754649552598,-0.7246712224682661,-0.7529836390029867,3.4646993197792084,-0.22599947522074523,1.0952553396094953,0.8880464027017345,2
0.319622058428678,-1.0303212549497511,-0.9139310151798086,1.0704464434345113,-0.10782654349827926,-0.278440602454052,-2.7042156545824656,0.3528660054188555,2.8532214765891597,-0.7412327132005644,1.3635115281085295,-0.037616419308596126,2.365660314777243,4.13052553352351,-0.6588514487989805,1.4848424586327582,-0.6295945835357606,2.4230833330942194,-0.926518445274735,-0.837257533791623,-0.7008186832807325,-0.59583043718143,-0.5002233516992377,0.5224885432438231,-1.071862374439976,1.5188203245578222,1.6278378565079572,1.5710680757379512,1.6583771282038287,1.7817651470614315,1.668188981951556,1.7100472927927588,1.6847521175227362,0.6422589121501628,2.151612984954784,2.995427362145528,0.9654405478862397,2.3178052641408455,-0.9139310151798092,2.029418281939645,0.060832251005742966,-0.29934783355137395,-0.5737299946741241,1.9217350905756136,1.6050250156632393,-0.7404480247380727,0
-0.41188992736336144,0.40566323329499004,-0.11406322241245374,0.7811487699948978,-0.14764185100030616,0.4463972575334225,-0.8123082136626608,0.6937566117741032,-0.23150698326054528,0.4223747540416395,-0.48330374259576897,-0.9343811332503116,0.31940083341614195,-0.7406980062545115,0.2447712733144275,-0.2656886849763109,1.4283672421914635,-0.3409094281094357,2.486731806177609,1.9360322796114073,2.2059991413109974,1.9968696429416153,2.241661648567893,1.585484039887992,2.050736464036891,1.0715139802533336,0.4165594546312764,0.017480180369671312,-0.10299611234651664,-0.212140630077824,-0.3489147059180021,-0.43653824792614004,-0.40557442933582794,1.1491565297928983,-0.6539015772966403,0.27067484909707357,0.31271516156042406,-0.8227558819105748,-0.11406322241245302,0.43526782476084847,1.561797572941108,2.048248915888053,-0.16529511691669452,-0.28173135857821846,0.09070458651719689,0.42276228057607523,0
0.7761685460152016,-0.33708736407297946,-0.6201020300815973,-0.6940427606253768,-0.4064413497634816,-0.862638280652912,0.636557611345544,-0.633281820108825,-0.809893569482365,-0.6248719664763439,-0.7088689664985841,-0.648179628800825,0.24122912289223475,-0.8565809791634195,-0.5722400633586765,0.38615649578262673,1.3353778559919371,-0.12621014122860885,1.129325752614214,0.7289420452684127,0.9177691973457306,1.0008124123877988,1.251101289741228,1.1532770797139895,1.398765277981281,1.2410195423055608,0.849952644293575,0.6438473635816445,0.5268282585169404,0.3459113019724234,0.17076964699839098,0.07145371631468585,0.04577633460369648,1.0911801147750104,-0.5433813066624933,-0.5970786865290635,-0.8301476512245951,-0.9974788919390325,-0.6201020300815987,0.5378030176086729,1.2925173078631385,1.026617265336714,-0.5386176663503203,0.13311389033118257,-0.5130822656534377,-0.624126994206658,0
0.15619916798577638,-0.8322544289849592,-0.815988020147072,-0.42665013295534243,0.0116193790078017,0.15429841843399247,-2.2491999409435253,2.3251616564742155,1.3108572466643074,-0.7412327132005644,1.236631089663196,-0.056696519605237604,1.1521594672914135,2.1604736072960367,-0.4400213046796297,0.0927148589926673,0.018587170759954603,1.3416659541255496,-0.8364769714808887,-0.3438594005039239,-0.35302980021278996,-0.2726652023795252,-0.1328978056317047,0.19541300581484847,-0.9002910096884998,0.5724142697662192,0.16096859918940806,0.38245003515460063,0.4841283011702653,0.515332871642074,0.32345319003851736,0.2923024240388814,0.9684491352234318,0.41098687410066465,0.6425862128346996,-0.25119539693150095,0.5595640349345504,0.7779928216365294,-0.8159880201470724,-2.6437838430692215,0.1186525367566568,-0.17307883630868326,-0.48755174210969593,-0.19781767755132657,0.014901125759013936,-0.7404480247380727,0
-1.1252438142173025,0.5046966462773861,1.4040532005949737,0.584003358068686,-0.744871463530711,-0.8085459030419065,2.061475240899068,1.1442191987435362,0.15408407422066794,-0.5085112197521235,-0.20134721271725015,-0.4001383249446214,1.6069348891040263,0.786474029580739,-0.681868253984888,0.42035762448435326,5.658622106186313,3.3277385807279947,-0.8700883435477699,2.5999319085000545,2.8036315895423067,3.1773819161905834,2.7682776565557066,2.1228224228070225,-0.24831982363289035,1.354023250340379,0.9721917490701211,0.6586434387756281,0.5603782250036132,0.5177497271295155,0.4074991770330821,0.3681817268735961,0.40659066211877326,4.539034347778692,0.5915768571574009,-0.7294696027513001,2.2827590548347043,0.3022212450332174,1.4040532005949729,0.7400379571184291,5.2225508333164825,2.7419882541973966,-0.5640670525734702,-0.4430435032915048,-0.9382652616424628,-0.5078059636752432,0
0.30665198775860714,-0.4361207770553754,-1.7219607241998915,-0.19702482557768564,-0.4064413497634816,0.7925884742438579,-2.5126300909450174,1.545983127662221,0.3468796029612744,-0.043068232855241965,2.449044168140827,0.21042488454760747,-0.048466039637539524,-0.7613913942739594,-0.50540608089293,-0.2919972455161003,0.6661591585887878,-0.5076661557838644,-0.3717766255653876,0.409063133167519,0.5127072046556208,0.5802549150428541,0.7575619896931445,0.4407196588865795,-0.33410550600862843,0.2286946578269806,-0.20574871514022933,-0.14198863005437415,-0.15637105902986032,-0.2314754739773562,-0.3068917124207196,-0.36465259260904215,-0.3922602475087033,0.49652584707787617,-0.6347730689176534,0.039872283285910325,-0.6307697150378003,-0.9141602734747579,-1.7219607241998924,0.7148808996338686,0.4973086532106898,0.5128149488308331,-0.4634476649296117,-0.7776563150162418,0.12219018913270542,-0.04252184154958386,0
-2.863233284006905,2.336814786451711,1.9753873382859408,2.623438653857084,4.968625163010161,2.4586337046628297,0.19351599543394404,-1.3881110198954438,0.15408407422066794,3.0986719286987086,2.477239821128679,3.0342797284491088,-0.3703495535595102,-1.1090403130006832,2.938589954331757,-0.631984797107226,-0.4085542392909847,-0.7327877381443431,0.8770862815067955,-0.20051743517569323,-0.29741678072459854,-0.2726652023795252,-0.24344364532501436,-0.4867731151084424,1.4330795509315761,-0.8330693489168329,-0.5946913212474203,-0.7272556043941707,-0.6672455487132938,-0.712429715978219,-0.7271216473935442,-0.7200872216769156,-0.7517431568410677,-0.8404166194548385,-0.7856757461296618,-0.13643523226428378,-1.164817758395286,-1.0079083673867406,1.9753873382859402,-0.4182017950366349,-0.5913148440534135,-0.3320623099765024,2.117742903205785,-0.4280339856142728,1.3886435070830883,3.098145982798616,1
0.7294762916029456,-1.079837961440949,0.6205092403330748,-1.2409135584590063,-0.6453331947756435,-0.8842752316973141,0.6724799045275653,-0.8280764523118227,1.503652775404914,-0.6248719664763439,-0.4269124366200653,0.11502438306445432,0.8482094634308087,3.55524934658286,-0.8048802905895718,0.10870236885915474,-1.122743213626692,1.0223268206290188,-0.928183595817498,-1.048498324801647,-0.9581326540469907,-0.8806290231027434,-0.8527514231621546,-0.08727370867733725,-1.071862374439976,-0.1338589054513949,0.16096859918940806,0.1621529155997335,-0.019121196129833457,-0.15171924289178595,0.04329990005663423,0.18447394106323436,0.15362120740340576,-0.9703091339757893,3.490608571483873,-0.08322241848004325,-1.402172444331946,-0.5309649396095287,0.6205092403330738,0.539158903762808,-0.8727137480631912,-0.8337336249301702,-0.5902928364295404,1.0445509737407237,0.0954986745834212,-0.624126994206658,2
-2.2666100331836097,1.1979305371541575,2.1794352446041434,1.5840819994108486,2.957952134157799,3.2700193688279118,0.9718323477110793,-2.410782838961186,0.3468796029612744,2.0514252081807247,0.1510984496308983,0.07686418247117137,-0.3703495535595102,-0.9517705640528795,4.839607567834492,-0.6825781827606673,-0.13415932919402151,-0.7953215110222538,1.509226765333456,-0.48418364024629706,-0.42690381117471554,-0.3744843859472486,-0.2782612326299937,-0.7320797681801736,1.1585653673292144,-0.6117704206819803,-0.8058315931341812,-0.8900124315279905,-0.9036203125966735,-0.8260219238879706,-0.8251752988872033,-0.7979633482704385,-0.7916857023224416,-0.6408256825080113,-0.758045678471125,-0.931421847836068,-1.0164710796848733,-0.7981470072586794,2.179435244604142,-0.4530855261970201,-0.46704744483741695,-0.4905276810765028,3.9898497579830408,-0.8707036532153059,1.3850635896908186,2.0512567080158823,1
-0.03316386379727079,0.5046966462773861,0.15528001392757385,-0.1532147340385274,0.5690336840361795,0.41394183096681914,-0.18965513184095292,-0.2923912137535774,0.3468796029612744,0.7714569942143008,-0.0744667742719167,0.6492671913701444,-0.5772746696522055,0.4183800434908008,0.6911267990678054,-0.7299335917322882,0.14313197162063182,-0.4889060239204912,0.07547047577226536,0.32064377350189466,0.3007136945469036,0.21429611033567408,0.14129069439500858,-0.5171444150125615,0.5237513177487524,-0.7224198847994067,-0.8613948225780657,-0.8637082978497974,-0.8959953202133386,-0.828438779375412,-0.7691446408908266,-0.7041126316064494,-0.6585438840511955,0.1512018450587629,-0.33296771449363655,0.7951095680791055,0.8758391539451506,0.9971289911557891,0.15528001392757468,-0.17262512549246212,-0.02944133900323337,0.13807876299276542,0.7885236891840977,-0.08769641426269342,0.230832405616018,0.7717253721703198,0
-1.9449522805658301,2.2872980799605127,0.3511660039930486,3.3168466544251394,-0.08791888974726575,0.8466808518548635,0.5886612204361817,0.8642019149517265,2.27483489036734,1.132175309059384,-0.257738518692954,0.7446676928532976,1.6529182482357363,-0.8565809791634195,-0.30592710261506456,0.10870236885915474,4.30189171737355,0.35946882812316455,-0.17442545012682042,1.2087604134197534,1.442357679682102,1.6132031541357006,1.8325549977343845,1.7256592702146956,3.0801646525457476,1.2245398348838163,0.6276997265180373,0.4695824779636152,0.4155033697202516,0.3050664442346616,0.07131522905482256,-0.029186201129251285,0.1136786619220319,3.398514708082537,-0.5476320863022682,-0.09348672147625636,-0.7613147923029636,-0.995018004473843,0.35116600399304837,1.085255815590622,3.4427541156196035,1.5171197692212604,-0.451737839581826,-1.1446550518973788,-0.5950059788463723,1.1323205668177054,0
-1.7322431215766567,2.1387479604869193,2.1141399145823185,0.7448921425142153,0.9074637978034089,0.5329450617110312,-0.5129557704791474,1.8138257469413446,2.6604259478485535,-0.5085112197521235,0.785500641857566,-0.09485672019849344,1.239068016050345,-0.5089320604366957,1.7025022684219064,-0.6441272096640518,1.4893438888796775,-0.41594995556292863,2.2647117338092206,3.7164903752673246,3.567273051171202,3.6790996323213943,3.4167552201109492,1.7256592702146956,1.707593734533938,0.355823829366151,-0.4168889870269901,-0.7108155208453001,-0.83499538114666,-0.879192744611684,-0.9092212858817683,-0.909785478763702,-0.9381417024208122,0.9970872445000775,-0.7410425599120255,-0.6363792345407977,1.2205968352681493,-0.8766610359099648,2.1141399145823203,0.3691256253316066,1.9186812194498588,3.2671962286605467,1.2748751718191897,0.21199316544532218,0.40441473554381796,-0.5078059636752432,0
-1.8360036869372278,1.940681134522127,1.51015811188044,2.0863873592994726,0.36995714652604456,-0.018797189921225456,0.5168166340721385,1.5825071212002833,0.5396751317018809,1.1089031597145398,0.19339192911267616,1.1262696987859373,1.1930846569186349,-0.8710663507770329,0.23624653065298026,-0.08152876119778452,3.2043120769856976,0.05930671830919315,1.182363881013329,1.1514236272884608,1.243146863604999,1.3180750858234587,1.4887313230977128,1.1766396181017733,4.452735570557557,0.6242076359488444,0.18319389096696184,0.08324051456515412,0.08000370485351922,0.0005426528170298907,-0.19483039642796643,-0.2867764660155192,-0.19254752010183412,2.289676169489053,-0.5901398827000172,-0.26821827058590203,-0.7375793237092975,-1.0430639026037343,1.5101581118804388,0.4921756113993472,2.5564502683187347,1.265025862651152,-0.24610577411038403,-0.22340301590658596,-0.34119116338017585,1.1090563607114228,0
-2.4481910225646115,2.336814786451711,1.7305298507040983,1.0394772407947614,1.444970449080773,0.46803420857782474,1.331055279531295,0.6207086246979782,0.3468796029612744,1.7023429680080637,3.012957227897865,-0.20933732197828805,-0.048466039637539524,-0.802778170312855,0.3044444719445582,-0.17259685537397887,1.4664776463715972,-0.19082837320244986,1.358129771638303,0.7138534173391253,0.7451198234122411,0.83111377310826,0.8184927674768584,0.35194201301300077,2.2737792382138093,0.06625182752692904,-0.11684754803001414,-0.19295288905587338,-0.263120952396548,-0.20972377459038252,-0.2648687189234371,-0.2228781057336544,-0.15260497462046024,1.1048029882491592,-0.5858891030602422,-0.4826390809810284,-0.8443889323807946,-0.6915085504337991,1.7305298507040965,-0.20766142904366822,1.1776983390007547,0.7222024008821641,-0.18699235341485057,-0.5456342236041117,-0.35389966585984906,1.702293616421638,0
-2.3599945420081254,1.940681134522127,0.9225001416840155,2.752602889257016,5.147794046769283,4.103041984037398,-1.087712461391493,-2.2281628712708748,0.9252661891830941,1.5859822212838433,0.6868158564000844,1.6795926073882417,-0.25539115573023485,-1.022128083319002,3.3989260580499083,-0.6016287657151611,0.01828228752651359,-0.8328417747490003,1.5061431532172282,-0.40874050059986,-0.46674597439013626,-0.38628950867973827,-0.34789640723995263,-0.5872320301759132,1.2100367767546574,-0.5505600788297872,-0.7391557178015199,-0.6960194456513163,-0.7206204953966376,-0.7462656928024003,-0.7411293118926383,-0.7600236968530811,-0.711800611359694,-0.400049314127712,-0.7814249664898869,-0.21899205479946388,-1.152950024098453,-0.9657217251263485,0.9225001416840156,-0.15515407571038317,-0.36075260335927106,-0.4797955564573998,2.262713088275698,-1.0168600954509202,2.917041001080904,1.5859725858902234,1
0.7268822774689299,-0.7827377224937612,-0.8241499363997999,-0.9840957804708378,-0.7249638097796975,-0.4623546863314709,0.7443244908916087,-0.7063298071849491,-0.6170980407417584,-0.7412327132005644,-0.11676025375369456,-1.2015025374031296,-0.4853079513887856,-0.1033416552555181,-0.3886171064311028,-0.8626906356869183,-0.9802103019929914,-0.46180805567339644,-0.8034823218372533,-1.1194148760692981,-1.1971856333395143,-1.2598685908839744,-1.3401976454318667,-1.591821180850622,-0.8779867322708079,-1.475777938364862,-1.263672603751789,-1.1546977766648086,-1.0736576427450402,-0.990368097033994,-0.871400591734214,-0.7979633482704385,-0.709137774994269,-1.1002016484967403,-0.5667605946812553,0.011021962559514972,-0.7257115894124645,0.4299530229882938,-0.8241499363997993,0.12900518387310544,-1.2799205562379243,-1.299382008489924,0.02625060251065015,-0.3970448478107096,-0.6370119006140098,-0.7404480247380727,0
0.8410188993655598,-0.7827377224937612,-0.4160541237633945,-1.1306329832052633,-0.24718011975537363,-1.046552364530331,0.7323503931642683,0.011975399063607768,-1.0026890982229715,-0.5085112197521235,-0.7229667929925101,-0.13301692079177638,0.8137219440820257,-0.7916037407823533,-0.5301278346111271,-0.2859260392376874,-0.21114234563789172,-0.01490002550592765,-0.6052060627638178,-1.0500071875945758,-1.2056520930227914,-0.9780212856457833,-0.9241274771373622,-0.8932812830558828,-0.8659767367382045,-0.8307151049994409,-0.42800163291576704,-0.303101448833307,-0.19449602094653448,-0.042960745956917436,0.05730756455572839,0.060670868017121266,0.033793570959284314,0.224068377594906,-0.4881211713454199,-0.3819835175578267,-0.5714310435536353,-0.7020552109988971,-0.41605412376339485,0.8341066132708657,-0.5630209031575399,-1.0364597582524036,-0.4746439183149149,0.042650375055127844,-0.7015630882559398,-0.5078059636752432,0
0.6438738251804694,-0.7827377224937612,-0.6527496950925089,-1.1955927741081531,-0.10782654349827926,-1.0898262666191354,-3.7699103523157733,5.295779797569942,-1.0026890982229715,-0.6248719664763439,-0.01807546829621287,-0.28565772316482685,0.227434115152722,1.0968748498724565,-0.39202700349568176,-0.24949880156720972,-0.4771529668152255,0.3177796462045574,-0.730400714682659,-1.0002147154279275,-0.9929945468604837,-0.976545645304222,-0.9615563834902152,-0.8045036371823039,-0.9517624191139428,-0.5623312984167473,-0.32798781991677495,-0.2915933903490974,-0.22499599047987381,-0.24355975141456376,-0.22284572542615477,-0.2468399908393536,-0.2458042474103326,-0.37153632313530816,0.02622316506734121,1.7131908854168434,0.8823664078084087,0.9057245995916058,-0.6527496950925084,0.5391589037628071,-0.6262329562298091,-0.9445335597908433,-0.4252263664345664,0.8485147865655767,-0.18093443536932502,-0.624126994206658,0
0.23401959200620556,0.15807970083900025,0.3756517527512324,-0.26651669491566066,-0.048103582245238724,-0.9275491337861187,-0.5967744545705315,0.8520272504390394,-0.6170980407417584,0.887817740938521,-0.046271121284064784,0.4775462887004525,0.4343592312454173,0.008402640049500231,-0.13202235232154078,-0.840429545999404,-0.14940349086607504,-0.6619161288827109,0.21102606440163113,0.3698327005513718,0.42970269795682786,0.34415246039306063,0.3658641325121258,-0.13867129313046184,0.16345145177065248,-0.6565010551124293,-0.9725212814658345,-1.0050930163700853,-1.0408701754967005,-1.0290377848330583,-1.0072749373754273,-0.9936520766336496,-1.0180267933835598,-0.5489504893102655,-0.4031055785499222,-0.04026749650963245,0.17623621714684456,-0.38682724521985545,0.37565175275123225,0.36773403966850604,-0.23597170249362115,0.23622219226815136,0.30851685010937463,1.0970235403318405,0.10417998301533765,0.8880464027017345,2
-0.3340695033429323,-0.03998712512579167,0.7919094816403657,-0.36093499564660514,0.33014183902401756,0.8574993273770646,-0.15373283865893153,-0.3897885298550767,-0.6170980407417584,0.18965326059319867,-0.5678907015593248,-1.2587428382930268,-0.861657002505858,-0.6901570957732714,0.4603294868452615,-0.7221207383961906,-0.7389326062405731,-0.966043260339966,-0.10264859734194566,-0.5337502526965983,-0.5727440712442514,-0.5858605836387478,-0.5935007861594886,-0.6642435941463732,-0.03417508613045984,-0.8650935412204783,-0.8680921725933759,-0.8996452051698907,-0.9134842041556239,-0.9129486578357147,-0.8671982923844858,-0.8420500736648137,-0.851374930107107,-1.1068279225785185,-0.5595767006277451,-0.1669524604104264,-0.48307835976679986,-0.13265923554009337,0.7919094816403658,-0.467515682142486,-0.9506583359028469,-0.648674422252363,0.5528421278267881,-0.06796065418978053,0.5570864843282681,0.19012021951324545,1
0.7761685460152016,-0.8817711354761572,-0.8323118526525278,-0.629082969722487,-0.4462566572655086,-0.4623546863314709,0.253386484070647,-0.10977124606326587,-0.4243025120011519,-0.7412327132005644,0.06651149066734287,0.5538666898869642,1.1700929773527795,1.1010135274763462,-0.728754338622848,1.636622615593082,-0.7370659233237379,0.06764455469291442,-0.9036997156146508,-0.3876164214988575,-0.1231073166571333,-0.02475762499724175,0.21353718805284075,1.5621215015002081,-0.9689195555890904,2.2250934997754364,2.239033380390686,2.3190918772115676,2.093001694053914,2.132209192740452,1.7102119754488383,1.680094936410635,1.5649244810786143,-0.2923335703786308,0.7637334325682837,-0.25504210636168695,0.016021804139598736,1.4975094424109967,-0.8323118526525284,1.2112865637336823,-0.08448871584602213,0.32526181928043496,-0.5834514911213242,-0.3301222745414304,-0.5824779920494529,-0.7404480247380727,0
-1.086333602207086,0.6532467657509798,0.44094708277305733,0.6179939463318258,0.19078826276692318,0.5654004882776346,0.24141238634330622,1.3755378244845975,-0.03871145451993881,-0.27578972630368276,1.603174578505271,0.6874273919634003,-0.5312913105204955,-1.0304054385267813,0.12542487605416608,-0.46199102131166314,1.41312308051941,-0.6910985562257358,1.2162836142918327,1.2057426878338955,0.9609315408291028,1.0037636930709213,0.8707191484343277,0.181395482782178,1.1070939579037715,0.052126364022576845,-0.5391280918035358,-0.46257025925735257,-0.44612076959658387,-0.4248239129726779,-0.5310143444062261,-0.5243984933137044,-0.4987737021257001,0.9495655928460714,-0.6794062551352896,-0.8288429296977733,-1.164817758395286,-1.1086875683421222,0.44094708277305605,-0.20859465036512212,1.07345750412122,0.9079051641189239,-0.09521523816872318,-0.9260963340377113,-0.5510350184881169,-0.2751639026124136,0
-1.6907388954324283,1.9901978410133252,0.6205092403330748,2.6846217127307357,-0.2272724660043602,0.9224101805102711,0.8640654681650141,0.900725908489789,1.889243832886127,1.0390867116800075,-0.5678907015593248,1.4124712032353968,1.2620596956162002,-0.860719656767309,-0.3255340107363932,-0.004626815004553801,3.547305714606902,0.280259382477811,-0.07574986240753681,1.3988771253287748,1.633268045089326,1.6869851712137611,1.9892341406067922,1.655571655051344,3.045850379595452,0.9773442235576516,0.4498973922976071,0.2558613918282964,0.21725356775354623,0.10446743877701527,-0.0687614159361191,-0.1350178603460901,-0.07271988365771266,2.574806079413092,-0.5688859845011427,-0.285776347943276,-0.6367035821862169,-1.0137676232562396,0.6205092403330738,0.7749324405651803,2.9549275484493682,1.644498986252133,-0.4428929420616094,-1.1967735929308774,-0.6357746063761642,1.039263742392574,0
0.9655315777982488,-0.18853724459938556,-1.0934931727398276,-0.5512822899201888,-0.02819592849422521,0.05693213873418239,-0.6326967477525528,-1.205491052205133,6.323540993920078,-0.15942897957946245,-0.6947711400046581,-0.648179628800825,-1.2440333770620031,-0.5917056125144871,-0.10474317580490955,-0.9112602859142218,-0.7058153918960282,-0.7494634109117859,-0.38565288008841186,-0.5415204263775893,-0.7124393142185634,-0.8732508213949374,-1.0268393596870518,-1.4446371890075835,-0.40273405190921896,-1.3203978398169867,-1.2503374286852567,-1.1990860022467593,-1.1628700536300576,-1.0822086055567717,-1.0212826018745214,-0.9257600688341683,-0.8848849751123139,-1.0051583451887276,-0.7176632718932637,-0.33838747734905145,-0.16199421031289643,-0.5977604565218163,-1.093493172739827,-0.30263555803661824,-0.9928731340819649,-0.8693346728045749,0.7054455824211647,0.23514307733708367,0.3922577486955684,-0.15884287208099884,2
1.0355699594166348,-0.6837043095113653,-0.9792263452016335,-0.8783472836521802,-0.5258872722695626,-0.7977274275197055,0.3252310704346898,-0.0610725880125162,-0.4243025120011519,-0.6946884145108762,-0.737064619486436,0.046336021996577555,-0.5717566665564001,-0.5379028036639227,-0.7878308052666773,-0.22723771187969552,-0.5762400176835734,0.4303404373847969,-0.35635856498424956,-0.5294495240341593,-0.48998723626579826,-0.5279509814696144,-0.5176321453517273,-0.47742809975332884,-0.6944053719867285,-0.632958615938509,-0.7169304260239661,-0.43791013393404665,-0.41562080006324453,-0.27256201726386203,-0.13879973843158977,-0.059138557511375534,-0.2857467928917063,-0.37153632313530816,0.5852006876977386,-0.8576932504241686,-1.3665692414414472,-0.8051781143020781,-0.9792263452016342,-2.6437838430692215,-0.5178841081530519,-0.5022960108312434,-0.582013429643538,-0.20370623369867838,-0.7045013009300171,-0.6939196125255068,1
0.9447794647261346,-0.08950383161698967,-1.8199037192326282,-0.08221217188885732,-0.5258872722695626,-1.0573708400525321,-0.2016292295682937,-0.4019631943677639,0.7324706604424877,-0.36887832368305906,-0.4974015690896949,-1.4304637409627188,1.4689848117088955,-0.13645107608663465,-0.6503267061375333,0.8676031536607742,4.881169860911584,2.533142773359342,-0.8559037278131227,-0.07467827824543619,-0.05819779241867725,-0.2682382813548414,-0.40578064613448084,-0.38164169236341466,-0.31694836953348077,-0.1008994906079061,0.3165456416322844,0.6422033552267575,0.7738780117369887,1.0687927782661828,1.388035691969673,1.4744220892533821,1.7912655721397333,5.97102011761942,0.274893773994172,-0.13932026433692318,1.738030050610069,0.1369902295133479,-1.819903719232628,1.8497823877524662,3.829164106983396,0.03978730441228937,-0.5656780991865769,0.07304048464304083,-0.6684970279791254,-0.8567690552694875,0
0.6438738251804694,-0.7332210160025632,-0.17935855243427867,-0.6668502900148648,-0.5457949260205761,-0.6354502946866888,0.30128287498000866,-0.15846990411401554,0.7324706604424877,-0.5085112197521235,-0.14495590674154632,0.7255875925566562,0.4803425903771273,1.8045887201375725,-0.6307197980162046,1.2318755303655515,-0.6867601898059613,0.18020534587315387,-0.6412843245236809,-0.5173786216907295,-0.43354417171061904,-0.40694847346159513,-0.3348398120005853,0.4640821972743633,-0.6944053719867285,0.812547149340208,1.0610929161803357,1.1847261123394903,1.0331277527703726,1.097795044115481,1.3039897049751081,1.3006984222370621,1.5382961174243652,-0.44440285567145127,2.7254682363243936,1.007960823216067,-0.27473768613280997,1.7904722358859426,-0.17935855243427906,0.5526987316802485,-0.23545820084396843,-0.15265079220611416,-0.5674066991836406,0.2212031341481973,-0.3008490561244667,-0.5078059636752432,1
0.6153396697063119,-0.4856374835465734,-0.7425307738725191,-0.6668502900148648,-0.665240848526657,-0.3433514555872587,0.30128287498000866,0.29199268285541863,-0.6170980407417584,-0.6248719664763439,-0.3564233041504355,-0.056696519605237604,0.227434115152722,0.18636577701675164,-0.6153752612255995,0.7583214406493409,-0.08080476334183423,0.8472322565708685,-0.712207403196916,0.4392403890260939,0.4463035992965864,0.4917164945491816,0.49643008490579865,0.6509825043766349,-0.6772482355115808,0.6712925142966852,0.7499388312945832,0.8394843578132056,0.850127935570337,0.9189477380448081,0.9537980924977543,1.0411113335919857,1.0190430261665053,0.36663333255692543,0.42792184102606795,0.039872283285910325,1.262133905307065,0.5365914798131741,-0.7425307738725184,0.567463164243933,0.4069323628717833,0.6230227664711424,-0.5576615699626478,-0.5766556021463948,-0.7103593029514875,-0.624126994206658,0
-0.1991807683741881,0.5046966462773861,0.538890077805794,0.23050124013203036,0.2903265315219907,0.7601330476772548,0.7203762954369275,-1.680302968199942,-0.4243025120011519,0.07329251386897835,-0.4410102631139913,0.34398558662401646,0.08948403775759123,-1.0014346952995543,1.830373408343615,-0.8788805190960194,-0.27897886507852987,-0.7161120653769002,0.33745416116696325,-0.6290344683674565,-0.7157594944865151,-0.6887957786997863,-0.6307893040929106,-0.991403944284575,0.455122771848162,-1.0190546183908047,-1.0503098026872728,-1.1135975677926317,-1.1552450612467229,-1.0942928829939795,-1.063305595371804,-1.0275980805333904,-1.0313409752106846,-0.49192450732545784,-0.6730300856756274,-0.5627788607765712,-1.081743618317455,-0.8696299288665662,0.538890077805794,0.12663978162436682,-0.6940151739839894,-0.7880665843095724,3.499180558054007,-0.15700135425623152,0.40628643750593935,0.0737991889818308,1
-0.8035860615995267,0.20759640733019827,-0.08141555740154201,0.4707013971915526,-0.4064413497634816,1.0738688378210868,-0.656644943207234,0.6572326182360406,0.3468796029612744,0.3060140073174192,2.8014898304889755,0.5347865895903499,0.06649235819173584,-1.0304054385267813,-0.21641730466986842,-0.4478248733286996,1.9695349815493632,-0.6118891105803823,0.562557845651579,1.1604768040460334,1.1767432582459645,1.0967290345892773,1.1666686405266529,0.41735712049879564,0.8325797743014094,-0.05146036834267312,-0.46133957058209774,-0.400097941771644,-0.38512083052990514,-0.4272407684601195,-0.44696835741166113,-0.4724810755846891,-0.4588311566443263,1.339243136408924,-0.6964093736943893,-0.8288429296977733,-0.9868017439427907,-1.0125957720823398,-0.08141555740154335,0.27243785416315874,1.5284199657136708,1.0574887769134593,-0.28264608960069276,-0.804582099719139,0.016076164904437393,0.30644125004466044,0
0.5868055142321544,-0.33708736407297946,-0.3262730449833844,-0.46970487808865297,-0.1874571585023332,-0.018797189921225456,0.34917926588937087,-0.6819804781595747,0.15408407422066794,-0.27578972630368276,-0.28662736882595935,1.1634917213514255,-0.6877642024034247,-0.39511842632973265,0.04798945941863638,0.8992678356020264,-0.595975282988425,0.23625743719933795,-0.21247174248775086,-0.493274630650094,-0.5270199926607377,-0.5625496232945969,-0.4898631460917677,-0.1079166961328957,-0.06286211818195922,0.15035465235067766,0.4679457853644482,0.7344482657057675,0.8675695472599454,0.5999799830506717,0.714209927998108,0.681694278299289,0.652956353670856,-0.4325830803822503,0.520669296730542,-0.3980114735169354,-0.3150539815130596,0.0026484169117557107,-0.3262730449833849,-0.12804345435304934,-0.2807018136048887,-0.33085559082520205,-0.44907866502246235,-0.20692533847031563,-0.18889849802906603,-0.2751639026124136,1
0.4700748782015125,-0.6341876030201673,0.2858706739712237,-0.31334817207820914,-0.5657025797715896,-0.23516670036524764,-0.213603327295634,-0.00019926544907938006,-0.4243025120011519,-0.5085112197521235,-0.8075537519560658,0.6874273919634003,-0.3473578739936548,0.08703751452340203,-0.31104194821193293,-0.4903233172775903,-0.6738026523847158,-0.5160039921675857,-0.3440241165193391,-0.3966695982564299,-0.4136230901029087,-0.37300874560568725,-0.40882718502366655,-0.526489430367675,-0.35126264248377603,-0.5693940301689235,-0.49467750824842827,-0.5727188190347862,-0.568120647729941,-0.5722520977066108,-0.5590296734044145,-0.5743190872839113,-0.5919729749155724,-1.0653524372838024,-0.5795129336005799,-0.38249641214851815,0.2059055528889271,-0.02589708365872207,0.2858706739712245,-0.06670816347879949,-0.7433113323506658,-0.4457488162864514,-0.31301713540830706,0.4536008459007338,0.1767969538882549,-0.5078059636752432,1
0.3792843835110087,-0.4361207770553754,0.008365521378466705,-0.49463130948162226,-0.1675495047513197,-0.3541699311094598,-0.656644943207234,0.6694072827487277,-0.03871145451993881,0.3060140073174192,0.09470714365519478,2.4618767195501357,-0.6462497083497709,0.6002335374057084,-0.43124081973833905,-0.4478248733286996,-0.5609958560115198,-0.3033891643826893,-0.3316896680544286,-0.5385027007917319,-0.5331495797491707,-0.519097139420247,-0.49587115328611514,-0.4283667691389826,-0.5056768707601046,-0.5646855423341396,-0.36132575758310564,-0.423114058740063,-0.5147457010465972,-0.4634936007717423,-0.5170066799071319,-0.4525128379966063,-0.4588311566443263,-0.7105241049338874,0.11336414768272639,0.6938128864175395,-0.4349520991400558,1.5678205128449838,0.008365521378466622,-0.18066888071847634,-0.6673130882020396,-0.5364167656547373,-0.39356643081111,0.40180252413819967,0.05301212062791992,0.30644125004466044,2
1.1912108074574967,-0.6341876030201673,-1.5423985666398725,-0.8368032313305647,-0.3666260422614546,-1.0032784624415265,0.9718323477110793,-0.8280764523118227,-1.0026890982229715,-0.7412327132005644,-0.08856460076584265,0.5538666898869642,0.25042579471857657,-0.7158659406311741,-0.7504924324095384,-0.5854388823060599,-0.019828116653620186,0.6096039196348075,-0.9114087459052198,-0.17939335607469095,-0.20511576927554095,-1.025241776575742,-1.2326983446277424,-1.6128474653996276,-0.9860766920642378,-1.4475270113561571,-1.2503374286852567,-1.141545709825712,-1.05612016026337,-0.9226961433856314,-0.7971599698890149,-0.702115807847641,-0.6319155203969463,0.3888101033287952,-0.5837637132403548,-0.8031982001631995,-1.0283388139817065,-0.8965825058662613,-1.5423985666398734,0.8599061340308286,-0.5230191246495807,-1.1649491950714603,-0.5486075804583994,-0.4935302373166447,-1.0276006493900498,-0.7404480247380727,0
0.15101113971774877,-0.5351541900377714,-0.5058352025434033,0.1557219459531225,-0.6453331947756435,-0.2243482248430465,-0.4530852818424449,1.265965843870411,-0.23150698326054528,-0.8575934599247846,-0.737064619486436,-0.5336990270210304,2.020785121289417,0.20705916503619948,-0.5139308235543774,1.0497393420131629,-0.40093215845495794,1.1682389573441438,-0.08808431087244727,0.03788288610704821,0.08108376982189737,-0.02475762499724175,-0.08241230403948435,0.09962659842493435,-0.7287196449370237,0.4311596347226965,0.6165870806292604,0.7737240236177231,0.850127935570337,0.9406994374317819,0.5643850194229364,0.9013336704754064,0.6728742986612655,0.0846715327431539,0.20475590993788634,-0.2783146984143125,-0.19166354605497898,-0.20167475974368962,-0.5058352025434049,1.6269576624220952,0.19177517166722682,0.19040712234246213,-0.5468833235249099,-0.45130943883089214,-0.54096325081206,-0.8567690552694875,0
-1.7192730509065859,1.0988971241717618,1.6897202694404572,0.9986885348789936,1.9426617928561105,1.971802306163779,-0.24952562047765592,-0.7185044716976362,0.9252661891830941,0.7714569942143008,0.7291093358818622,-0.26657762286818537,-0.7841997857449017,-0.5130707380405853,2.7510456157799177,-0.7210291558572826,-0.26373470340647637,-0.8453485293245825,0.7074876151142767,-0.23974786779184068,-0.49164732639977415,-0.6120624809386033,-0.7134810739422367,-1.0077577211560238,0.455122771848162,-1.0214088623081967,-0.9725212814658345,-0.9163165652061837,-0.8959953202133386,-0.879192744611684,-0.8251752988872033,-0.8119411145820963,-0.7916857023224416,-0.6534981229490797,-0.758045678471125,-0.5457251156360797,-0.2925392875780595,0.23191017459923044,1.689720269440459,-0.5831077715769549,-0.5902878407541078,-0.5743862824105991,2.59537036128011,-0.23619330756562737,1.2538057472390693,0.7717253721703198,1
0.4804509347375677,-0.3866040705641775,0.1307942651693886,-0.7650453227750469,-0.744871463530711,-0.1702558472320409,0.6485317090728843,-0.6698058136468865,-0.4243025120011519,-0.5085112197521235,-0.46920591610184315,-0.037616419308596126,0.06649235819173584,-0.08264826723607026,0.06575167742403536,-0.7675750706584485,-0.6143504218637071,-0.42428779194665006,-0.28235187419478686,-0.6984421568421787,-0.7838231899795254,-0.9322764350573857,-1.0355437565132966,-1.2857719279706528,-0.488519734284957,-1.2285823270386969,-1.1258757947309554,-1.0149570664994076,-0.9196327966016766,-0.8477736232749442,-0.7187170486940878,-0.6681698039479004,-0.5866473021847226,-0.8404166194548385,-0.49662273062496964,0.01422755375133673,-0.32220862332014205,-0.32823468652486626,0.1307942651693885,0.21602285109169894,-0.8768217612604143,-0.905076348518816,0.30951050955864345,-0.018831457263388543,-0.17271266714978215,-0.5078059636752432,0
-1.540286075659594,0.8513135917157719,2.4324546484387164,-0.05426435487249765,1.0667250278115168,1.4092415790093213,-0.39321479320574193,-0.7306791362103244,-0.809893569482365,0.7714569942143008,2.5618267800922347,-0.07577661990187907,0.530924285422009,-0.5432830845489792,0.5175630384807394,-0.915510130309111,-0.30260731567021276,-1.1638538791827413,0.16076318690712102,-0.6688684461007753,-0.7187476567276717,-0.7035521821153983,-0.6773578271133206,-0.9002900445722178,0.6610084095499335,-1.0637852528212537,-1.039197156798496,-1.0905814508242129,-1.1323700840967184,-1.11121087140607,-1.077313259870898,-1.0455694943626648,-1.0712835206920583,-0.31767845126076755,-0.911073745503021,-0.6304168349240092,-1.4015790576171046,-0.9012699105618603,2.432454648438716,-0.05149295651442718,-0.7753024851240401,-0.8056080569628652,1.8927542722106379,0.6860847499304564,1.7739695900596315,0.7717253721703198,2
-0.40670189909533383,0.009529581365406346,0.6205092403330748,-0.12979899545725332,-0.2670877735063871,-0.6787241967754931,0.21746419088862512,0.23111936029198074,-0.809893569482365,-0.27578972630368276,0.23568540859445403,-2.231827953421254,0.9401761816942287,-0.2564727265994321,-0.1345797751199749,0.03382415809206156,0.49085129936017247,0.017617536390585987,-0.2515157530325107,1.4109480276722046,1.4340572290122229,1.3697224977781013,1.0883290690904492,0.4874447356621476,-0.04243418593111893,0.18867251123131581,0.08318007796796976,0.09474857304936364,0.003753781020171046,0.08029888390260013,0.04329990005663423,0.04070263042903838,0.033793570959284314,0.42049120443146604,-0.31383920611464955,-0.21016382967618302,1.790248081516134,0.0737102661227597,0.6205092403330738,0.5915530230522239,0.811571662798252,1.3095826834835675,-0.39152023859187585,0.6322859630243435,-0.05016682928820026,-0.2751639026124136,0
0.8488009417676031,-0.6341876030201673,-0.9057690989270807,-0.7416295841937727,-0.665240848526657,-0.667905721253292,0.45694614543543605,-0.4628365169312007,-1.0026890982229715,-0.8575934599247846,-0.4974015690896949,-0.7245000299873368,0.3653841925478519,2.8889222523566396,-0.7537318346208883,0.5397580146264745,-0.24086846089839611,2.4981238605477123,-0.8753304841453567,-0.26690739806455804,-0.05670371129809892,-0.17822422051960768,-0.1520474786494433,0.08093656771470718,-0.9860766920642378,0.2004437308182758,0.5610238511853761,0.8066041907154644,1.0026277832370334,1.056708500828975,1.3460126984723906,1.2607619470608962,1.2720124808818731,0.7499746558992442,2.682960439926645,0.9906506307802301,0.8942341421052414,0.9350208789391004,-0.9057690989270801,0.7109035548517992,0.2913944916998855,0.06206571482849633,-0.5810005403160146,-0.17913652064788077,-0.6013241054523211,-0.8567690552694875,0
-0.5286205633940071,0.009529581365406346,1.3224340380676929,-0.34733876034134914,0.4097724540280716,0.32739402678921015,0.6006353181635221,-0.3897885298550767,-0.4243025120011519,-0.27578972630368276,0.13700062313697264,-0.01853631901198177,-0.8301831448766116,-1.1173176682084622,1.8047991803592733,-0.9114626594568356,-0.24849054173442287,-0.9374816213647044,4.269059609357169,0.6082330218341132,0.5293081059953794,0.25561403989938786,0.0655624420066782,-0.7203984989862817,1.8791650992854143,-0.8024641779907363,-1.016971865020942,-1.095513475888874,-1.101870114563379,-1.0846254610442134,-1.0492979308727097,-0.9996425479100746,-1.0313409752106846,-0.6249851319566758,-0.8366851018069604,-0.3403108320641446,-1.069875884020622,-1.2211852810365014,1.322434038067693,-0.5455576028011278,-0.3238831849141943,0.2607950569132701,4.177797230925268,0.15516868236704373,0.2681690077845615,-0.2751639026124136,1
-0.03835189206529842,0.05904628785660422,0.032851270136651956,0.17611629891100636,0.4296801077790851,0.47885268410002585,0.43299794998075497,-1.509857665022318,0.5396751317018809,0.3060140073174192,-0.3000319981747317,-0.1902572216816737,-1.5199335318522638,-1.166981799455137,2.0264424895569015,-0.7109104787265943,-0.32471135009469043,-0.7161120653769002,1.1546113719672806,-0.4781481890745821,-0.5663513824286878,-0.6297701650373377,-0.6307893040929106,-0.9633688982192345,0.6095370001244905,-0.9131136421081625,-0.8613948225780657,-0.8604202811400233,-0.8654953506799993,-0.7873522360889061,-0.7411293118926383,-0.7001189840888328,-0.6718580658783201,-0.6756748937209495,-0.7219140515330384,-0.8192261561223081,-0.9333969396070422,-0.9165039758225576,0.03285127013665055,-0.7108656584731944,-0.635989487573214,-0.6358924586759428,1.8812967157718758,-0.10090002704134572,0.2914057350582089,0.30644125004466044,1
0.8124847438914024,-0.7827377224937612,-0.4487017887743063,-0.6895106821902913,-0.48607196476753556,-0.278440602454052,0.10969731134256047,-0.3045658782662646,0.15408407422066794,-0.5085112197521235,-0.6806733135107322,0.6492671913701444,-0.27838283529609026,0.5505694061590336,-0.5019961838283512,1.4140117187179404,-0.7302060505713138,-0.4034432009873465,-0.6940140917111731,-0.9368424781249202,-0.9697532849848216,-0.9219469526664573,-0.8962734072933788,-0.4657468305594369,-0.7115625084618761,0.3063847071009182,0.9277411655150135,1.2669265300838437,1.3381274481037657,1.4554896562568262,1.5701353304578969,1.3406348974132274,1.55161029925149,-0.6123126915156075,0.6872193990523359,1.0368111439424628,-0.39934889624955666,1.4154798602380119,-0.4487017887743068,0.15882822204743285,-0.4562639101947064,-0.6416656015744949,-0.5522370417975938,-0.06052873337872472,-0.2484662683258732,-0.5078059636752432,1
-0.982573036846515,1.2969639501365535,0.5552139103112513,1.687564457011964,0.25051122401996373,1.1387796909542935,-0.620722650025212,0.09719805065241996,-0.03871145451993881,1.236899981111182,-0.8780428844256954,-0.6100194282075692,0.25042579471857657,-0.8110555255206342,0.2106723026686385,-0.21104782847059422,1.8247154456648547,-0.2158418823536142,2.6501632483376723,1.1031400179147413,1.0937387515471717,1.2442930687453981,1.4452093389664886,1.1415958105200974,2.616921967716762,0.812547149340208,0.2832077039659539,0.10625663153357318,-0.06487115042984247,-0.17105408679131814,-0.23685338992524893,-0.34468435502095923,-0.2591184292374572,1.8144596529489885,-0.5433813066624933,-0.26052815512737076,-0.5251468797959866,-0.8843952536577036,0.5552139103112522,0.21488584455037496,1.5140419195233905,1.164661993799401,-0.20471962453924986,-0.3190261842719703,0.5586182815346178,1.2370094942959784,0
-1.6440466410201686,0.8513135917157719,2.4651023134496284,0.43444476971087004,-0.5856102335226031,-0.7328165743864987,2.7559729090848184,1.4485858115607215,0.5396751317018809,-0.3921504730279032,-0.243640692199028,-0.20933732197828805,1.1011179386552141,-0.19439256254108858,-0.6503267061375333,0.08239380831936532,6.984864171654968,1.6518334675999868,-0.8645378417385601,2.50940014092433,2.8202324908820655,2.764202620553444,2.3852841962009332,1.6322091166635597,0.06050863291976687,1.0950564194272538,0.5943617888517065,0.21476118295611973,0.1410036439201979,0.07788202841515866,0.02929223555754006,0.006756626529297664,0.08705029826778266,4.443991044470679,-0.07579554628725593,-0.8128149737386646,0.900168009253658,-0.11964517757070463,2.46510231344963,0.22194947664157816,5.828996281556533,2.561762575249007,-0.546317105793606,-0.45349882568121963,-0.929377931252364,-0.3914849331438284,0
0.13544705491366218,-0.28757065758178146,-0.3099492124779285,-0.5784747605307008,-0.4462566572655086,-0.6354502946866888,0.14561960452458186,-0.09759658155057872,-0.6170980407417584,-0.5085112197521235,1.4058050075903075,-0.9725413338435674,0.8712011429966634,0.21947519784786818,-0.3835022608342345,0.02572921638751098,-0.19513597588223558,0.14685400033826826,-0.3933619103789809,0.13143237926863036,0.19729007920020752,0.16707561940571533,0.01333606104920892,-0.25314773123060313,-0.4370483248595141,-0.31748993100797446,-0.1946360692514524,-0.09595639611753634,-0.10299611234651664,0.0633808954905094,0.09933055805301073,0.15252476092230205,0.1669353892305304,-0.18144971651928218,-0.01628463133040768,-0.1139960939215317,0.9417050792925737,0.31979901264171423,-0.30994921247792895,0.8346982905918277,-0.01927400634010656,0.1533257814171462,-0.46429237011164376,0.22856146778447112,-0.2895795439286672,-0.5078059636752432,0
0.46229283579946917,-0.6341876030201673,-0.5303209513015871,-0.56638921803714,-0.5657025797715896,-0.4190807842426664,-0.417162988660423,0.6207086246979782,-0.23150698326054528,-0.6248719664763439,-0.046271121284064784,-0.7435801302839782,-0.4853079513887856,0.6126495702173771,-0.5710465993860739,-0.006650550430691482,-0.6715160281339078,-0.3033891643826893,-0.6986395098855145,-0.7799207476603308,-0.7240599451563945,-0.6887957786997863,-0.6830156850503797,-0.26015649274693836,-0.5914625531358427,-0.22332017431229267,-0.18352342336267552,-0.19624090576564743,-0.14874606664652548,-0.06712930083133278,-0.09677674493430728,-0.05714173375256729,-0.125976610966211,-0.5616229297513339,0.26001604525495997,0.7194576159521131,0.757755197691662,1.26313920763104,-0.5303209513015865,0.04997081730942831,-0.6888801574874607,-0.6595771474905157,-0.5180106497005278,-0.03814856423074932,-0.33033983251479615,-0.624126994206658,1
1.0251939028805794,-0.33708736407297946,-1.5342366503871445,-0.27255946616244114,-0.705056156028684,-0.278440602454052,-0.17768103411361263,-0.3897885298550767,-0.4243025120011519,-0.5085112197521235,-0.39871678363221336,0.5729467901836057,0.08948403775759123,-0.2730274370149904,-0.6588514487989805,-0.13212214685122584,0.048770610870620616,0.5637458195243399,-0.7572281400938392,0.4060454075816615,0.4961063033158622,0.29988325014622425,0.1482542118560043,-0.16670633919580258,-0.7973481908376141,-0.29865597966883806,-0.36132575758310564,-0.10088842118219744,0.15625362868686757,0.24947876802350671,0.22539953854485822,0.30228654283292294,0.2734488438475274,0.31277546068238476,0.2578906554350724,-0.554764882797017,0.6675604170357309,0.7182284117676407,-1.5342366503871454,0.7439096067753941,0.24877385477869648,0.39898041321579275,-0.5384974608780627,-0.5029536644877317,-0.5493620224585825,-0.5078059636752432,0
0.5271431891498275,-0.33708736407297946,-0.7180450251143339,-0.29295381912032514,-0.4263490035144951,-0.2568036514096498,-0.7165154318439364,-0.036723258987141905,-0.4243025120011519,-0.6248719664763439,0.13700062313697264,-0.6290995285041836,-0.945141542705887,-0.47085622648091174,-0.5713875890925317,-0.45430082669234007,-0.8901173065111551,-0.34257699538617997,-0.720348139183757,-0.8644170640643405,-0.8937543586514067,-0.9172249035734613,-0.9754834184122069,-0.9900021919813081,-0.7561710632972598,-0.8810959248316306,-0.699150192601923,-0.5888301009126795,-0.485770729989925,-0.4997464330833651,-0.44416682451184225,-0.44692173147194303,-0.4508426475480515,-1.0419084224678257,-0.12637982400057715,-0.15053983350829922,-0.5002246377726375,-0.1458946438660598,-0.7180450251143344,-2.6437838430692215,-1.8170432817748357,-1.6276888027861742,-0.40822910887419095,0.24977416527592544,0.06131950710346142,-0.624126994206658,0
-1.6129184714119955,1.6435808955749396,1.2489767917931403,1.1928125611818152,1.385247487827733,1.8744360264639692,0.0378527249785172,-1.3028883683066323,0.5396751317018809,1.1205392343869618,1.4621963135660112,1.7559130085747805,-0.1634244374668149,-0.31441421305388606,0.7392063476783677,-0.1584307073910154,0.09450309588678114,-0.007395972760578372,0.5132200517919372,0.39699223082408913,0.3798999939375521,0.4326908808867332,0.5225432753845333,0.2491468441067512,0.9012083202019999,-0.1503386128731391,0.07206743207919288,-0.06472023737468212,-0.19449602094653448,-0.11546641058016305,-0.15280740293068393,-0.08709409013469137,-0.0993482473119619,0.05299043164048276,0.7956142798665954,-0.16528555299067912,0.4610618402708367,0.6069025502471613,1.2489767917931391,-0.17269887463814346,0.16661359083423585,0.4118589627587167,-0.03800739642728702,-0.3392554222823982,1.1113731627671986,1.1206884637645642,2
0.46229283579946917,-0.13902053810818757,0.049175102642107824,-0.007432877709949479,-0.3069030810084141,0.8142254252882601,-0.033991861385526075,-2.021193574555189,-0.6170980407417584,-0.15942897957946245,-0.20134721271725015,1.1835099996758345,0.8712011429966634,-0.2688887594111008,-0.09962833020804125,0.21596034644445025,0.01828228752651359,-0.16164594585942485,0.4422969731187021,0.13143237926863036,0.18068917786044894,0.4326908808867332,0.4572602991876969,0.6743450427644188,0.3521799529972762,0.5206209035835945,0.46101003818638403,0.4284822690914385,0.4460033392535909,0.23497763509885744,0.22539953854485822,0.2004485311337006,0.10036448009490728,-0.1972902670706179,-0.04604008880883181,-0.4448131049175323,-0.32220862332014205,-0.061052618875715454,0.049175102642108746,0.7199657464530821,0.12964147205922863,0.33451365084862744,-0.410830487445712,0.1868595211442518,0.963205144041243,-0.15884287208099884,0
1.1185784117050952,-0.3866040705641775,-1.199598084025292,-0.6736484076674928,-0.2670877735063871,-0.7869089519975043,0.14561960452458186,-0.4263125233931393,-0.23150698326054528,-0.5085112197521235,-0.751162445980362,0.3821457872172994,-1.9797671231693652,-0.4385745411705731,-0.2070400877422765,-0.6117474428458494,-0.33995551176674393,-0.4659769738652572,-0.13433849261586145,-0.4781481890745821,-0.46674597439013626,-0.5707445513748894,-0.5872673199616862,-0.7834773526332982,-0.2997912330583332,-0.7483165678907191,-0.6613671965800816,-0.6614952701986879,-0.6901205258632983,-0.6254229184303243,-0.5870450024026027,-0.5603413209722533,-0.5254020657799494,-0.2986697905991648,-0.5115004593641818,-0.30633156543083434,0.7280858619495795,-0.5532301119136246,-1.1995980840252918,-0.7751637715449146,-0.559477741774935,-0.5504055349858447,-0.17039790144180125,-0.042000435113782104,-0.5703678755693921,-0.5078059636752432,1
1.157488623715308,-0.5351541900377714,-1.370998325332583,-0.7348314665411446,-0.784686771032738,-0.5597209660312809,-0.10583644774956935,-0.5845831620580755,-1.0026890982229715,-0.7412327132005644,-0.3705211306443615,-0.4001383249446214,-0.8531748244424671,-0.8069168479167447,-0.709999904767664,-0.42758751906732306,-0.09604892501388775,0.16769859129757184,-0.8031739606256305,-0.10395021642825378,-0.20611182335592626,-0.308080570576994,-0.5698585263091966,-0.9376701059926721,-0.6429339625612855,-0.9107593981907705,-0.7613810095790736,-0.7058834957806388,-0.6672455487132938,-0.5384161208824295,-0.44696835741166113,-0.33869388374453435,-0.2990609747188309,0.0719990923020855,-0.4116071378294719,-0.764731105861339,-0.3874811619527237,-0.7934596025630802,-1.3709983253325837,0.035497848421187854,-0.18975655402486233,-0.32732537221358793,-0.5392327423020872,-0.0977381665017617,-0.4363693277236895,-0.7404480247380727,0
0.5582713587579969,-0.23805395109058358,-0.7833403551361587,-0.38132934860448897,-0.24718011975537363,-0.7869089519975043,0.6605058068002251,-0.3897885298550767,-0.809893569482365,-0.6248719664763439,-0.46920591610184315,-0.6863398293940809,0.15156157258539982,-0.8466481529140845,-0.6050603226052483,0.24834011326265285,1.1364415461716386,0.023454021859191015,0.8481003276142559,0.4763584137321411,0.6172928830960999,0.7455266332977095,0.9686436127295823,0.907970426642258,1.0110139936429448,0.996178174896788,0.7110445706838638,0.48766656986737317,0.3697534154202426,0.2344942640013692,0.11193745610219548,0.0291210526279504,-0.0034861381566646268,0.9251711449970148,-0.5057619068504856,-0.5739984299479473,-0.8402352253769031,-0.968299797708928,-0.7833403551361594,0.5312359943280526,1.049014825597743,0.7376714632641826,-0.5410306652745863,-0.17822025073450337,-0.6845823635817466,-0.624126994206658,0
-0.9358807824342552,1.4950307761013455,0.530728161553066,0.8287355935632936,0.6486642990402335,0.8250439008104613,0.8999877613470355,-0.3654392008297014,0.15408407422066794,0.887817740938521,-0.243640692199028,-0.3047378234614412,-0.32436619442780024,-0.012290747969947606,0.6198599504181063,0.2382214361319646,1.8856920923530687,1.1515632845767008,0.618062863743676,1.4109480276722046,1.2099450609254818,1.008190614095605,0.7096878071487976,0.6042574276010672,1.2271939132298049,0.14394187680086662,0.20541918274451565,0.13749279027642738,0.17150361345353723,0.017460641229120614,0.12734588705119906,0.1804802935456179,0.15362120740340576,1.009759684941146,-0.28833452827600026,-0.49546144574831524,4.051051465062823,0.5365914798131741,0.530728161553066,-0.10900675250760575,1.8734930742804052,1.1436418324764674,-0.23350779334548905,-0.8043313321724794,-0.26364572215367704,0.8880464027017345,0
-0.11357830195171195,-0.931287841967355,0.42462325026760145,-0.9863618196883804,-0.3069030810084141,-0.04043414096562746,0.9957805431657598,0.1337220441904814,-0.6170980407417584,-0.8459573852523626,0.6727180299061584,-0.5909393279109277,0.664276026903968,0.8030287399962972,-0.3894695806972475,2.1830311806502483,-0.6753270685519212,1.84360370442558,-0.8472696138876854,-0.4298645797008623,-0.2608947977771296,-0.2165908694001991,-0.1433430818231983,0.6159386967949589,-0.9517624191139428,1.5188203245578222,1.9501045872824871,2.1053707910762482,2.1616266255039274,2.2772205219869437,2.172464903918945,2.239205588876953,2.1108059359907236,-0.30817412092996616,2.385405865142402,0.1986131591049216,1.0069776179251555,1.5443834893669883,0.4246232502676024,0.4879037870666392,0.27188142901307605,0.15080928323059803,-0.5507253171596538,-0.5072150076931463,-0.5325521379178141,-0.8451369522163461,0
-1.4624656516391648,1.4950307761013455,0.9225001416840155,1.630913476573397,-0.0082882747432117,-0.6354502946866888,0.3970756567987331,1.6920791018144699,-0.23150698326054528,0.9459981143006312,0.08060931716126882,-0.6672597290974666,0.664276026903968,-0.7531140390661802,-0.006708635198266234,-0.2353326535842461,2.3963715083668617,-0.06992974563848912,1.1607785961997357,0.9522537386218669,1.0522364981977752,1.1041072362970834,1.2232472198972442,0.7444326579277707,3.303207426722666,0.3934917320444237,0.03872949441286218,-0.09595639611753634,-0.08774612757984697,-0.16863723130387667,-0.2648687189234371,-0.3526716500561924,-0.27243261106458183,1.687735248538305,-0.6113937808988915,-0.2086257811750071,-0.6485713164830499,-1.0407202002559346,0.9225001416840156,0.355334081696558,1.8981411534637438,1.0301773701241548,-0.27821859698935264,-0.042259743094207304,-0.5415558266352488,0.9462069179674417,0
0.9369974223240913,-0.8322544289849592,-0.4976732862906753,-0.7960145254147967,-0.6055178872736166,-0.3108960290206554,0.5647130249815007,-0.8280764523118227,-0.03871145451993881,-0.6248719664763439,-0.6806733135107534,0.8209880940398092,-0.7444311801510218,0.6599324152759771,-0.5376917099330258,0.43006596610799636,-0.9130739969553715,-0.17176122073235806,-0.836835615211394,-0.9515701082341939,-0.9999669640024298,-0.9579499306599312,-0.9233155549830995,-0.45205010393453826,-0.7458843928032153,-0.10228608990474775,0.1693816962395524,0.40265672549370884,0.44091708587567,0.2912929358691274,0.34060768907317696,0.2885449526568417,0.2824590484906199,-0.9638041295026931,0.8173030645389814,-0.2608121705069661,-0.3005607527298858,1.6922793413546056,-0.49767328629067464,-0.12212050315726228,-0.8099370443608039,-0.8185873780816127,-0.5326597748553888,-0.14590436864724607,-0.3422841861307798,-0.624126994206658,1
0.7528224188090717,-0.6837043095113653,-1.1261408377507391,-0.9387749961199845,-0.0082882747432117,-0.4190807842426664,-0.17768103411361263,1.0102978891039756,-0.4243025120011519,-0.7412327132005644,-0.10266242725976861,0.5538666898869642,-2.586747463707939,-0.7241432958389533,-0.28887761729217004,-0.6501984159424647,-0.8125245236004027,-0.7661390836792288,-0.4272816436574846,-0.9096829478522028,-0.9905044116595199,-0.9942533294029565,-1.070361343818276,-1.3465145277788908,-0.5228340072352522,-1.2897926688908898,-1.1058730321311572,-1.0461932252422619,-1.0256201907300309,-0.9541152647223713,-0.8952136213826741,-0.8518775897582619,-0.84494242963094,-1.1603957405918153,-0.7984280850489864,-0.8993659359178509,-0.696042253670382,-0.9188476781703571,-1.12614083775074,-1.1972834754332875,-1.0865871851436153,-1.0767977438897225,-0.19521429106362154,-0.7365181437947032,-0.8680360487736934,-0.7404480247380727,1
-0.0954202030136134,-0.28757065758178146,-0.8567976014107116,-0.30428401520803844,-0.02819592849422521,0.8683178028992657,-1.614572761394477,2.3738603145249653,-0.03871145451993881,-0.3921504730279032,0.6868158564000844,-0.28565772316482685,-0.5772746696522055,0.757503286353512,0.05296456343186448,-0.567225263470821,-0.24849054173442287,-0.2075040459698928,-0.42573983759937084,0.1374678304403452,0.12258602317129384,0.026889786957400536,-0.11287769293134148,-0.41201299226753374,-0.33410550600862843,-0.5646855423341396,-0.6391419048025279,-0.6927314289415423,-0.6977455182466331,-0.6640926062293886,-0.6290679958998852,-0.6022746199072272,-0.6052871567426971,-0.27649301982729535,-0.2925853079157752,0.43095440868815915,0.3601860987477559,-0.02589708365872207,-0.8567976014107123,0.07792571749978507,-0.2724303196189757,-0.013355216115408996,-0.04156821913346745,-1.165586837317542,-0.44241993654801554,-0.3914849331438284,0
0.6231217121083552,-0.8322544289849592,-0.47318753753249154,-0.3873721198512693,-0.6851485022776705,-0.9059121827417164,2.001604752262365,-1.8020496133268156,-0.4243025120011519,-0.7412327132005644,-0.2154450392111761,0.6072909707175169,-0.1726211092931559,1.0472107186257817,-0.6656712429281383,0.2382214361319646,-0.6219725026997339,0.24273911875106463,-0.7785050636958097,-0.8131157291047633,-0.788803460381453,-0.6533804105023171,-0.5176321453517273,-0.4680830843982152,-0.8488196002630569,0.028583924848656458,0.01650420263530838,0.24764135005386098,0.33162845350356857,0.3123170106969862,0.4775374995285529,0.5219371563018335,0.5131041167357703,-0.057893422218865516,0.40241716318741866,-0.5499564960092844,0.1940378185920939,0.6537765972031525,-0.4731875375324907,-2.6437838430692215,-0.5461266988839603,-0.600809513369357,-0.55581985740659,-0.1864873217423035,-0.7732728796320295,-0.7404480247380727,0
0.7554164329430874,-1.0303212549497511,-1.1506265865089245,-0.6464559370569808,-0.6055178872736166,-0.4948101128980743,0.840117272710333,0.5841846311599156,-0.03871145451993881,-0.6248719664763439,-0.8639450579317697,0.3821457872172994,0.18145075602101118,1.2706993092358183,-0.7387282875367412,1.0295019877517864,-0.5076412901593326,0.16352967310571107,-0.8790308186848298,-0.6592117242260314,-0.5895926443043498,-0.553036867276155,-0.482814558046748,-0.09428247019367247,-0.9174481461636474,0.42174265905312813,0.7943894148496907,1.0038851933019124,1.15512763090373,1.2863097721359193,1.4020433564687673,1.4205078477655586,1.3518975718446204,0.018141220427544874,-0.31383920611464955,0.3700481760435467,1.1137872265966524,0.8764283202441112,-1.150626586508924,0.6717442751322967,-0.21645863980681196,-0.3194798190437607,-0.5818015196058132,-1.1287565861374893,-1.2228093837959522,-0.624126994206658,0
0.3092460018926228,-1.0303212549497511,0.6368330728385321,-0.8707938195937046,0.09124999401185574,-0.6354502946866888,2.0854234363537487,-1.3150630328193194,-0.4243025120011519,-0.8575934599247846,-0.03217329479013883,1.1262696987859373,1.882835043894287,1.7921726873259038,-0.7654107320670711,2.1627938263888717,-1.1417984157167587,-0.3784296918361821,-0.9328706862341639,-0.4600418355594372,-0.11978713638918154,0.15231921599010328,0.41373831505647257,2.800336036052756,-1.071862374439976,3.4493003368193005,3.472537074044921,3.32193697369268,2.7868760009373834,2.7847601743496626,2.578687174392676,2.678506815814774,2.550173936285836,-0.7453733161468256,1.1526797696076858,-0.15246318822339233,-1.0520742825753724,0.5131544563351785,0.636833072838532,1.1232266339780728,-0.27756533611550444,0.55633556452761,-0.5890330490582064,-0.032697403982166015,-0.52517231259131,-0.8567690552694875,0
1.0277879170145914,-0.7827377224937612,-0.9629025126961777,-0.8300051136779366,-0.7249638097796975,-0.960004560352722,0.7562985886189494,-0.7915524587737612,0.15408407422066794,-0.8226852359075185,-0.4974015690896949,-0.4001383249446214,-0.002482680505828729,-0.32683024586555476,-0.5565545368616136,-0.6016287657151611,-0.57242897726556,0.780529565501097,-0.9144923580214473,-0.30613783068070527,-0.5713316528306154,-0.9248982333495797,-1.253153677169418,-1.63854625762619,-1.1061766473902712,-1.541696768051839,-1.1836615533525954,-1.0346851667580526,-0.9112453049800082,-0.6230060629428827,-0.3769300349161904,-0.2967605848095605,-0.125976610966211,0.13536129450742748,-0.1650619187225286,-0.5691900431602146,0.7518213305432454,-0.42432648278464835,-0.9629025126961771,0.4871328423361679,-0.5923418473527192,-0.7506151701215292,-0.4157692599748137,-0.011828676353910234,-0.6746933676254542,-0.8218727461100632,0
0.5868055142321544,-0.28757065758178146,-0.6364258625870531,-0.6192634664464688,-0.2670877735063871,-0.9275491337861187,-0.7883600182079797,1.1442191987435362,-0.809893569482365,-0.6132358918039218,0.06651149066734287,-0.20933732197828805,-0.20940779659852488,-0.401326442735567,0.37690478456685983,-0.23938012443652146,-0.38568799678290444,0.5720836559080612,-0.7294756310477907,0.24610595153121478,0.18898962853032822,0.004755181833982339,-0.2521480421512592,-0.47041933823699356,-0.5914625531358427,-0.4822870052254178,-0.29464988225044425,-0.29488140705887167,-0.3012459143132222,-0.16380352032899353,-0.09677674493430728,-0.1370146841048983,-0.125976610966211,-0.18144971651928218,-0.1650619187225286,-0.7038248732167265,0.9061018764020746,-0.35401541235066136,-0.6364258625870525,0.25453309013498304,-0.16510847484152408,0.07982923143942568,-0.12688040761627517,0.4119950173701964,-0.35930415357917916,-0.6124948911535165,0
0.12507099837760324,-0.6837043095113653,-0.21200621744519185,-0.7008408782780048,0.0116193790078017,-0.1161634696210353,0.5407648295268196,0.4989619795711045,0.3468796029612744,-0.6248719664763439,-0.08856460076584265,-0.20933732197828805,-0.11744107833510409,0.5257373405356962,-0.3050746283489198,1.1185463465018433,-0.15169011511688316,0.5053809648382896,0.1755645250650136,0.4513112913695238,-0.35651598949413915,-0.23282291315737233,-0.07370790721323968,0.5551960969867208,-0.16253414125715218,0.6477500751227648,1.0833182079578896,1.2406223964056506,1.1856276004370694,1.2355558068996477,1.219943717980543,1.294707950960637,1.4450968446344932,0.7626470963403128,1.4821151916902395,0.11680647188963157,1.766512612922468,1.0404874845900811,-0.2120062174451932,0.19527722450957796,0.16014347004860935,0.1796009830708133,-0.5168265433025532,-0.6708091508997448,-0.6798929342177268,-0.624126994206658,1
-0.8606543725478417,1.4950307761013455,0.5796996590694351,2.378706418362476,-0.48607196476753556,1.3010568237873101,-1.0038937773001095,-0.9254737684133221,-0.03871145451993881,1.9350644614565042,-0.9908254963771029,0.21042488454760747,0.227434115152722,-0.8731356895789777,0.5431372664650811,0.01965801010909808,2.9375392477247613,0.03012429096616802,3.439567950091941,0.9190587571774343,1.0439360475278958,1.3180750858234587,1.4321527437271213,1.2116834256834492,3.4576216549989955,0.8831744668619695,0.33877093340983816,0.16872894901928162,0.33162845350356857,0.11655171621422304,0.04329990005663423,-0.031183024888059522,0.047107752786408934,2.289676169489053,-0.483870391705645,-0.3302965651808934,-0.4171504976948062,-0.7606477696938864,0.5796996590694339,0.1956104014242543,2.337185063916955,1.1374986163151881,-0.1857142116096431,0.26021324045648764,1.5227282874792525,1.9349356774844673,0
-1.6025424148759402,1.2969639501365535,1.232652959287683,0.8151393582580376,0.4694954152811121,0.5004896351444281,-0.16570693638627182,1.2537911793577239,-0.03871145451993881,0.6550962474900802,1.8146419759141599,-0.32381792375808266,-1.2210416974961478,-0.8524423015595298,1.276265135349544,-0.5631777926185457,-0.06556060166978071,-0.6577472106908502,1.5431464986119596,-0.1069679420141113,-0.17623020094436084,-0.20183446598458707,-0.26955683580374884,-0.4564018152043233,0.8154226378262621,-0.5293718835732588,-0.616916613024974,-0.6121750195520759,-0.6519955639466242,-0.6834274501289208,-0.71311398289445,-0.7320681642297652,-0.7384289750139432,-0.5521185994205325,-0.7644218479307874,-0.15316841828559305,-0.7138438551156315,-0.9551750645612505,1.2326529592876831,-0.7413353047328363,-0.2960513955030082,-0.24235655109130808,0.7227481607517356,-0.213353453657269,0.042503154675962704,0.6554043416389048,1
0.8669590407057054,-0.7332210160025632,-0.8567976014107116,-0.5920709958359568,-0.665240848526657,-0.5380840149868786,-0.5009816727518072,-0.3776138653423896,-0.6170980407417584,-0.6248719664763439,-0.10266242725976861,-0.6290995285041836,-0.9267481990532025,-0.41705341763034737,-0.5006322250025196,-0.4425631612207416,-0.7747190026537101,-0.4226202246699058,-0.7573514845784882,-0.8526479342794964,-0.9311063866658637,-0.9957289697445179,-1.0459890327047903,-1.0899938562810234,-0.7722987715838986,-0.8448405685037931,-0.710707344326251,-0.6697153119731232,-0.6006031152829474,-0.5451833162472658,-0.4702210804801575,-0.41137826856515586,-0.37042498931221896,-0.7396707179483448,-0.3418943517371638,-0.1945846564839294,-0.17267517118004613,-0.021444049197902864,-0.8567976014107123,-2.6437838430692215,-1.8170432817748357,-1.6276888027861742,-0.3318322713147848,0.45204620271514045,-0.005093717585420402,-0.624126994206658,0
0.8980872103138748,-1.079837961440949,-0.5058352025434033,-0.9463284601784602,-0.7249638097796975,-0.6029948681200854,0.6485317090728843,-0.268041884728202,0.9252661891830941,-0.7412327132005644,-0.9062385374135473,0.15318458365771015,0.4113675516795619,1.6059321951508734,-0.7595286596306725,2.5068288488322725,-0.8529215520313446,0.13434724576268595,-0.9203820571634422,-1.247969986026827,-1.2818502301722832,-1.189037854489036,-1.0790657406445208,0.12065288297393985,-1.0032338285393854,1.4952778853839017,2.394610422833562,2.8616146343243,2.9317508562207446,3.0022771682194,3.0129247738645946,3.237617468281092,3.3490248459133127,-0.3018379007094321,1.7902967155739182,1.7644803444859907,-0.76724865945138,1.755316700668949,-0.5058352025434049,0.6101144468289246,-0.29194338230578515,-0.6145762387428274,-0.5890301492667385,-0.21355411413255335,-0.600490958426677,-0.7404480247380727,1
0.2054854365320481,-0.23805395109058358,0.693966486607629,-0.7212352312358886,-0.4064413497634816,-0.6354502946866888,-0.417162988660423,0.5111366440837917,-0.809893569482365,3.215032675422928,0.038315837679490955,0.34398558662401646,-1.1198783074063856,0.3643289139840031,-0.3706298994154491,-0.7989429697635823,-0.6754032893602815,-0.6448235642960819,-0.026782102001842344,-0.339031039566552,-0.27583560898291243,-0.3789113069719321,-0.42014290089778494,-0.645638376145373,-0.17969127773229981,-0.6965232017080941,-0.8058315931341812,-0.9245366069806188,-1.010370205963361,-0.985534386059111,-0.9512442793790508,-0.9397378351458262,-0.9913984297293107,-1.0051583451887276,-0.41373252764935936,0.17226319950814706,-0.6984158005297485,0.34792344081530907,0.69396648660763,-0.5952071509035546,-0.7959452514400859,-0.4321301202180723,-0.08698216303867419,1.0196034879233942,0.27869864116500714,3.21446701333003,2
0.029092475419075507,0.10856299434780224,0.2858706739712237,-0.36773311329923314,-0.3865336960124681,-0.7652720009531021,0.2653605817979873,0.9494245665405386,-0.809893569482365,-0.27578972630368276,-0.28593417168080587,-0.2474975225715439,-0.3703495535595102,-0.5958442901183767,0.03165270677824637,-0.4680622275900761,0.1707239042470487,-0.38259861002804285,0.4577150336998401,1.2721326507227604,0.3798999939375521,1.1114854380048895,0.8054361722374912,0.1136441214576044,0.09482290587006194,-0.29394749183405405,-0.616916613024974,-0.5349066268723837,-0.5452456705799366,-0.4731610227215084,-0.5170066799071319,-0.5523540259370202,-0.4987737021257001,-0.3240146714813016,-0.4944973408050822,-0.30953715662265613,-0.1323248745708139,-1.0454076049515337,0.2858706739712245,-0.08020070630388,0.09318285493387411,0.6348651108784272,-0.14036079271518456,0.1180703683473897,-0.48374515684038166,-0.2751639026124136,0
1.3494456696323707,-0.4361207770553754,-2.554476181978158,-0.6127674873561798,-0.48607196476753556,-0.9059121827417164,-3.6860916682243894,3.6035014303063932,-0.6942162522380012,-0.3572422490106371,0.41895715301549147,-0.4020463349742666,0.27479697505838335,-0.020568103177726744,-0.27012318343698616,-0.5591303217662704,-0.7012421433944122,-0.5160039921675857,1.6757418196097469,-0.7799207476603308,-0.8767882374821736,-0.8865315844689883,-0.8919212088802563,-1.0428015287377,-0.02012990851342701,-0.9437188130342591,-0.7091515739018223,-0.6960194456513163,-0.6695330464282943,-0.6157554964805582,-0.5352166437559543,-0.5263953170725126,-0.568007447626748,-0.9196193722115159,-0.18844120674129045,1.3637814455082768,-0.39341502910114007,0.17331761590424127,-2.554476181978158,-2.6437838430692215,-0.9225234080795206,-0.888119591620633,-0.2513615039957481,0.16208110947622656,-0.46569326156955626,-0.35658862398440394,1
0.716506220932871,-0.6341876030201673,-0.7915022713888867,-0.9455731137726124,-0.505979618518549,-0.862638280652912,1.319081181803955,-0.7672031297483859,0.3468796029612744,-0.7412327132005644,-0.7088689664985841,-1.354143339776207,-0.12663775016144674,-0.43282177930116666,-0.781096258564134,-0.6317824235646121,-0.49072027070335317,-0.09119122841697884,-0.8838720897073071,-0.4690950123170096,-0.5797981125138923,-0.6814175769919801,-0.9075891231674971,-1.1876492667419603,-0.8316624637879093,-1.1603092534343276,-1.039197156798496,-0.8554882560753619,-0.7816204344633162,-0.6906780165912453,-0.6430756603989793,-0.6042714436660355,-0.5786587930884478,-0.18144971651928218,-0.43073564620845894,-0.4800746080275711,-0.3928216423862986,-0.48174719030573787,-0.7915022713888874,0.35304911845747405,-0.6549376984454053,-0.7030237485347476,-0.566069798027155,-0.408029424524324,-0.8983666165290138,-0.7404480247380727,0
0.8306428428295046,-0.5351541900377714,-0.7996641876416146,-0.5988691134885848,-0.7647791172817244,-0.6138133436422865,0.34917926588937087,-0.07324725252520443,-0.6170980407417584,-0.5085112197521235,-0.6947711400046581,0.11502438306445432,-0.6002663492180609,-0.2854434698266591,-0.6929504194447695,0.29690976348995635,-0.26373470340647637,-0.3242337553419929,-0.8435692793482124,-0.7286194127007536,-0.599553185108205,-0.526475341128053,-0.46105356598113584,-0.23679395435915432,-0.8488196002630569,-0.1032537345252983,-0.08350961036368344,0.22626924144032926,0.5298782554702742,0.5878385362653197,0.659637138016777,0.7715401261528683,0.8193302987596363,0.021309330537811904,-0.1268049019645546,-0.3688405936713577,0.35247207145481474,-0.30596951422077023,-0.7996641876416142,0.04748482091883509,-0.301186411999537,-0.4558888236851902,-0.5640107461945224,-0.2637646897585398,-0.6341972184710853,-0.5078059636752432,0
-0.269219149992574,-0.13902053810818757,1.2408148755404123,0.7071248222218374,-0.08791888974726575,0.5221265861888301,-0.12978464320425045,0.3406913409061683,-0.809893569482365,0.5387355007658597,-0.7934559254621398,0.17226468395435163,-0.4163329126912202,-0.6537857765728307,0.3641176705746889,-0.9877574850222252,-0.727157218236903,-1.0062687715304062,0.21410967651785875,-0.5958394869230241,-0.7307003056922978,-0.750772673045357,-0.8135816374440525,-1.1269066669337218,0.06050863291976687,-1.2285823270386969,-1.1725489074638185,-1.2089500523760817,-1.2238699926967362,-1.1933839579790817,-1.1333439178672746,-1.1054742071269132,-1.1245402480005569,-1.188908731584219,-0.8154312036080861,-0.45186540553954,-1.010537212536457,-1.178998638776109,1.2408148755404111,-0.30771415140030867,-1.0639417623939234,-0.8459460426001845,3.085415851289187,0.12325674163203358,0.4056018758206152,0.5390833111074899,2
-0.8139621181355821,0.40566323329499004,1.8121490132313791,1.4156397509068441,0.5889413377871929,0.7276776211106514,-0.06991415456754745,0.6328832892106653,-0.6170980407417584,0.4223747540416395,-0.8216515784499917,0.17226468395435163,0.1584590764551566,-0.6537857765728307,1.4041362752712527,-0.9584133213432293,-0.21038013755428908,-1.0312822806815702,1.9193471767917283,-0.2970846539231329,-0.4883271461318224,-0.5722201917164507,-0.7004244787028695,-1.1128891439010515,0.11198004234520957,-1.2285823270386969,-1.1725489074638185,-1.1941539771820981,-1.193370023163397,-1.161964836642342,-1.1053285888690865,-1.0775186745035974,-1.0979118843463076,-0.7168603251544217,-0.8515628305461725,-0.601887073316796,-0.9096614710133762,-1.2446223045144968,1.8121490132313784,-0.11659575246624274,-0.6364516390579017,-0.6324877846588479,4.835438494880284,0.10689066808875183,0.48821167187445647,0.42276228057607523,2
0.6750019947886425,-0.28757065758178146,-0.6282639463343251,-0.5512822899201888,0.27041887777097723,0.1651168939561936,0.7443244908916087,-1.534206994047693,-0.4243025120011519,-0.5085112197521235,-0.8357494049439177,0.11502438306445432,-0.5938286789396218,-1.2456166739290389,0.4834640678349504,-0.812097250033477,-0.7363037152401353,-0.8786998748594681,2.4743973577126983,-0.49323681700386957,-0.6244545371178429,-0.6843688576751026,-0.7570030580734609,-1.1993305359358521,0.6610084095499335,-1.0119918866386284,-0.9947465732433883,-1.0396171918227137,-1.0256201907300309,-0.9275298543605145,-0.8952136213826741,-0.8638585323111115,-0.8582566114580646,-1.0685205473940693,-0.9153245251427957,-0.7358807851349436,-1.4223475926365625,-1.238763048644998,-0.6282639463343245,-2.6437838430692215,-0.9769545829427257,-0.7227856607644062,0.9445831050726136,-0.4336337621795131,-0.2303737564840561,-0.5078059636752432,1
0.15360515385176443,-0.18853724459938556,0.31851833898213544,-0.10260652484674147,-0.3865336960124681,-0.7760904764753032,0.42102385225341415,0.3041673473681058,-0.809893569482365,-0.3921504730279032,0.05241366417341691,1.030869197302757,2.3886519943430984,-0.5668735468911497,-0.5906535075074025,0.0176342746829604,0.4374967335079852,0.45118502834410046,0.01059127684683633,0.46217510347861096,0.23049188187972472,0.4270834475888005,0.29622895790216686,0.06364828930774712,0.02276293267444207,-0.06652752941398245,-0.2235289485622721,-0.318883929040223,-0.3058209097432229,-0.3165487871352978,-0.3713269691165528,-0.3826240064383165,-0.35231770202732926,-0.275859397805242,-0.20969510494016488,-0.29190640506763665,-0.5773649107020519,-0.21269016077834751,0.31851833898213644,1.5266654033692328,0.4526340096908894,-0.8579364163125618,-0.5255744415085004,0.3416583723708248,-0.3274067776049397,-0.3914849331438284,0
0.6698139665206149,-0.8817711354761572,-0.709883108861606,-0.5792301069365485,-0.505979618518549,-0.3325329800650576,-0.022017763658185262,-0.41413785888045107,-0.6170980407417584,-0.7412327132005644,0.08060931716126882,-0.4001383249446214,1.239068016050345,1.303808730066935,-0.7014751621062167,0.8271284451380212,-0.8430128469445098,0.45118502834410046,-0.8867398489753989,0.7289420452684127,0.6787162180532067,1.18526745508295,1.34075657705155,1.7490218086024794,-0.9002910096884998,0.6712925142966852,3.2391715103806065,2.450612545602533,2.2378765493372756,2.1805463024892826,1.374028027470579,0.8214607201230751,1.3518975718446204,-0.5616229297513339,0.6850940092324485,1.0400167351342842,0.31271516156042406,1.8842203297979252,-0.7098831088616064,1.2091471209534332,-0.06600265645851837,1.1470465064935624,-0.573962566359464,-0.02621828759712219,-0.24237220286874156,-0.7404480247380727,0
0.9836896767363473,-0.6341876030201673,-1.0608455077289143,-0.6396578194043528,-0.5856102335226031,-0.6138133436422865,0.22943828861596594,-0.4019631943677639,-0.809893569482365,-0.8575934599247846,-0.4269124366200653,0.21042488454760747,1.4230014525771855,2.59921482008437,-0.7411152154819465,1.3937743644565639,0.02590436836254035,2.2938468691465372,-0.8956823241124588,0.07409559313733792,0.33009728991827625,0.29988325014622425,0.3963295214039829,0.8145202730911222,-0.9517624191139428,1.000886662731572,1.3500217092885352,1.5957282010612575,1.8718769149372039,2.0838720829916215,2.452618193900829,2.2991103016412007,2.2040052087805955,1.719416349640976,2.3428980687446535,4.009676415237917,1.541025661282641,1.181109625458055,-1.060845507728915,1.4702478875791885,0.7823020687680377,0.6141410081656765,-0.5840126057652071,-0.18879356387086815,-0.5643519263733711,-0.8567690552694875,0
-0.5286205633940071,0.7027634722421778,0.9306620579367435,0.10133700473209852,0.708387260293274,1.095505788865489,0.34917926588937087,-1.1080937361036336,-0.23150698326054528,0.3060140073174192,-0.4551080896079172,-0.17117712138503222,-0.4163329126912202,-0.918661143221763,1.9070960922966402,-0.7918598957721005,-0.3094671884226369,-0.8411796111327217,1.817587976956217,-0.3544214400544251,-0.4435047125144742,-0.43793692063438056,-0.6307893040929106,-1.0287840057050293,0.40365136242271915,-0.8754457394298897,-0.8947327602443962,-0.8653523062046844,-0.8731203430633342,-0.7196802824405436,-0.7691446408908266,-0.6841443940183666,-0.6984864295325693,-0.1561048356371454,-0.7537948988313502,-0.6461242317639357,-0.9986694782396238,-0.9809557903870457,0.9306620579367436,-0.24615336895688417,-0.6236654479815449,-0.5410796887651063,2.4101065853130463,-0.20014260396857658,0.5947887474877548,0.30644125004466044,1
0.5608653728920125,-0.7827377224937612,-0.6364258625870531,-0.09580840719411332,-0.7647791172817244,-0.4407177352870687,0.3252310704346898,-0.1828192331393909,1.3108572466643074,-0.8575934599247846,-1.3009776792434737,-0.9343811332503116,-0.11744107833510409,-0.5379028036639227,-0.6452118605406648,-0.7408617630334317,-0.5381296135034396,-0.5034972375920036,-0.3513631133559608,-0.7467257662158985,-0.7124393142185634,-0.6061599195723584,-0.5176321453517273,-0.20175014677747855,-0.6944053719867285,-0.07264856359920151,0.01650420263530838,-0.015399986728069946,0.003753781020171046,-0.09613156668063086,-0.20883806092706061,-0.25083363835697026,-0.2591184292374572,-0.396881204017445,-0.6517761874767528,-0.21657501205982654,-0.9749340096459577,-0.5626049213048229,-0.6364258625870525,0.3133821649208555,-0.8963348239472236,-0.6062865976577272,-0.16776116071834984,-0.2449016691852085,-0.5090809723735746,-0.8567690552694875,1
0.7191002350668866,-0.5351541900377714,-0.8731214339161675,-0.524089819309677,-0.744871463530711,-0.6895426722976943,0.013904529523836109,0.6085339601852909,-0.6170980407417584,-0.6248719664763439,-0.5678907015593248,-0.11393682049513491,0.7792344247332433,0.5340146957434754,-0.7006226878400721,2.2639805976957543,0.17834598508307545,0.9264417022162221,-0.8352435266343978,1.3445580647833402,0.8447252314507927,1.4656391199795797,1.5148445135764472,1.9592846540925353,-0.6944053719867285,2.060296425557993,2.1723575050580246,2.3355319607604383,2.4285013589206463,2.543074625605511,2.578687174392676,2.658538578226691,2.470288845323088,0.8323455187661886,0.019846995607678827,-0.13643523226428378,1.8614544872971317,0.4428433859011914,-0.8731214339161671,0.9710241904610101,1.0965650783555996,1.5482799379429328,-0.5827557200003256,-0.3188297873358827,-0.7232567584643854,-0.624126994206658,0
-0.22512090971432994,0.306629820312594,0.22057534394939876,0.692773240510734,-0.3467183885104411,0.15429841843399247,-0.7644118227532986,0.7911539278756015,-0.4243025120011519,0.3060140073174192,-0.7229667929925101,0.09594428276781285,0.1354673968893012,-0.6041216453261558,0.057226934762588104,-0.04307778810116916,0.6432929160807076,-0.34507834630129647,1.8299224254211275,0.5901266683189684,0.6953171193929654,0.8901393867707081,0.8968323389130624,0.8145202730911222,1.4330795509315761,0.5535803184270829,0.19430653685573873,0.08981654798470254,0.12575365915352824,-0.08646414473086497,-0.1668150674297781,-0.26880505218624473,-0.27243261106458183,0.2145640472641049,-0.5625098150414803,-0.2458100037292405,-0.1323248745708139,-0.5848700936089188,0.22057534394939848,0.23352331897065445,0.6215760524266865,0.7327864961961768,-0.31572581284934287,0.08432533656735798,0.17286130632756086,0.30644125004466044,0
0.6490618534485008,-0.6341876030201673,-0.3262730449833844,-0.44931052513076897,-0.46616431101652206,-0.23516670036524764,-3.7818844500431137,0.7789792633629142,0.15408407422066794,-0.6248719664763439,1.8710332818898636,-0.5146189267243889,-1.313008415759568,2.3095073878121,-0.728754338622848,0.3313132657342965,-0.4771529668152255,-0.1145371702913988,-0.8670047314315422,-0.285013751579703,0.1375268343770767,0.08148847959516517,0.13084541820351464,0.34726950533544365,-0.8659767367382045,0.2946134875139578,0.46101003818638403,0.47780251973805066,0.5222532630869393,0.4863306057927757,0.4215068415321762,0.44605785346711874,0.4332190257730225,-0.3018379007094321,1.5990116317840486,0.6617569744993224,2.8702119025279376,2.2357756819678603,-0.3262730449833849,-0.5163303922018508,-0.18241348043482583,0.1399291293064037,-0.5731423800436116,3.5884525899279676,3.2569280931395324,-0.624126994206658,0
-1.0111071923206725,1.4455140696101474,0.7102903191130849,1.5629323000471174,0.3102341852730043,1.1387796909542935,-0.6326967477525528,0.4989619795711045,-0.03871145451993881,1.0041784876627413,-1.216390720279918,-0.01853631901198177,0.29640915385028654,-0.7572527166700698,0.3641176705746889,-0.17664432622625423,1.8170933648288279,-0.2241797187373356,3.020196702284986,0.8888815013188595,0.911128836809827,1.2000238584985623,1.2711214024415913,0.97805804180561,2.925750424269419,0.6477500751227648,0.13874330741185426,-0.06472023737468212,-0.011496203746498623,-0.22905861848991474,-0.3068917124207196,-0.37064306388546686,-0.3523177020273294,1.2758809342035822,-0.5327543575630561,-0.44930093258608267,-0.1857296789065624,-0.7559603649982872,0.7102903191130838,0.20249428813793602,1.4601242463098376,0.9780710547320948,-0.16347904866354487,-0.3847089909733607,0.44598884044062265,1.0043674332331491,0
-3.690723792757476,3.2281155032932745,3.069084116151507,1.9980118298153087,1.3653398340767195,1.4741524321425281,3.6420561409080183,-1.0228710845148214,0.3468796029612744,3.215032675422928,2.829685483476828,-0.4192184252412358,0.40676921576639097,-1.2133349886187001,0.5346125238036339,-0.5342383760247773,2.0991103557618183,0.06889523015047268,1.191614717362012,-0.04631165773837566,-0.0915656041115921,-0.036562747729731435,0.15521772931700034,-0.13399878545290514,1.3129795956055428,-0.07264856359920151,-0.2279740069177831,-0.36886178302878975,-0.568120647729941,-0.545666687344754,-0.6290679958998852,-0.6561888613950506,-0.6718580658783201,2.3055167200403885,-0.5157512390039566,-0.2710700623207955,0.45453458640757854,-0.6610404199124047,3.069084116151507,-0.22843339246069105,1.2853282847679979,-0.06028050582928117,0.2129019427284469,-1.0722071530339812,-0.45667788864670944,3.21446701333003,0
0.9499674929941622,-0.6837043095113653,-1.4281317391016801,-0.2687827341332035,-0.784686771032738,-0.8734567561751132,1.774096895442895,-0.5845831620580755,1.3108572466643074,-0.7412327132005644,-1.4419559441827332,0.3821457872172994,0.03430400679953942,-0.7696687494817385,-0.5915059817735473,-0.18959623295353506,0.22560288626644126,0.32695126622665094,-0.8118697467933924,-0.4135688615372319,-0.6288039732688596,-0.6793516805137945,-0.7430760231514694,-0.7278745112703723,-0.8261721801158621,-0.566568937468053,-0.42800163291576687,-0.34814727775721277,-0.2493959661065453,-0.14205182094201987,-0.05615451788693435,0.02352994610328713,0.1264602764760716,0.9717423636179412,-0.31001350443885217,-0.5657921164968835,0.1275785065298292,0.40323481622337876,-1.4281317391016808,0.6632721972792474,-0.16685438045034373,-1.6276888027861742,-0.509355025918594,-1.127869729384511,-1.4043928923999351,-0.7404480247380727,0
-0.5208385209919638,0.9008302982069696,-0.4323779562688504,0.42915734486993723,0.5889413377871929,0.04611366321198127,0.7084021977095872,-0.4019631943677639,0.15408407422066794,0.7714569942143008,1.3917071810963813,0.07686418247117137,-0.1634244374668149,-0.6372310661572723,1.7707002097134843,-0.3587805145786429,0.07163685337870088,0.22189452779176105,0.9788454813423066,0.9401828362784368,0.8281243301110341,0.7868445628614236,0.8576625531949605,0.36829578988444917,0.7811083648759669,-0.04439763659049713,-0.11684754803001414,-0.36557376631901556,-0.44612076959658387,-0.4175733465103534,-0.4189530284134729,-0.4345414241673318,-0.3789460656815787,-0.1561048356371454,-0.41373252764935936,-0.1396408234561053,0.016021804139598736,-0.57783898656552,-0.43237795626885084,0.22655093202601484,0.2672599141662,0.7839306211051444,0.5816203279738125,-0.6654342827327603,-0.5542665382458675,0.7717253721703198,0
0.5115791043457409,-0.33708736407297946,-0.5629686163125003,-0.31334817207820914,-0.48607196476753556,-0.2568036514096498,-0.8242823113900016,0.8155032569009768,-0.6170980407417584,-0.27578972630368276,-0.6242820075350285,-0.28565772316482685,0.08948403775759123,-0.38891040992389825,-0.4116339116170104,0.24631637783651503,-0.17989181421018205,-0.3909364464117643,0.386791955026605,0.22498187243021228,0.36329909259779347,0.5359857047960177,0.5791218547551248,0.6743450427644188,0.3350228165221286,0.6712925142966852,0.43878474640883025,0.47780251973805066,0.5146282707036046,0.30264958874722014,0.21139187404576407,0.08662957688162887,-0.006148974522089551,-0.4127217545687804,-0.5348797473829435,-0.41160318017025943,-0.19166354605497898,-0.35987466822016034,-0.5629686163125007,0.4237066516272536,0.03207615862518163,0.4693683477866009,-0.4927458503193902,0.002671299740117617,-0.16841754908063455,-0.2751639026124136,0
-2.0201786904522474,2.039714547504523,0.7184522353658128,2.5622555949834322,-0.12773419724929266,1.0197764602100814,0.7203762954369275,0.973773895565913,1.6964483041455203,1.2019917570939158,-0.4974015690896949,-0.8389806317671313,0.9171845021283741,-0.9103837880139838,-0.1192352383293699,-0.08759996747619757,3.2805328853459654,0.10516481841966109,0.5193872760243924,1.0759804876420238,1.2680482156146369,1.332831489239071,1.5366055056420593,1.2700897716529091,3.6120358832753237,0.6595212947097253,0.3165456416322844,0.13913679863131442,0.09525368962018889,-0.016375335595060832,-0.08276908043521311,-0.21289398693961287,-0.0993482473119619,2.384719472797066,-0.5901398827000172,-0.43131018805198174,-0.779116393748213,-1.0465794561254336,0.718452235365814,0.5511473886849616,2.6196109712260385,1.2738336063040714,-0.36194738090942813,-1.161532516247799,-0.5510165942910462,1.202113185136554,0
-0.4144839414973771,-0.03998712512579167,-0.8567976014107116,0.3453138938208588,-0.2670877735063871,0.9981395091656792,-2.1174848659427794,1.6920791018144699,1.6964483041455203,0.07329251386897835,3.0693485338735687,0.7065074922600417,0.38837587211370733,-0.8400262687478611,-0.5096684522236538,-0.30413965807292626,1.1997048171106608,-0.5326796649350287,-0.02949568066412263,1.3445580647833402,1.359353172983309,1.4656391199795797,1.5670708945339165,0.9546955034178262,0.24923713414639065,0.4311596347226965,-0.12796019391879104,-0.09760040447242338,-0.13349608187985582,-0.23872604043968082,-0.3208993769198138,-0.37064306388546686,-0.3922602475087033,0.8323455187661886,-0.6496507976568655,-0.8128149737386646,-0.5892326449988848,-0.9153321246486578,-0.8567976014107123,0.7094826321069578,1.1124836294948388,1.3291965664081349,-0.46323442858329655,-0.7232282418390854,0.20201980725613017,0.0737991889818308,0
-0.40929591322934583,1.1979305371541575,0.9143382254312876,0.57040712276343,0.6088489915382065,-0.8950937072195153,-0.6925672363892553,0.5476606376218541,-0.23150698326054528,0.7714569942143008,0.4471528060033434,0.8591482946330922,-0.3933412331253656,-0.21094727295664686,-0.02802049185188435,-0.42556378364118536,0.1707239042470487,-0.42428779194665006,0.784577918019967,0.15255645836963264,0.36329909259779347,0.3146396535618363,0.4398515055352072,0.15102418287805872,0.42080849889786676,-0.1267961736992187,-0.30576252813922117,-0.42475806709495006,-0.49187072389659287,-0.5432498318573126,-0.5870450024026027,-0.5823063823191443,-0.4987737021257001,0.0023006698762094453,-0.32871693485386166,-0.08514577319513635,0.983242149331489,-0.014178571919724067,0.9143382254312876,-0.23005226005493296,0.09369635658352711,0.2624973939218174,-0.19897445015672,1.7194001644578105,0.5643938984210592,0.7717253721703198,1
0.2755238181504377,-0.03998712512579167,0.15528001392757385,-0.34733876034134914,0.07134234026084223,0.5654004882776346,-0.5728262591158504,0.1093727151651071,-0.23150698326054528,-0.15942897957946245,-0.3432044788288511,1.4112815566940593,-1.0093961186629983,-0.5441108200697571,0.3776545378955276,0.033963748174675706,-0.5165824040238344,-0.23656428645102587,0.4007933160355563,-0.695755240533312,-0.7416300773676451,-0.7676330487685152,-0.7619525931913935,-0.6582186511224578,0.2241497926951695,-0.5803898783887921,-0.30491004836322233,-0.15285244816208066,-0.03272358257361539,-0.16946316933787628,-0.049760605080308794,-0.03407129434876891,-0.06737641323208017,-0.643259905395608,0.1392366772052556,-0.02782980268536404,-0.15552670590892437,0.08982866666142131,0.15528001392757468,-0.42922544389027995,-0.5713992467888493,-0.6838980900830774,-0.23988916289805748,-0.1297672507631717,0.3202969138786665,-0.15884287208099884,1
-0.7594878213212827,0.5046966462773861,-0.33443496123611377,0.43066803768163225,-0.3865336960124681,0.8683178028992657,-1.0038937773001095,1.2903151728957853,0.3468796029612744,0.3060140073174192,2.505435474116531,-0.056696519605237604,0.4113675516795619,-0.9600479192606586,-0.3263864850025379,-0.47615716929462665,2.510702720907263,-0.5034972375920036,0.7198220635791872,0.7561015755411302,0.7119180207327239,0.713062545783363,0.7793229817587566,0.17905922894339965,0.455122771848162,-0.19271500338619607,-0.528015445914759,-0.43297810886938537,-0.41562080006324453,-0.4369081904098856,-0.44696835741166113,-0.4884556656551553,-0.4854595202985755,1.8144596529489885,-0.6517761874767528,-0.3608266156918034,-1.0342726811301228,-0.9985335579955423,-0.3344349612361129,0.5570205353387447,1.7553876948602436,0.6490759241671714,-0.3277466754798221,-0.8355327239300384,-0.14366679388887524,0.30644125004466044,0
0.4571048075314379,-0.7827377224937612,-0.5548067000597723,-0.05501970127834532,-0.8045944247837515,-0.4623546863314709,0.3611533636167117,-0.19499389765207806,1.1180617179237005,-0.7412327132005644,-1.272782026255622,-1.4686239415559745,-0.0944493987692495,-0.5420414812678123,-0.6554415517344017,-0.5959623065219757,-0.3933100776189312,-0.528510746743168,-0.23499992653799548,-0.6592117242260314,-0.6061935456441084,-0.4940112536137065,-0.3914183913711769,0.034211490939139076,-0.6944053719867285,0.20750646257045222,0.27209505807717704,0.19503308269747474,0.1791286058368719,0.007793219279354517,-0.09677674493430728,-0.18094480679868039,-0.20586170192895872,-0.14026428508580996,-0.6517761874767528,-0.2326029680189351,-0.6604390507798829,-0.7020552109988971,-0.5548067000597727,0.30450809808806534,-0.7689864148333098,-0.47454051612666626,-0.4108612525450391,-0.1958338245843378,-0.4887960602505642,-0.7404480247380727,1
1.2275270053336937,-0.6837043095113653,-0.7833403551361587,-1.0747373491725443,-0.3666260422614546,-0.7760904764753032,1.0915733249844841,-0.4871858459565761,0.15408407422066794,-0.7412327132005644,-0.8357494049439177,2.13751501450742,-1.0830916201010174,-0.5627348692872601,-0.6383920664115071,-0.631984797107226,-0.8117623155168001,-0.18665945501058923,-0.79083951216072,-0.3966695982564299,-0.6790050989202896,-0.9396546367651919,-1.1051789311232554,-1.4796809965892592,-0.8488196002630569,-1.3557114985778673,-1.1836615533525954,-1.0872934341144387,-1.0332451831133656,-0.9275298543605145,-0.8391829633862974,-0.7700078156471226,-0.7384289750139432,-0.8404166194548385,-0.7006601533341641,-0.5691900431602146,-0.3874811619527237,-0.9352535946049542,-0.7833403551361594,-0.27035575587520866,-1.166436691664638,-1.184933151258756,-0.4630944252417682,-0.44296907369105126,-0.8724968978205468,-0.7404480247380727,1
-3.143386810480452,2.4358481994341066,2.742607466042384,2.4678372942524875,3.336197555427055,4.178771312692805,0.7802467840736306,-2.544704148600748,2.6604259478485535,2.6332289418018267,0.13700062313697264,-0.5146189267243889,-0.20940779659852488,-1.1545657666434683,2.8789167557016264,-0.7797174832152745,-0.40093215845495794,-0.8203350201734181,0.673567881835773,-0.6984421568421787,-0.800424091319284,-0.8171764884156114,-0.8005250422046852,-1.0124302288335807,0.7124798189753764,-0.8919254468516341,-0.8836201143556195,-0.8390481725264913,-0.8654953506799993,-0.8574410452247103,-0.8251752988872033,-0.823922057134946,-0.8715707932851893,-0.8784339407780436,-0.8048042545086488,-0.5788068167356798,-1.3012967028088656,-1.0887660983858256,2.7426074660423856,-0.4665625891598133,-0.7900399824690777,-0.8404689583118147,3.3238337754224663,-0.9888328179536033,1.933885760932896,2.6328618606729566,1
-1.1226498000832867,1.7426143085573351,0.7347760678712687,1.1550452408894374,0.8477408365503684,1.376786152442718,-0.11781054547690964,-0.21934322667745237,0.15408407422066794,1.3532607278354025,-0.46920591610184315,-0.09485672019849344,-0.20940779659852488,-0.4758226396055792,0.9267506862302072,-0.3031277903598575,0.30106148654310616,-0.4034432009873465,0.5964775789300827,0.2762832073897896,0.4463035992965864,0.6540369321209146,0.7270966008012877,0.5108072740499314,1.0041511390528857,0.3063847071009182,-0.08350961036368344,-0.27679731515511385,-0.3241208914632265,-0.3595688148117568,-0.4189530284134729,-0.4465223667201815,-0.43220279299007713,0.0023006698762094453,-0.32871693485386166,-0.10216008447572833,0.037977112588739655,-0.5262775349139296,0.7347760678712677,-0.08885001619668527,0.2408145792090768,0.44494351244657315,0.14281557091405453,-0.5671858921368867,0.4209532065471293,1.3533305248273935,1
-1.8048755173290583,1.3959973631189495,1.4040532005949737,1.2026320644578334,2.042200061611178,2.3937228515296223,-0.213603327295634,-0.6576311491341994,0.15408407422066794,0.887817740938521,0.48944628548512126,-0.2474975225715439,-1.0600999405351623,-0.5751509020989288,2.8618672703787316,-0.6340085325333635,-0.33233343093071716,-0.7994904292141145,0.9449257480638029,-0.3514037144685676,-0.4069827295670054,-0.4290830785850133,-0.49151895487299285,-0.7507697988904007,0.7982655013511145,-0.7906929584037761,-0.7947189472454043,-0.7667118049114604,-0.7587454573133117,-0.768017392189374,-0.7271216473935442,-0.7240808691945322,-0.7251147931868186,-0.7231965453749557,-0.7261648311728135,-0.5393139332524362,-0.1323248745708139,0.24362868633822823,1.4040532005949729,-0.6821480168734818,-0.5825853160093146,-0.48342227443213115,2.074040499997162,-0.6925958941619785,1.0450658296927127,0.8880464027017345,1
-0.4871163372497787,0.6532467657509798,-0.3752445424997534,0.45861585469799193,1.1463556428155708,1.095505788865489,0.34917926588937087,-0.2558672202155149,0.9252661891830941,1.236899981111182,-0.751162445980362,-0.4764587261311331,-1.4739501727205537,-0.9062451104100943,2.034967232218349,-0.6036525011412988,-1.0663398154400936,-0.7536323291036466,1.4629725835900418,-0.725601687114896,-0.8435864348026564,-0.877677742419621,-0.8440470263359096,-0.9657051520580129,0.9355225931522952,-0.9743239839603556,-0.8047203285453035,-0.8028799887189758,-0.8144079017116561,-0.7269308489028681,-0.6500794926485264,-0.6142555624600768,-0.5813216294538727,-1.5659138347060035,-0.7304156108125882,-0.6685633701066876,-1.3131644371056985,-1.1016564612987234,-0.375244542499755,-0.6067887622399871,-1.1987872955927694,-0.8600014251185824,1.347056584503561,-1.1871665076079057,-0.3792248565492207,1.2370094942959784,1
0.5530833304899693,-0.6341876030201673,-0.6527496950925089,0.43973219455180285,-0.4462566572655086,-0.3866253576760631,0.6126094158908629,-0.3654392008297014,-0.03871145451993881,-0.6248719664763439,-0.2154450392111761,2.6335976222198276,0.34239251298199735,1.0844588170607878,-0.5096684522236538,0.5579716334617135,-0.5076412901593326,0.7013201198557435,-0.7316341595291499,-0.43590003087257734,-0.43354417171061904,-0.40547283312003396,-0.4218837802630339,-0.2204401774877057,-0.6600910990364331,-0.05852310009484932,0.42767210052005333,0.46136243618918005,0.4612533240202606,0.626508224064384,0.7016601315140596,0.7216195321826613,0.6196175713527673,-0.4380666354509172,0.9613946858178158,0.7322799807193999,1.2977371081975642,0.7592432028541328,-0.6527496950925084,0.6128381340135486,-0.22159365630334077,-0.28284256603371827,-0.5317933985405864,-0.41505763616969454,-0.6104712810536459,-0.624126994206658,0
0.8591769983036621,-0.8817711354761572,-0.05692980864335676,-0.9523712314252405,-0.705056156028684,-0.4839916373758732,0.06180092043319829,-0.036723258987141905,-0.6170980407417584,-0.8575934599247846,-0.6383798340289545,0.8400681943364507,-0.949739878619058,0.6307769781224134,-0.7413709577617897,-0.6277349527123368,-1.1825003273811414,-0.8541032575274901,-0.9212454685559859,-1.3354840280166942,-1.429432243082737,-1.4576043966531764,-1.5151560216393882,-1.561449880946503,-0.9517624191139428,-1.2945011567256741,-0.9058454061331731,-0.7930159385896535,-0.7587454573133117,-0.6955117275661283,-0.6290679958998852,-0.6741602752243252,-0.6851722477054447,-1.3853315584207793,-0.42010869710902166,0.8406289630029739,-1.044360255282431,-0.5180745766966312,-0.056929808643357185,-0.3495163552021383,-1.4767457385498728,-1.452496120210882,-0.5379158923905463,0.2794406307957668,-0.1474971868059268,-0.8567690552694875,2
-0.0954202030136134,-0.3866040705641775,-0.6527496950925089,-1.01430963670474,0.2903265315219907,1.4525154810981258,-1.267323927301601,1.0102978891039756,1.1180617179237005,-0.5085112197521235,2.012011546829123,0.0005437812846597067,-0.32436619442780024,0.9147730353013156,-0.2777954518322886,-0.5105606715389668,-0.24849054173442287,-0.12412568213267847,-0.5814622494688653,-0.037560253539388966,-0.04342299022629209,-0.12362552788184278,-0.26085243897750404,-0.5054631458186696,-0.5228340072352522,-0.6094161767645884,-0.6058039671361972,-0.6286151031009466,-0.6214955944132848,-0.5770858086814937,-0.5590296734044145,-0.5463635546605954,-0.5520304294341986,-0.21313081762195332,-0.25007751151802626,-0.46661112502191987,0.4551279731224201,0.03269547503626711,-0.6527496950925084,0.18549859855924822,-0.2991324054009256,-0.15894203767248521,-0.28426204063634186,-1.1498482760696676,0.003195875452615323,-0.5078059636752432,0
0.27292980401642203,-0.9808045484585531,0.35932792024577653,-1.0135542902988925,0.03152703275881521,0.8358623763326624,-3.5783247886783247,-1.6681283036872543,-0.4243025120011519,-0.7412327132005644,5.1417290284806825,-0.17117712138503222,-1.037108260969307,0.786474029580739,-0.5915059817735473,1.3532996559338109,-0.715724096982863,-0.3242337553419929,-0.9003077422868003,-0.9579665572259225,-0.7838231899795254,-0.49696253429682896,-0.23909144691189188,1.3985837327857205,-1.071862374439976,1.5659052029056635,2.4279483604998933,2.697213798835593,2.7258760618707045,2.6639173999775867,2.6767408258863346,2.770360708719955,2.7365724818655806,0.5820648200550882,2.5363085423544107,0.4117208615372288,-0.5180262392178868,1.3920428367600162,0.3593279202457763,-0.48573422560260765,-0.3946437122363609,-0.1434729752904674,-0.5634063826271,4.380252632496741,7.721397178497751,-0.7404480247380727,0
0.5089850902117252,-0.8817711354761572,-0.2283300499506477,-0.5512822899201888,-0.6055178872736166,-0.5056285884202755,0.253386484070647,0.2554686893173561,0.3468796029612744,-0.8110491612350965,-0.257738518692954,0.36306568692065794,0.34239251298199735,2.512302590402689,-0.7125573275660981,1.515198490024823,-0.4161763201270115,0.6637998561289971,-0.8799559023196981,-0.5656622310644492,-0.5082482277395327,-0.47187664849028843,-0.40882718502366655,0.10196285226371268,-0.9174481461636474,0.6712925142966852,1.1722193750681047,1.1682860287906194,1.3838774024037748,1.6488380952521475,1.7942579624434032,1.680094936410635,1.644809572041362,-0.02304421100592735,0.9613946858178158,1.1406722985574855,1.1553242966355681,1.1459540902410614,-0.22833004995064693,0.48257325493023784,0.05518373285956118,-0.1929887778434334,-0.5808528405778932,-0.08888766909897979,-0.44960591897598784,-0.8102406430569217,0
-0.31331739027081806,0.5542133527685841,0.481756664036697,0.3392711225740783,0.13106530151388265,0.6735852434996458,-0.35729250002372054,0.18242070224123108,-0.4243025120011519,0.3060140073174192,-0.8921407109196213,0.03870398187791554,-0.6692413879156263,-0.4758226396055792,0.44084035452771414,-0.4437774024764242,-0.11891516752196801,-0.6494093743071286,0.8308320997633812,0.1495387327837751,0.18068917786044894,0.25561403989938786,0.15695860868224928,-0.06157491645077485,0.5752227271741953,-0.2845305161644858,-0.4502269246933208,-0.5135345182588518,-0.484245731513258,-0.5746689531940523,-0.5730373379035085,-0.5843032060779527,-0.5786587930884478,-0.5204374983178617,-0.5688859845011427,0.13424488797314157,0.09909594421742973,-0.3469843053072626,0.481756664036696,-0.2969277153882155,-0.19027005567451502,0.11195159064418991,0.05267114321501446,-0.2029603534249246,0.2868110992099963,0.30644125004466044,0
1.2171509487976386,-0.6837043095113653,-0.8567976014107116,-1.1767091139619643,-0.4263490035144951,-0.862638280652912,0.9478841522563977,-0.5237098394946376,-0.23150698326054528,-0.7412327132005644,-0.6101841810411026,1.3743110026421408,-1.1290749792327277,-0.5420414812678123,-0.5787188677813765,-0.6400797388117765,-0.7827984083398983,-0.21167296416175344,-0.7905311509490974,-0.3091555562665628,-0.7488948935606733,-0.8880072248105494,-1.0529525501657861,-1.442300935168805,-0.8488196002630569,-1.332169059403947,-1.1614362615750415,-1.095513475888874,-1.0484951678800352,-0.9492815537474881,-0.8671982923844858,-0.7979633482704385,-0.778371520495317,-0.8816020508883108,-0.6900332042347269,-0.5371341312419975,-0.4349520991400558,-0.7512729603026881,-0.8567976014107123,-0.2829639479900279,-1.1520586454743573,-1.1525147334438095,-0.416934040612846,-0.3013206639114067,-0.8202237196173116,-0.7404480247380727,1
-1.5636322028657237,0.9503470046981677,0.5552139103112513,0.5719178155751253,0.708387260293274,1.5174263342313326,-0.39321479320574193,0.7911539278756015,0.7324706604424877,0.7714569942143008,2.900174615946457,-0.13301692079177638,-1.0600999405351623,-0.5875669349105975,1.975294033588218,-0.6117474428458494,0.4146304909999049,-0.7161120653769002,2.492899030410064,0.4150985843392341,0.2636936845592419,0.18183202282132738,0.18307179916098393,-0.33258036174906846,1.5188652333073143,-0.5811652497558838,-0.6346968464470171,-0.7108155208453001,-0.7511204649299769,-0.7172634269531021,-0.6836978874463524,-0.6861412177771748,-0.6971550113498568,0.07833531252261956,-0.7835503563097743,-0.43455521310370276,-0.7019761208187986,-0.9504876598656512,0.5552139103112522,-0.5360089581884129,0.144019518249509,0.17890524533688526,1.3383014330799123,-0.9454861665070595,0.07774243963783312,0.7717253721703198,0
0.16657522452183535,-0.4361207770553754,-0.8486356851579837,-0.5384414010207805,0.8477408365503684,0.37066792887801464,-1.2792980250289419,1.1807431922815987,-0.6170980407417584,-0.5085112197521235,1.1238484777117888,0.15318458365771015,0.2044424355868666,0.18636577701675164,-0.31104194821193293,-0.12807467599895062,-0.40093215845495794,0.6471241833615543,-0.7279338249896768,-0.7587966685593285,-0.682557691806998,-0.6135381212801645,-0.5263365421779723,-0.18072386222847284,-0.7630339178873189,-0.032626417003536724,0.005391556746531732,-0.05978821231002073,-0.03437118089650312,-0.08404728924342329,-0.11078440943340144,-0.11305279899919896,-0.07271988365771266,-0.21313081762195332,0.02622316506734121,-0.9795057157133936,0.4135909030835048,0.5072952004656796,-0.8486356851579832,0.5865447616495583,-0.4074812534776829,-0.5915576818011646,-0.41850822168931745,-0.5551348770748881,-0.16109552305139238,-0.5078059636752432,0
-2.3937167257503105,2.336814786451711,-0.1630347199288228,3.4120203015619315,4.829271586753067,2.7940064458510636,-0.7883600182079797,-1.1933163876924453,1.6964483041455203,1.469621474559623,0.3484680205458617,0.0005437812846597067,-0.7841997857449017,-0.5875669349105975,1.7536507243905899,-0.3891365459707077,-0.1875138950462088,-0.6035512741966609,-0.05724818971017114,-0.07980841174139375,-0.10318623504942294,-0.09558836139217987,-0.12158208975758615,-0.2578202389081598,1.0556225484783286,-0.33867812626450305,-0.4391142788045439,-0.4428421589987077,-0.44612076959658387,-0.49249586662104056,-0.5170066799071319,-0.5104207270020463,-0.4854595202985755,-0.6028083611848061,-0.685782424594952,0.23618268787307198,0.06349274132693061,-0.037615595397719866,-0.16303471992882312,-0.22548279586690523,-0.3047809235471071,-0.13200070414590845,0.6241076466559625,-1.2416284029339384,1.053552989820816,1.4696515553588083,1
0.659437909984556,-0.23805395109058358,-0.9220929314325366,-0.36244568845830016,-0.7249638097796975,-0.6029948681200854,-0.39321479320574193,0.6937566117741032,-0.6170980407417584,-0.5085112197521235,-0.48330374259576897,-0.3619781243513385,-0.1404327579009595,0.41813172283456745,-0.573604022184508,-0.5894863531583352,-1.2393610504179011,5.578954404332782,-0.8343184429995295,0.7289420452684127,0.46290450063634503,0.07853719891204282,-0.1520474786494433,-0.7507697988904007,-0.7287196449370237,-0.7883387144863839,-0.9058454061331731,-0.7880839135249922,-0.7587454573133117,-0.6713431726917132,-0.6290679958998852,-0.5763159110427195,-0.5653446112613232,-0.4982607275459919,0.11123875786283899,-0.17810791775796592,1.9741979631170457,1.0639245080680768,-0.9220929314325372,0.3834319380970429,-0.12762285441686386,0.25420775283671737,-0.43133216603275204,-0.17320214009024668,-0.5509494250196717,-0.5078059636752432,0
0.6983481219947724,-0.7827377224937612,-0.2283300499506477,-0.7423849305996203,-0.5457949260205761,-0.6029948681200854,0.3372051681620306,-0.04889792349982905,0.15408407422066794,-0.5085112197521235,-0.5960863545471766,0.4203059878105552,0.4803425903771273,1.7880340097220144,-0.632424746548494,1.3330623016724343,-0.6722782362175105,0.16769859129757184,-0.6755124190138074,-0.6048926636805966,-0.5348096698831465,-0.47630356951497194,-0.3827139945449321,0.41735712049879564,-0.7287196449370237,0.7654622709923672,1.1166561456242206,1.2011661958883608,1.0941276918370513,1.1654669977638432,1.2619667114778255,1.3206666598251446,1.3785259354988697,-0.4127217545687804,1.917820104767165,1.2579969361781604,-0.40528276339797326,1.2162651606750488,-0.22833004995064693,0.5674517281790921,-0.23289069259570405,-0.23058822133656764,-0.5687794883157133,0.07943711847666682,-0.3851733114017071,-0.5078059636752432,1
0.2599597333463511,-0.6837043095113653,0.081822767653021,-0.8096107607200527,0.0116193790078017,-0.3541699311094598,0.6245835136182032,0.6694072827487277,-0.03871145451993881,-0.6248719664763439,-0.17315155972939825,1.1262696987859373,-0.23239947616437945,0.46365717647735266,-0.36815772404362945,0.43250003704117906,-0.1570255717021018,0.17186750948943233,0.07534713128761619,0.5629671380462509,-0.34439733151611535,-0.244628035889862,-0.1433430818231983,0.21410303652507565,-0.26547696010803795,0.20750646257045222,0.46101003818638403,0.5304107870944369,0.4688783164035956,0.5395014265164894,0.5195604930258354,0.5678641027544239,0.6728742986612655,0.4426679752033358,1.0761657360917378,-0.02744513174234542,1.541025661282641,0.3959693389452002,0.08182276765302066,0.0501667029955549,-0.05485967066105082,0.0755363815917845,-0.4956573356311573,-0.45043084747333717,-0.6578213959279942,-0.624126994206658,1
-0.06169801927142828,0.05904628785660422,-0.26097771496155947,0.40574160628866296,-0.505979618518549,-0.6246318191644876,-0.22557742502297481,0.7789792633629142,0.5396751317018809,-0.043068232855241965,-0.243640692199028,-0.9725413338435674,0.9631678612600841,-0.9517705640528795,-0.322976587937959,-0.34866183744795465,-0.17989181421018205,0.23857020055920386,-0.15900738954568236,3.7768448869844744,3.451066741792892,4.4907018201800595,4.591848791654005,3.5479372644618414,1.9649507816611524,1.8248720338187885,0.738826185405806,0.2805215171516025,0.01137877340350588,-0.15413609837922743,-0.3068917124207196,-0.31672882239764344,-0.3523177020273294,0.1987234967127692,-0.5433813066624933,0.015509790228065387,0.29491356011517467,-1.048923158473233,-0.2609777149615611,0.8753545025365611,0.9137584910791745,3.6869333232462993,-0.37180057429127433,0.0990435739138236,-0.3839109821357785,-0.04252184154958386,0
-1.1693420544955464,0.9008302982069696,1.6162630231659043,0.6723788875528498,1.305616872823679,2.8372803479398683,0.6245835136182032,-2.885594754955995,0.5396751317018809,0.887817740938521,-0.5255972220775468,-0.01853631901198177,1.0321428999576494,-1.1992634847654757,2.111689916171374,-0.7311478329879708,1.1387281704224468,-0.9203890567780753,2.048858885673288,-0.2518187701352706,-0.27583560898291243,-0.41580231551096236,-0.41753158184991157,-0.9143075676048883,1.347293868555838,-0.7483165678907191,-0.9280706979107269,-0.8111000304934112,-0.7282454877799724,-0.7172634269531021,-0.6570833248980734,-0.7320681642297652,-0.6718580658783201,-0.08640641321126935,-0.7878011359495493,-0.4443643221506772,-1.445489674515387,-1.259856369775194,1.6162630231659025,0.38110102162071924,0.40949987112004765,-0.38942366569929565,2.0971038587933504,-0.5602782712318775,1.7239384943427547,0.8880464027017345,1
0.7917326308192881,-0.28757065758178146,-0.8731214339161675,-0.43571428982551297,-0.5457949260205761,-0.8842752316973141,-0.14175874093159072,0.17024603772854394,-0.4243025120011519,-0.3921504730279032,-0.46920591610184315,-0.13301692079177638,0.29640915385028654,0.07462148171173331,-0.4210111285446024,-0.10783732173757409,-0.14178141003004827,0.05930671830919315,-0.4951211102144921,0.04995378845047811,0.05784250794623524,0.01951158524959438,-0.0606513119738722,-0.27884652345716554,-0.5743054166606951,-0.343386614099287,-0.28353723636166733,-0.23734111463782415,-0.20212101332986931,-0.12513383252992913,0.015284571058445892,0.1545215846811103,0.08705029826778266,-0.08323830310100232,-0.06304320736793137,-0.1396408234561053,1.404546716869061,0.5014359445961806,-0.8731214339161671,0.654728487527115,-0.07113767295504717,0.03445824942901011,-0.4593523240465623,0.19400997814768003,-0.477737038938152,-0.3914849331438284,0
0.18732733759394954,-0.4856374835465734,0.2940325902239516,-0.36093499564660514,-0.5258872722695626,-1.154737119752342,-0.9919196795727687,1.9842710501189678,0.15408407422066794,-0.5085112197521235,-0.11676025375369456,-0.15209702108839074,-0.8301831448766116,3.0627467117200013,-0.7185246474291113,0.3211945886036082,-0.6905712302239747,-0.2575310642722214,-0.7603117522100667,0.15557418395549016,0.39650089527731064,0.4917164945491816,0.5878262515813698,1.0481456569689616,-0.7973481908376141,1.189226176122936,1.2277826045119895,0.93812485910643,0.8272529584203323,0.561253125903463,0.29543786104032904,0.022731216599763904,-0.05940570183058804,-0.6249851319566758,-0.25007751151802626,2.610756419126923,0.43139250452875416,0.3022212450332174,0.2940325902239525,-0.35173318471184684,-0.26626829982314115,0.5243612346279374,-0.5705736646587996,0.9864900276507017,-0.14748808343615785,-0.5078059636752432,0
0.659437909984556,-0.33708736407297946,0.00020360512573877157,-0.7688220548042847,-0.0082882747432117,-0.3108960290206554,1.1514438136211866,-0.6576311491341994,0.7324706604424877,-0.5085112197521235,-0.27183634518687994,2.6335976222198276,-1.1520666587985828,-0.9269384984295421,0.14247436137706057,-0.6846019181868049,-0.37044383511085094,-0.6952674744175966,0.5471397850704409,-0.2065528863474083,-0.8101499291170042,-0.46744972746560476,-0.595971716787931,-1.0801815901581542,-0.09390559535656183,-1.0096376427212364,-0.9947465732433883,-0.9952289662407628,-0.9798702364300218,-0.8961107330237748,-0.8531906278853916,-0.8119411145820963,-0.7916857023224416,-0.5331099387589301,-0.7049109329739389,-0.5563676783929278,-0.8325211980839616,-0.8040062631281784,0.00020360512573864604,-0.4834733040547118,-0.9451174806642472,-0.9962698019201754,0.18932911237551991,-0.3216461288279164,-0.5203902795304745,-0.5078059636752432,1
-2.4378149660285544,2.1387479604869193,2.3018639883950667,2.201955359394148,3.316289901676041,3.875853998071175,-0.39321479320574193,-1.8142242778395032,0.3468796029612744,1.236899981111182,-0.6665754870168062,0.5157064892937083,-0.20940779659852488,-0.9683252744684377,1.8218486656821677,-0.6016287657151611,-0.004583954981566675,-0.8870377112431896,1.015848826737038,-0.2940669283372754,-0.3339387636720675,-0.24167675520673965,-0.23909144691189188,-0.5638694917881294,1.2443510497049526,-0.5482058349123952,-0.7169304260239661,-0.7223235793295094,-0.6824955334799635,-0.7510994037772833,-0.7411293118926383,-0.7340649879885736,-0.711800611359694,-0.37153632313530816,-0.7644218479307874,-0.33325853144213663,-0.9452646739038751,-0.8532240124319692,2.3018639883950684,-0.393537776916889,-0.3417530423221146,-0.3655909475796317,1.194783703736162,-0.7089348730825034,2.4704700893124216,1.2370094942959784,1
-2.3444304572040386,1.4950307761013455,3.362913101249718,0.9782941819211096,-0.5457949260205761,-0.7111796233420965,2.0375270454443863,1.9355723920682182,0.7324706604424877,0.3060140073174192,0.6727180299061584,-0.20933732197828805,0.08948403775759123,-0.678617842196168,-0.25818854371095995,-0.5813914114537846,4.599152869978594,0.11767157299524313,-0.3871946861465257,-0.04963115588281888,-0.1878508318821919,-0.2874216057951372,-0.3827139945449321,-0.603585807047362,1.2443510497049526,-0.7294826165515828,-0.6613671965800816,-0.6795793621024457,-0.6748705410966286,-0.6447577623298564,-0.615060331400791,-0.5843032060779527,-0.5653446112613232,2.0045462595650148,-0.5710113743210301,-0.36403220688362514,-1.117346821207954,-1.0020491115172419,3.3629131012497187,-0.4242605483434386,2.9338739808136003,-0.2615263461006029,-0.2287282122037905,0.1637840073140809,-0.49108836567367825,0.30644125004466044,0
0.6672199523865993,-0.6837043095113653,-0.7425307738725191,-1.0271505256041484,-0.6254255410246301,-0.8085459030419065,1.3430293772586355,-0.8402511168245109,0.9252661891830941,-0.7412327132005644,-0.6806733135107322,-1.926546348675153,-0.2691861634697476,-0.020899197386037842,-0.7225312764799914,-0.8337512190931499,-0.3002444706110445,0.13351346212431395,-0.8556570388438246,-0.5004793584099275,-0.6415534654977942,-1.004582811793885,-1.2461901597084222,-1.6175199730771845,-0.9860766920642378,-1.5628849633083675,-1.3281259499066949,-1.1925099688272112,-1.0866201297967093,-0.9661995421595788,-0.8391829633862974,-0.7540332255766563,-0.6851722477054447,0.5377112785113487,-0.35209622287262354,-0.214010539106369,0.2029386193147186,0.650261043681453,-0.7425307738725184,0.24633846351261765,-0.569285623283305,-0.8746637277878537,-0.46911907523524116,-0.4071195032903661,-0.8667891348826157,-0.7404480247380727,0
-0.383355771889204,0.306629820312594,0.8327190629040069,0.3120786519635663,0.2306035702689502,0.46803420857782474,0.10969731134256047,-0.17064456862670377,0.15408407422066794,0.3060140073174192,-1.0331189758588808,-0.037616419308596126,-0.6002663492180609,-0.49651602762502706,0.7306816050169205,-0.08355249662392221,-0.26373470340647637,-0.4576391374815358,0.08459796763629902,-0.3876164214988575,-0.45512534345230515,-0.349398500140708,-0.3391920104137078,-0.3886504538797499,0.31786568004698096,-0.18329802771662787,-0.15018548569634482,-0.22912107286338884,-0.16399605141319515,-0.166220375816435,-0.22284572542615477,-0.21688763445722953,-0.1792333382747095,-0.48558828710492347,-0.4116071378294719,0.20976861645246114,-0.8740582681228771,-0.5051842137837335,0.8327190629040079,-0.3289163908277464,-0.36948213140336994,-0.3781734385123735,-0.08202112323677153,0.0013275179506338352,0.2833576361838244,0.30644125004466044,1
-1.003325149918629,0.7522801787333758,2.122301830835048,0.42764665205824215,0.62875664528922,-0.5164470639424764,-1.4589094909390496,-0.5237098394946376,-0.03871145451993881,1.8187037147322842,2.914272442440383,0.03870398187791554,0.08948403775759123,-0.8772743671828672,-0.13884214645069853,-0.9497112590108372,-0.35519967343879744,-0.8870377112431896,-0.10041875933735772,-0.8131157291047633,-0.8153649025250668,-0.806847006024683,-0.796172843791563,-0.98439518276824,-0.008119912980823667,-1.139121058177799,-1.1725489074638185,-1.1119535594377448,-1.1247450917133834,-1.087042316531655,-1.0352902663736157,-1.0076298429453077,-1.0180267933835598,-0.8182398486829687,-0.6305222892778785,-0.4826390809810284,-1.3535147337149307,-0.7829129419979822,2.122301830835048,-0.21181247479286042,-0.8152015633020688,-0.9164820064760837,0.9702940433224456,3.882955467803996,2.654003390615367,1.818614646953053,2
-0.0046297083231133,-0.28757065758178146,0.5796996590694351,-0.6260615840990968,-0.3268107347594277,0.3923048799224169,0.34917926588937087,0.1093727151651071,-0.23150698326054528,-0.27578972630368276,-0.6665754870168062,-0.20933732197828805,-2.3568306680493887,-0.5669563204432275,-0.1032939695524635,-1.0138636720194008,-0.7644291935250739,-0.9904268824013353,-0.4276208409902697,-0.8245830863310216,-1.0280224486873744,-1.1654276090240567,-1.3097322565400096,-1.6992888574344283,-0.5914625531358427,-1.626449549077953,-1.405914471128133,-1.3223866288632895,-1.27724493938008,-1.1958008134665234,-1.1053285888690865,-1.0555536131567065,-1.0180267933835598,-1.055848106953001,-0.8579390000058349,-0.08290185936086114,-0.2960996078671096,-0.5286212372617292,0.5796996590694339,-1.2819262332103136,-1.185693003526621,-1.1779017592669299,2.3470788650721697,-0.34504783098911973,-0.10015102185316134,-0.2751639026124136,1
-0.18361668357010152,-0.03998712512579167,0.2777087577184943,-0.49689734869916496,-0.3069030810084141,-0.7869089519975043,-1.0278419727547905,2.7634495789309614,-0.6170980407417584,2.0514252081807247,-0.39871678363221336,-1.1442622365132593,-1.444060989284942,0.3477742035684448,0.034465871856523944,-0.8270728921868956,-0.38949903720091783,-0.8966262230844692,0.9213669514958239,0.18997625563426554,0.27133009917553075,0.16559997906415416,-0.017999767525272523,-0.46107432288188,0.11198004234520957,-0.4634530538862814,-0.7836063013566273,-0.9393326821746025,-0.9798702364300218,-0.9516984092349297,-0.9372366148799566,-0.9517187776986759,-0.9647700660750614,-0.17828160640901516,-0.7155378820733762,1.6663892540162466,0.31390193499010755,-0.7008833598249973,0.2777087577184943,-0.7088828663769758,-0.472233811498911,0.05229578069248472,0.4710122054656322,0.2193896068301329,-0.42332359527701857,2.0512567080158823,2
0.6905660795927291,-0.6837043095113653,-1.1098170052452834,-0.34733876034134914,-0.705056156028684,-0.6570872457310909,-0.417162988660423,0.03632472808898314,-0.809893569482365,-0.8575934599247846,-0.046271121284064784,-1.2778229385896682,0.5493176290746926,0.44710246606179443,-0.754413814033804,0.25845879039334113,-0.431420481799065,-0.14913919128384268,-0.8814977083778119,0.5146835286725311,0.7617207247519997,0.6245241252896903,0.7880273785850016,1.1182332721323134,-0.7801910543624665,0.8596320276880492,0.7610514771833597,0.5928831045801454,0.45362833163692595,0.3413192765462845,0.16936888054848157,0.0347121591526135,-0.046091520003463414,-0.26382057938622694,-0.2755821893566756,0.09757292473870126,0.5144666446065852,0.0912880337312563,-1.109817005245284,0.9046870044429959,0.018725115734206658,0.7787495954269568,-0.5783185271263354,0.10264203737362594,-0.36727974124448687,-0.8567690552694875,0
0.5712414294280715,-0.7827377224937612,-1.0771693402343703,-0.7952591790089489,-0.08791888974726575,-0.08370804305443194,-0.9679714841180876,1.3633631599719103,-0.03871145451993881,-0.7412327132005644,0.48944628548512126,0.057784082174557015,0.227434115152722,0.3601902363801135,-0.6068505185641523,-0.13819335312963887,-0.40093215845495794,0.3886512554661897,-0.9036997156146508,-0.5988572125088816,-0.5099083178735087,-0.4822061308812168,-0.47411016122050303,-0.25314773123060313,-0.9174481461636474,-0.013792465664400327,-0.06128431858612965,-0.13048057157016477,-0.1182460971131863,-0.08888100021830644,-0.12479207393249561,-0.12703056531085696,-0.16591915644758487,-0.11808751431394049,-0.08004632592703093,-0.27427565351261723,0.7458874633948288,0.43698413003169256,-1.077169340234371,0.6775477188424609,-0.38848169244052644,-0.4679532120501131,-0.5199761263576408,-0.6107683686115553,-0.5398040315331766,-0.7404480247380727,0
-0.6323811287545781,1.2969639501365535,0.693966486607629,0.45483912266875415,0.35004949277503106,-0.9275491337861187,0.07377501816053858,0.5963592956726038,-0.4243025120011519,0.6550962474900802,0.6163267239304545,-0.38105822464797995,0.48264175833371314,-0.7241432958389533,0.5431372664650811,-0.6908754980078317,0.5137175418682527,-0.7019377435245738,1.469139807822497,1.3895221760126166,1.2846491169543954,1.1055828766386449,1.1013856643298163,0.12532539065149653,0.9698368661025905,-0.2727592965775257,-0.6058039671361972,-0.7190355626197353,-0.8121204039966555,-0.7510994037772833,-0.7831523053899208,-0.7540332255766563,-0.7650573386681924,0.38247388310826086,-0.7091617126137139,-0.2326029680189351,-0.03322929319225816,-0.8801765894316642,0.69396648660763,0.31194529791440595,0.5082462383482961,1.092201648957317,0.5326539129459826,0.8546947229480536,-0.07477000714338258,0.6554043416389048,0
0.49342100540763867,-0.5846708965289693,-0.040605976137900894,-0.5074721983810306,-0.5657025797715896,-0.7436350499086999,0.19351599543394404,0.8520272504390394,-0.23150698326054528,-0.043068232855241965,-0.6665754870168062,0.7255875925566562,0.34239251298199735,-0.35580098909278174,-0.5130783492882326,-0.09771864460688583,0.28505511678745005,-0.19082837320244986,-0.33785689228688387,-0.25785422130698565,-0.08492524357568858,-0.15166269437150595,-0.09546889927885183,-0.17605135455091614,-0.5399911437103998,-0.0797112953513777,-0.21686136102900622,0.02076819707944567,0.17150361345353723,0.1842236698625855,0.22539953854485822,0.18447394106323436,0.26013466202040275,0.7943281974429837,-0.0885478852065807,-0.4473775778709896,0.22964102148259302,-0.061052618875715454,-0.040605976137901234,0.4282223756755234,0.14401951824950932,-0.07915424222839323,-0.49158106407699753,-0.00024096008416787433,-0.5475232656526638,-0.04252184154958386,0
0.8124847438914024,-0.3866040705641775,-0.5221590350488591,-0.44931052513076897,-0.48607196476753556,-0.4298992597648676,-0.9320491909360662,0.5233113085964788,-0.809893569482365,-0.27578972630368276,-0.8921407109196213,0.32490548632740207,-0.02547436007168413,-0.4509905739822418,-0.36133792991447167,0.31107591147291996,-0.12653724835799476,-0.453470219289675,0.5163036639081647,0.28231865856150473,0.4463035992965864,0.6392805287053026,0.7401531960406548,0.7911577347033384,0.3864942259475715,0.7654622709923672,0.5499112052965992,0.6257632716778869,0.6366281488369616,0.3920732417825565,0.2814301965412349,0.17448982226919302,0.047107752786408934,-0.36836821302504114,-0.5646352048613678,-0.23670612474446667,-0.11452327312556436,-0.399717608132753,-0.5221590350488585,0.33882600935952545,0.10242588462762599,0.5751352862741772,-0.48548388953883576,0.43542237022998154,0.05361217196827392,-0.2751639026124136,0
-0.5908769026103498,0.306629820312594,0.22057534394939876,0.08774076942684252,-0.08791888974726575,0.04611366321198127,0.5766871227088415,0.5720099666472285,-0.4243025120011519,-0.15942897957946245,0.9405767332907512,-0.26657762286818537,-0.4485212640834174,-0.6868951974039471,-0.20277771641155287,-0.1705731199478412,0.8338449369813764,-0.13246351851639987,-0.007910395850529344,0.9069878548340046,0.7949225274315169,0.6687933355365266,0.7836751801718791,0.384649566755898,0.18060858824580012,0.06389758360953704,-0.10573490214123724,-0.1551406968934707,-0.19449602094653448,-0.22422490751503157,-0.22284572542615477,-0.2468399908393536,-0.20586170192895872,0.610577811047492,-0.4732434426062077,-0.3896769364181989,-0.32814249046855865,-0.44424795274094464,0.22057534394939848,-2.6437838430692215,0.7745995440232445,0.7706819982994922,-0.3712685181008675,-0.5991495570917327,-0.5454583575392211,-0.15884287208099884,0
0.9188393233859891,-0.4856374835465734,-1.362836409079855,-0.5512822899201888,-0.3467183885104411,-1.0357338890081298,1.6543559181694891,-0.7915524587737612,1.503652775404914,-0.7412327132005644,-0.737064619486436,0.3058253860307606,0.3653841925478519,-0.7241432958389533,-0.7802437842979892,-0.26973615582858623,0.8871995028335637,0.6262795924022507,-0.8966074077473272,0.05297151403633565,-0.6124354845478576,-0.8407867338805908,-1.0442481533395414,-1.3909033507156805,-0.9002910096884998,-1.181497448690856,-0.9725212814658345,-0.8390481725264913,-0.7206204953966376,-0.5432498318573126,-0.40494536391437874,-0.2947637610507523,-0.19254752010183412,1.8778218551543309,-0.537005137202831,-0.9512965132253625,-1.0224049468332899,-0.8122092213454768,-1.3628364090798546,0.8727144887739156,0.17020810238180595,-1.0009327250305444,-0.5782869461337492,-0.8230807338532495,-1.274670143556587,-0.7404480247380727,0
1.1263604541071384,-0.3866040705641775,-1.6403415616726107,-0.4342035970138178,-0.705056156028684,-0.8950937072195153,1.4747444522593818,-1.059395078052884,-0.23150698326054528,-0.7412327132005644,-1.4419559441827332,-0.4192184252412358,-0.25171248699969845,-0.6206763557417141,-0.27895481683424544,0.06114458634491989,0.9339990791667679,0.18137264296687483,-0.7215075773394585,0.09171911055874575,0.09692102970002696,0.06289541129149402,-0.024528065144956417,-0.05222990109566127,-0.5043042998420928,-0.023209441333968524,-0.030168910097554093,0.006629725227416831,0.08000370485351922,0.15957174389068213,0.15928336210913363,0.13295588808598113,0.16427255286510548,1.837903667764965,-0.295985931627595,-0.09687823695720381,0.875957831288119,-0.3678432562026788,-1.6403415616726114,0.5411650230090546,0.7236191002457063,-1.6276888027861742,-0.45688911918403086,-0.8786858403258495,-1.2341334459655093,-0.7404480247380727,0
1.0589160866227645,-0.7827377224937612,-0.9629025126961777,-0.8164088783726806,-0.665240848526657,-0.47317316185367203,-0.5249298682064882,0.1093727151651071,-0.6170980407417584,-0.7412327132005644,-0.046271121284064784,0.7446676928532976,1.4459931321430401,1.2375898884047019,-0.5574070111277584,1.2217568532348633,-0.035072278325673695,2.0603874504023367,-0.7815886758120373,0.9522537386218669,1.1020392022170509,0.9639214038487686,0.7923795769981241,0.9897393109995016,-0.7458767814121713,0.9891154431446115,0.9055158737374597,1.0449854021740892,1.2161275699704086,1.2500569398242969,1.5981506594560848,1.530333154500014,1.418468480980244,0.1987234967127692,2.1091051885570344,-0.4018581829471212,2.5141798736229473,1.3451687898040248,-0.9629025126961771,1.4446461975815055,0.9075964712833403,1.1833877008934217,-0.5567082101296894,0.0689339238181039,-0.25730259654468707,-0.7404480247380727,0
1.1471125671792526,-0.8817711354761572,-1.1016550889925554,-0.8300051136779366,-0.6851485022776705,-0.5813579170756832,0.5287907317994793,-0.6089324910834497,-0.6170980407417584,-0.7412327132005644,-0.6524776605227168,0.5347865895903499,-0.9965799903194343,-0.08447651619787565,-0.6836292404746984,0.10388676934704494,-0.7323558201331628,0.1407889689926029,-0.8848200165612184,-0.9384638659953124,-0.9281774437649766,-0.924491474230717,-0.8565400081399804,-0.4651622088621181,-0.886240046736341,-0.2957865794952583,0.02160909873312642,0.03769770304296198,0.23276462279127302,0.07182901126351043,0.12273532411305478,0.08031404127237468,0.09919435010059946,-0.6551007077061611,-0.5025991618777278,-0.28799558381361406,0.17098364002261066,-0.27327918072401053,-1.101655088992556,-0.13476339901467024,-0.710247219562384,-0.813480546768813,-0.5564694935125859,-0.3633497895487829,-0.6765029429941188,-0.7404480247380727,1
-0.33666351747694423,0.10856299434780224,0.22057534394939876,0.5417039593412233,-0.505979618518549,0.0028397611231767853,0.3252310704346898,0.900725908489789,-0.03871145451993881,-0.27578972630368276,-0.27183634518687994,0.2676651854375048,1.7908683256308662,-0.9062451104100943,-0.07405410222369953,-0.346638102021817,1.7180063139604802,0.013448618198725212,0.35595583386432894,3.203477025671552,3.318259531074823,2.764202620553444,2.7639254581425847,1.865834500541399,1.587493779207905,1.0055951505663558,-0.016833735031022062,-0.07458428750400432,-0.20974600571320415,-0.2991474276257189,-0.44696835741166113,-0.4984397844491967,-0.5120878839528248,1.2758809342035822,-0.36909934143172307,-0.6268906846130055,0.18217008429526074,-0.9774402368653463,0.22057534394939848,1.2107219777766498,2.1240818793110106,2.972987984792026,-0.26124479253531957,-0.5460354744960116,-0.525363053597613,-0.2751639026124136,0
1.328693556560253,-0.28757065758178146,-1.0118740102125467,-1.1767091139619643,-0.5657025797715896,-1.2088294973633475,-0.4890075750244663,0.09719805065241996,0.07696586272442524,-0.6946884145108762,-0.3000319981747317,0.2676651854375048,-1.5889085705498291,-0.6537857765728307,0.4152661265433724,-0.5146081423912421,-0.28660094591455665,-0.8620242020920252,-0.20834518340532415,-0.7467257662158985,-0.026822088886533497,-0.6932226997244698,-0.7918206453784404,-0.9890676904457967,-0.3684197789589237,-0.9507815447864353,-0.7169304260239661,-0.6023109694227535,-0.6214955944132848,-0.545666687344754,-0.5310143444062261,-0.5263953170725126,-0.538716247607074,-0.5616229297513339,-0.7176632718932637,-0.498667036940137,-0.672306785076716,-1.017283176777939,-1.011874010212546,-0.5511957913498257,-0.411589266674906,-0.4673610948297489,0.11689810777658519,0.808722530586064,-0.2992634082604195,-0.6939196125255068,0
0.8617710124376741,-0.8322544289849592,-0.9465786801907218,-1.1631128786567082,-0.6254255410246301,-0.7652720009531021,0.24141238634330622,-0.5237098394946376,-1.0026890982229715,-0.7412327132005644,-0.41281461012613935,-2.460789156980843,-0.011679352332171378,0.07462148171173331,-0.7695878559711802,0.9121253330358027,-0.1036710058499145,1.4433875580069508,-0.9012328259216686,-0.0737729605696789,-0.008561097412799139,-0.1265768085649654,-0.1520474786494433,-0.09428247019367247,-0.9689195555890904,0.10862821803998624,0.5387985594078223,0.7737240236177231,0.8577529279536716,0.8536926398838871,1.0658594084905073,1.1010160463562342,1.058985571647879,0.49652584707787617,0.08360869020430226,-0.642918640572114,-0.10265553882873138,-0.166519224526696,-0.9465786801907222,-2.6437838430692215,0.36328472265128825,0.10728866753382116,-0.5861861631281248,0.08036132821571496,-0.4724495415182379,-0.7404480247380727,0
-0.7828339485274125,-0.5351541900377714,1.6815583531877294,-0.6872446429727488,0.05143468650982872,-0.3000775534984542,3.019403059086311,-0.17064456862670377,0.3468796029612744,-0.5085112197521235,0.3061745410640838,0.9354686958196039,1.9058267234601416,0.21947519784786818,-0.3860596836326686,0.9950984855074463,0.5289617035403062,0.10516481841966109,-0.007910395850529344,0.0922019466524829,0.22584362950459227,0.3707139865411624,0.5834740531682473,1.235045964071233,-0.059591322406266564,1.2198313470490323,1.4944861058426344,1.5776441091574998,1.3610024252537705,1.308061471522893,1.2339513824796373,1.2308095906787724,1.3119550263632467,1.5039848621428134,1.154805159427573,-0.09796813796242315,0.6034746518328328,1.3100132545870316,1.6815583531877287,0.8208882994334394,0.7182170628913582,0.5519687000274238,-0.5251802613609604,-0.6877229693997455,-0.8872270786874765,-0.5078059636752432,1
0.36372029870692213,-0.5846708965289693,-0.21200621744519185,-0.25216511320455715,-0.6851485022776705,-0.7328165743864987,-0.010043665930844983,1.0955205406927866,-0.809893569482365,-0.6248719664763439,-0.5819885280532506,0.2485850851408633,0.6412843473381127,-0.008152070366058039,-0.7624270721355646,0.40619147650138965,-0.4161763201270115,0.025955372774307244,-0.8879732938218898,0.6987647894098379,0.9443306394893443,0.8753829833550958,1.0448070849592248,1.4920338863368563,-0.7630339178873189,1.1185988586011744,1.0277549785140052,0.823044274264335,0.6900030955203056,0.5370845710290477,0.3654761835357996,0.23639135879224973,0.14030702557628114,-0.14026428508580996,-0.22882361331915185,-0.014622766975058623,0.6390778547233319,-0.20167475974368962,-0.2120062174451932,0.6613917281419182,0.144533019899162,1.0115996923352248,-0.5817164773555891,-0.08061311137898651,-0.5949144270982804,-0.624126994206658,0
0.6620319241185716,-0.7332210160025632,-0.42421604001612245,-0.7348314665411446,-0.6453331947756435,-1.068189315574733,0.37312746134405195,-0.21934322667745237,-0.4243025120011519,-0.7412327132005644,-0.9062385374135473,-1.926546348675153,0.5953009882064026,0.910634357697426,-0.7383020504036689,0.18965178590466084,-0.33995551176674393,0.8151315864935409,-0.8691632599129016,0.17368053747063514,0.2138909805399661,0.034267988665206424,-0.03889031990826005,-0.23212144668159762,-0.934605282638795,-0.1479843689557471,-0.039059026808575856,0.061868405951622386,0.12575365915352824,0.31956757715931083,0.4495221705303646,0.531921275095875,0.5663608440442688,0.21139593715383762,1.216441464204309,-0.23901415040257837,1.1671920309324009,1.0873615315460723,-0.42421604001612284,0.6999135879462433,0.012203644783615188,0.19573617732574075,-0.5732480951544617,0.46410104911953604,-0.4287141859180369,-0.7404480247380727,0
-1.3612991004126056,1.5940641890837415,1.5754534419022648,1.3544566920331915,1.106540335313544,0.9873210336434778,-0.18965513184095292,-1.0837444070782594,0.9252661891830941,1.8187037147322842,0.26388106158230595,2.2138354156939317,0.1354673968893012,-0.24819537139165296,1.9838187762496655,-0.7574563935277603,0.30792135929553033,-0.6118891105803823,2.517567927339885,0.4814885472280987,0.39650089527731064,0.4326908808867332,0.4529081007745744,-0.07091993180588843,1.707593734533938,-0.4681615417210656,-0.6391419048025279,-0.7749318466858957,-0.8807453354466689,-0.80910393547588,-0.9092212858817683,-0.8598648847934951,-0.8981991569394385,0.12585696417662612,-0.5986414419795668,-0.16528555299067912,-0.7613147923029636,-0.7758818349545835,1.575453441902265,-0.0805023147562486,0.08907484173665102,0.30979275689841734,2.180133923373126,0.5999540882223058,1.356538274592737,1.818614646953053,2
0.5297372032838394,-0.5351541900377714,-0.8976071826743528,0.14892382830049436,-0.6254255410246301,-0.2892590779762531,-0.47703347729712603,0.2676433538300433,-0.6170980407417584,-0.7412327132005644,-1.0754124553406588,-0.8962209326570286,0.5263259495088373,-0.219224628164426,-0.5386525772725743,0.7340366155356893,0.21645638926320923,-0.616058028772243,-0.5814622494688653,0.08918422106662537,0.11262548236743879,0.3884216706398968,0.46161249760081935,1.2373822179100114,-0.35126264248377603,1.7095140818665782,1.2833458339558736,0.9068887003635755,0.926377859403685,0.7328498655118111,0.7156677960131534,0.733600474735511,0.9125295715495086,1.0224321253822142,0.7488557038290715,-0.14733424231647746,0.3305167630056734,-0.14308220104870042,-0.8976071826743532,0.8138408813675421,0.3175830758321824,0.41829823753017825,-0.5431468502106476,-0.17535619997564694,-0.3227211241215772,-0.7404480247380727,1
0.9577495353962054,-0.6837043095113653,-0.4487017887743063,-1.0475448785620323,-0.6254255410246301,-0.7219980988642976,1.0676251295298036,-0.6089324910834497,0.3468796029612744,-0.7412327132005644,-0.9626298433892511,0.4775462887004525,-1.4049751340229883,-0.6330923885533828,-0.8037720740435836,-0.7736462769368616,-0.7896582810923225,-0.26169998246408216,-0.9422448670674959,-0.7859561988320458,-1.0079353580662664,-0.9293251543742633,-1.0181349628608067,-1.1666229821929546,-0.8316624637879093,-1.2309365709560887,-1.039197156798496,-1.003449008015198,-0.9341202821300129,-0.9516984092349297,-0.8671982923844858,-0.8618617085523033,-0.8715707932851893,-0.8974426014396462,-0.5157512390039566,-0.33838747734905145,-0.4942907706242209,-0.6153382241303131,-0.4487017887743068,-0.5490480212036808,-1.0457638039962114,-1.032907054930218,-0.5770024538126542,-0.21558589329676012,-0.6810311204348825,-0.7404480247380727,0
0.40263051071713857,-0.6341876030201673,-0.1875204686870066,-0.8851454013048081,-0.46616431101652206,-0.3433514555872587,0.0378527249785172,1.1807431922815987,-0.6170980407417584,-0.6015998171314999,-0.6665754870168062,-0.3200019036987381,-1.1080221880809802,-0.37235569950834,-0.24795885251722324,-0.42556378364118536,-0.8170977721020188,1.7643942587802262,0.03834378589288484,-0.8342398082057656,-0.9382115724392803,-0.9691674435964159,-0.9920217723820722,-0.8372111909252014,-0.41989118838436645,-0.1479843689557471,-0.016833735031022062,-0.0006039115340863504,-0.10299611234651664,-0.1396349654545784,-0.22284572542615477,-0.234859048286504,-0.3789460656815787,-1.3853315584207793,0.17925123209923702,0.09116174235505774,-0.17386194460972942,0.2905027332942196,-0.18752046868700706,-2.6437838430692215,-0.7047987086266998,-0.8506829803630991,-0.3087618113317553,-0.4518303654974535,-0.6383114891315919,-0.600862788100375,1
0.9836896767363473,-0.6341876030201673,-1.1669504190143805,-0.5580804075728169,-0.6254255410246301,-0.6570872457310909,0.42102385225341415,-0.7915524587737612,-0.809893569482365,-0.8575934599247846,-0.3564233041504355,-0.15209702108839074,1.009151220391794,2.847535476317744,-0.7576532162451541,0.6793957590299727,-0.16464765253812855,2.285509032762816,-0.8784140962615844,-0.03454252795353144,0.19729007920020752,0.13756281257449127,0.16131080709537177,0.41735712049879564,-0.9689195555890904,0.47824451307053734,0.7943894148496907,1.0038851933019124,1.2085025775870737,1.1654669977638432,1.388035691969673,1.4205078477655586,1.405154299153119,0.9083801614125989,2.321644170545779,0.04948905686137559,1.4104805840174777,1.4271983719770098,-1.166950419014381,1.2360338511470355,0.43055343875581553,0.34354343845918345,-0.5828187045373796,-0.17297536607507988,-0.5780451812359173,-0.8567690552694875,0
-2.941053708027334,2.336814786451711,2.057006500813223,2.1067817122573564,3.7542582841983383,3.2700193688279118,0.07377501816053858,-1.655953639174567,0.15408407422066794,3.0986719286987086,3.675555073112384,2.4618767195501357,-0.4393245922570756,-1.1173176682084622,2.9812136676389933,-0.6623408284992908,-0.24086846089839611,-0.7369566563362038,0.9634274207611686,-0.2276769654484108,-0.31899795246628465,-0.3125074916016778,-0.3043744231087283,-0.603585807047362,1.398765277981281,-0.8707372515951056,-0.6724798424688585,-0.7995919720092016,-0.7434954725466422,-0.7801016696265817,-0.7971599698890149,-0.7819887581999723,-0.8049998841495662,-0.7453733161468256,-0.8005534748688738,-0.5980403638866101,-1.25975963276995,-1.0500950096471329,2.0570065008132223,-0.4672061166139015,-0.49323602896971364,-0.37528686706309755,2.3407779440184973,-0.7376191056214882,1.709976305021806,3.098145982798616,1
-0.7439237365171961,1.0493804176805637,0.38381366900396036,0.43444476971087004,0.6088489915382065,0.6844037190218469,-0.8721787022993638,0.24329402480466897,-0.23150698326054528,0.5387355007658597,2.068402852804827,0.897308495226348,-0.46231627182293017,-0.23991801618387384,0.08280116274692984,-0.3527093083002299,0.17834598508307545,-0.4493013010978144,0.7969123664848775,0.1374678304403452,0.2470927832194833,0.3146396535618363,0.4485559023614519,0.14635167520050202,0.4894370447984573,-0.1267961736992187,-0.26131194458411383,-0.33926963264082244,-0.42324579244657934,-0.5239149879577804,-0.5590296734044145,-0.5503572021782119,-0.4721453384714509,-0.007203660454591925,-0.31808998575442443,-0.15246318822339233,1.001043750776739,-0.11964517757070463,0.38381366900396024,-0.15607295439371563,0.07829130709394044,0.21549808955540017,-0.1879013316468919,0.049434622411335095,0.5970932101062542,0.5390833111074899,1
0.21326747893409137,-0.7332210160025632,-1.248569581541661,1.8008664178890967,-0.6851485022776705,-0.6354502946866888,-0.40518889093308275,0.5720099666472285,-0.6170980407417584,-0.8575934599247846,-1.8084994330248079,-0.5336990270210304,2.0897601599869824,0.7740579967690703,-0.7176721731629665,1.3128249474110578,-0.1570255717021018,1.8644482953848835,-0.760003390998444,0.30042501207664946,0.34669819125803486,0.1965884262369397,0.07426683883292318,0.24213808259041616,-0.934605282638795,0.5300378792531625,0.7277135395170293,0.9545649426553006,1.0865026994537166,1.2621412172615043,1.1731034041838524,1.3606031350013101,1.098928117129253,0.42049120443146604,0.42579645120618037,-0.06386064768144015,0.4610618402708367,0.18503612764323907,-1.248569581541662,2.004667011027597,0.5907659534475137,0.45811812059967943,-0.5803977418314976,-0.2877740526530435,-0.6479777979195225,-0.8567690552694875,0
-1.5299100191235386,1.5445474825925436,1.2979482893095078,0.9850922995737376,0.8477408365503684,1.5823371873645393,0.37312746134405195,-0.6576311491341994,0.15408407422066794,0.7714569942143008,0.813696294845418,-0.26657762286818537,-0.7152247470473363,-0.9766026296762169,1.0972455394591518,-0.5065132006866915,0.23170055093526276,-0.5535242558943323,0.9171732390177544,0.2581768538746447,0.19729007920020752,0.15231921599010328,0.026392656288576396,-0.24380271587548955,0.9355225931522952,-0.388117248529736,-0.528015445914759,-0.5349066268723837,-0.5757456401132759,-0.606088074530792,-0.6430756603989793,-0.6761570989831335,-0.6851722477054447,-0.21313081762195332,-0.7261648311728135,-0.2270893511690016,-0.5951665121473014,-0.9235350828659562,1.2979482893095071,-0.4794874225228965,0.046967706465115,0.10343990560145261,0.49433628907857835,-0.5335703513651828,0.5330324678622018,0.7717253721703198,1
-0.7932100050634678,0.2571131138213963,0.40013750150941624,0.6565166130300512,0.11115764776286925,0.695222194544048,0.12167140906990076,1.5825071212002833,0.5396751317018809,0.18965326059319867,-0.4410102631139913,0.2867452857341191,0.4858736076311771,0.5594275427758488,0.18392692784460485,0.4890437139632954,-0.7363831119155105,0.13028976091872088,0.21281392913096894,1.1506110714605071,1.0623901941430052,1.0514795443985578,1.067158292611522,1.1619002807934427,-0.06926244414579558,1.2532460637822052,0.6080778690760615,0.8659603885913988,0.9293930883099882,0.7874723195628871,0.5982655073143777,0.4658942253352804,0.5712908594849726,-1.040052388148509,-0.16498672804493827,0.05511648227909391,-0.0022532937801512595,-0.06976319501504136,0.4001375015094162,0.39109657294808114,-0.0007986449036373735,1.2057209822352188,-0.38268432463140606,-1.0316301822114418,-0.5744414423514362,0.19012021951324545,0
-1.0162952205887001,1.4455140696101474,0.6776426541021717,1.8673369016036818,0.33014183902401756,1.2577829216985057,-0.656644943207234,0.1580713732158568,0.15408407422066794,1.3532607278354025,-1.1881950672920663,-0.1902572216816737,0.18145075602101118,-0.8938290775984256,0.2788702439602165,-0.3122345997774768,1.878070011517042,-0.23668647331291778,2.9338555630306127,0.7621370267128449,0.7285189220724825,0.8163573696926476,0.9098889341524294,0.7210701195399869,2.5997648312416146,0.43586812255748053,0.06095478619041597,-0.08116032092355276,-0.22499599047987381,-0.2870631501885111,-0.3909376994152846,-0.44851919047898975,-0.40557442933582794,1.719416349640976,-0.594390662339792,-0.4120391405723471,-0.47815065198052764,-0.9397066290657733,0.6776426541021718,0.1453953747232677,1.4087740813445502,0.75994987368039,-0.1252154994964896,-0.34320387680693876,0.616138213280508,1.3533305248273935,0
0.1977033941300048,-0.08950383161698967,-0.06509172489608614,-0.34733876034134914,-0.7249638097796975,-0.8734567561751132,1.319081181803955,0.09719805065241996,0.3468796029612744,-0.6248719664763439,-0.6242820075350285,-0.4001383249446214,-0.11744107833510409,-0.6579244541767202,-0.5147832978205221,-0.14831203026032713,0.6966474819328948,0.35113099173944334,-0.615381982747369,0.327584542349367,0.39650089527731064,0.1965884262369397,-0.0606513119738722,-0.4400480383328745,-0.21400555068259508,-0.4610988099688894,-0.4057763411382132,-0.39023389164232164,-0.33937087622989615,-0.22664176300247305,-0.1668150674297781,-0.09108773765230802,0.007165207305035071,1.1048029882491592,-0.38610245999082266,-0.5018726281319588,-0.19166354605497898,-0.8625988218231675,-0.06509172489608517,0.1565627554062299,0.6241435606749511,0.23252145964087417,-0.48667345579471516,-0.3384338919076155,-0.8703171227645546,-0.624126994206658,0
0.9162453092519771,-0.5351541900377714,-0.6609116113452369,-1.0067561726462644,-0.784686771032738,-0.7652720009531021,0.9119618590743758,-0.13412057508864125,-0.23150698326054528,-0.7412327132005644,-0.9203363639074733,0.11502438306445432,-1.336000095325423,-0.9021064328062047,-0.5650792795230608,-0.7959073666243758,-0.6677049877158944,-0.6535782924989895,-0.36252578921670475,-0.49323681700386957,-0.8811044718305108,-0.7094547434816431,-0.8309904310965424,-1.2180205666460793,-0.5399911437103998,-1.2897926688908898,-1.0947603862423803,-1.0412612001776007,-0.9951202211966914,-0.9565321202098127,-0.8671982923844858,-0.8339061759289874,-0.8183140659766908,-0.9703091339757893,-0.6900332042347269,-0.4826390809810284,-0.6901083865219654,-1.0243142838213377,-0.6609116113452363,-0.4611297060631366,-1.1684906982632495,-1.1395621692483402,-0.30921034549117565,-0.4105593953348141,-0.8456872936345788,-0.7404480247380727,0
-0.372979715353145,-0.4361207770553754,0.9959573879585684,-0.5784747605307008,-0.2670877735063871,-0.2892590779762531,-0.33334430456903946,1.545983127662221,-0.6170980407417584,0.4223747540416395,-0.4551080896079172,-1.354143339776207,-0.3703495535595102,0.3808836243995613,-0.33661617619627465,-0.38104160426615713,-0.5457516943394664,-0.39510536460362505,-0.07883347452376444,-0.1643047281454035,-0.162949479872554,-0.11034476480779191,-0.16510407388881046,-0.09661872403245082,-0.17969127773229981,-0.20919471080794028,-0.27242459047289047,-0.38201384986788633,-0.49949571627992767,-0.5311655544201048,-0.5450220089053203,-0.5962841486308024,-0.6052871567426971,-0.7833906374700307,-0.2925853079157752,0.7835694397885473,0.04569113988168126,3.876367325427557,0.9959573879585675,-0.23401569450980025,-0.5368836691902084,-0.18551329793633375,-0.3680807878640382,0.2702166585329193,-0.07000670313689769,0.42276228057607523,0
-1.3223888884023929,1.5940641890837415,1.828472845736835,1.3242428357992901,1.186170950317598,1.5823371873645393,0.09772321361521967,-1.7168269617380039,0.7324706604424877,1.8187037147322842,-0.3846189571382874,1.7940732091680365,0.18145075602101118,-0.4137424755472357,1.6087300991459867,-0.5652015280446834,0.16310182341102195,-0.0907743365977927,1.8854274435132246,0.5237367054301036,0.3798999939375521,0.3589088638086727,0.3615119340990033,-0.07091993180588843,1.038465412003181,-0.1103164662774743,-0.3835510493606594,-0.5217545600332871,-0.6443705715632894,-0.601254363555909,-0.6710909893971676,-0.6521952138774341,-0.6718580658783201,-0.09591074354207071,-0.03116236006961965,-0.21336942086800478,-0.12045714027398094,-0.7325233415202915,1.8284728457368344,-0.10800299493442624,0.0993448747297086,0.33384751897571735,0.9374407037068286,0.3148849005403483,1.6053841733177938,1.818614646953053,2
0.6775960089226583,-0.4856374835465734,-0.3752445424997534,-0.5316432833681524,-0.3666260422614546,-0.5597209660312809,-0.273473815932337,0.04849939260167029,0.15408407422066794,-0.27578972630368276,-0.48330374259576897,0.2485850851408633,-0.11744107833510409,0.422270400438457,-0.4176012314800235,0.29083855721154345,-0.6532230341274435,-0.1282946003245391,-0.535208067725451,-0.3755455191554276,-0.4385244421125466,-0.3612036228731977,-0.34789640723995263,-0.10829999322634275,-0.4370483248595141,0.002687241757343862,0.11651801563430046,0.11612068166289566,0.07237871247018439,0.0923831613398077,0.21139187404576407,0.09062322439924533,0.18024957105765502,-0.7580457565878939,0.6000784164369507,0.48544945894912833,-0.019581398750900387,-0.166519224526696,-0.375244542499755,0.2395683488087792,-0.4911820223711022,-0.31518696919611955,-0.49746027491148254,0.3723583303498988,-0.11520789094329098,-0.2751639026124136,1
0.3014639594905795,-0.13902053810818757,-0.5139971187961312,-0.23177076024667315,-0.1874571585023332,0.19757232052279697,-0.4890075750244663,-0.3776138653423896,-0.4243025120011519,-0.27578972630368276,-0.4269124366199266,-1.35414333977599,-0.8907214777792761,-0.39097974872584307,0.3180863804575853,0.08718089077556612,-0.3941565761779316,-0.8133857508482416,-0.2255992140165391,-0.39511592795382555,-0.3619732009494555,-0.3871097497022798,-0.3171545160777775,-0.15465827176897637,-0.18386438374101874,-0.24833321244958112,-0.14388301389815197,-0.060213795723590126,-0.015386416845623706,-0.12705382466674486,0.02453935762752552,0.06356717858444456,0.0934544051065809,-0.48304129558966247,-0.2829987524746913,-0.2678644711289738,0.1708196672036969,0.7711386734210369,-0.5139971187961305,-0.21063415822345816,-0.4290306034108555,-0.30991417328772564,-0.27269915397303074,-0.05473766021259977,0.15922285932698638,-0.2751639026124136,1
-1.2419744502479482,1.3464806566277514,0.9388239741894714,0.3800598284898463,0.7681102215463146,0.024476712167579028,0.09772321361521967,0.8885512439771007,-0.4243025120011519,0.7714569942143008,1.6313702314931227,-0.5336990270210304,0.5240267815522522,-0.6165376781378245,0.5431372664650811,-0.7548255374737814,0.5137175418682527,-0.7773951627972527,1.4259692381953104,1.292954957265177,0.94599072962332,1.0996803152724002,1.1100900611560613,0.19074049813729138,0.9526797296274429,-0.23273714998186087,-0.6502545506913047,-0.7930159385896535,-0.8807453354466689,-0.8622747561995934,-0.8531906278853916,-0.8718458273463449,-0.8848849751123139,0.24624514836677577,-0.7729234072103371,-0.30889603838429164,-0.2984731547264761,-0.8180684772149757,0.9388239741894716,0.27343575552878235,0.3779708698313607,0.9088673546020145,0.74432950813443,-0.02545787704044796,-0.09733463909814936,0.7717253721703198,0
0.6672199523865993,-0.5351541900377714,-0.7833403551361587,0.029579096176580756,-0.48607196476753556,-0.3541699311094598,0.43299794998075497,-0.268041884728202,-0.4243025120011519,-0.6248719664763439,-0.15905373323547228,1.9848742121343426,0.31940083341614195,0.6416203134446041,-0.43720813960135213,0.5943988711321913,-0.07318268250580748,0.3719755826987469,-0.7717211170401089,-0.20051743517569323,-0.17124993054243332,-0.1767485801780465,-0.19121726436754508,-0.035876124224212456,-0.6600910990364331,0.08273153494867344,0.5387985594078223,0.560002937482404,0.5375032478536089,0.7304330100243696,0.8557444410040951,0.9612383832396545,1.0190430261665053,0.7563108761197782,2.0240895957615375,0.42774881749633736,1.6715707385478038,0.8881468319831092,-0.7833403551361594,0.6402047052495387,0.12091194401512946,-0.026159751005787282,-0.5188117424254484,-0.44255595591129043,-0.6037611658774249,-0.624126994206658,0
-2.500071305244897,2.2872980799605127,2.1386256633405036,1.379383123426161,1.1662632965665845,0.8791362784214669,-0.5129557704791474,1.64338044376372,0.9252661891830941,2.749589688526047,2.477239821128679,-0.20933732197828805,1.5609515299723156,-0.7448366838584011,1.5320074151929615,-0.5773439406015093,1.2987918679790085,-0.44096346471409287,1.573982619774236,0.3728504261372293,0.23049188187972472,0.034267988665206424,0.1961283944003511,-0.3606154078144092,1.347293868555838,-0.5576228105819634,-0.6391419048025279,-0.6582072534889138,-0.6672455487132938,-0.6399240513549733,-0.615060331400791,-0.5643349684898699,-0.5653446112613232,0.6264183615988271,-0.6815316449551772,-0.7935814265877343,-0.8859260024197101,-0.9375972969527536,2.138625663340504,0.5253683761385174,0.7720320357749804,0.1588028657055162,0.9238327011046783,0.031492377252891064,0.48714186303369117,2.749182891204371,0
1.1056083410350206,-0.7332210160025632,-1.4771032366180477,-0.5875389174008715,-0.784686771032738,-1.2412849239299508,0.6126094158908629,-0.5724084975453873,-1.0026890982229715,-0.27578972630368276,-0.5537928750653988,-0.8389806317671313,1.188486321005464,-0.44933510294068607,-0.7642172680944684,-0.04469677644207925,1.4382759472782982,0.8038755073755172,-0.9086643311217772,0.37435928893015796,-0.26886323042021376,-0.12362552788184278,-0.42144856042172174,-0.6783459298882707,-0.5056768707601046,-0.5599770544993553,-0.4057763411382132,-0.3836578582227734,-0.22499599047987381,-0.011541624620177675,0.08532289355391671,0.1944580598572759,0.286763025674652,2.2674993987171836,-0.35209622287262354,-0.22952560047478612,-0.12105052698882247,-0.6036197123913154,-1.4771032366180474,1.4896325365618397,1.0000267682208586,-0.12052843300134972,-0.5767062582505931,-0.08470951511074781,-0.9014420487251814,-0.2751639026124136,0
0.32740410083072136,-0.6341876030201673,-0.3915683750052093,0.13532759299523836,-0.7249638097796975,-0.3866253576760631,0.27733467952532814,-0.07324725252520443,1.503652775404914,-0.7412327132005644,-1.1177059348224365,-1.2396627379964125,-0.4163329126912202,-0.5337641260600331,-0.4440279337305099,-0.3160834658474079,-0.33233343093071716,-0.49515940120828217,-0.7755761460504034,-0.36951006798371255,-0.375441017021464,-0.29332416716138193,-0.2521480421512592,-0.06624742412833175,-0.26547696010803795,0.12039943762694623,0.19430653685573873,0.15722089053507238,0.15625362868686757,0.04162919610353574,-0.0687614159361191,-0.12104009403443208,-0.13929079279333562,-0.3873768736866436,-0.6368984587375409,-0.2967147918553692,-0.6307697150378003,-0.9305661899093549,-0.3915683750052087,0.05729673792295808,-0.6524215403621061,-0.2695939432280669,-0.45372200082908953,-0.1575995967065826,-0.41350994574620403,-0.7404480247380727,1
0.8617710124376741,-0.7827377224937612,-0.767016522630703,-0.710660381554023,-0.6254255410246301,-0.5056285884202755,0.5168166340721385,-0.6211071555961368,-0.6170980407417584,-0.3921504730279032,-0.3282276511625836,0.11502438306445432,0.4573509108112727,-0.49237735002113747,-0.6938028937109142,0.6085650191151548,-0.05793852083375396,0.36780666450688615,-0.8034823218372533,-0.7618143941451859,-0.7307003056922978,-0.6637098928932457,-0.5568019310698292,-0.17137884687335925,-0.9517624191139428,0.46882753740096933,0.36099622518739194,0.8559244413620766,1.109377676603721,1.117129888015013,1.0938747374886955,1.0610795711800685,1.0856139353021284,0.6897805638041694,0.2642668248947348,-0.6557410053394008,0.5322682460518349,0.5365914798131741,-0.7670165226307023,0.724300360133552,-0.03878706902691573,-0.45840532187173855,-0.5697946096879744,-0.20452130505463206,-0.5148710159160629,-0.3914849331438284,0
0.58939952836617,-0.931287841967355,-1.0200359264652747,-0.6592968259563892,-0.705056156028684,-0.5056285884202755,1.1274956181665061,0.4137393279822923,-0.23150698326054528,-0.7412327132005644,-0.6806733135107322,-0.2474975225715439,-0.7841997857449017,-0.5420414812678123,-0.6153752612255995,-0.3081871289252016,-0.7012421433944122,-0.32840267353385355,-0.6822963656695081,-0.967019733983495,-0.9880142764585561,-0.9455571981314367,-0.8745124152277667,-0.5405069534003453,-0.8385253183779684,-0.494058224812378,-0.23908665280656002,-0.304745457188194,-0.39274582291324,-0.3450676818871077,-0.36152160396718686,-0.37064306388546686,-0.3909288293259908,-0.4570752961125197,-0.3627231719720607,-0.07873459081149284,-0.3815472948043071,-0.9176758269964573,-1.0200359264652752,-0.014409138380418738,-0.8701462398149268,-0.9176810438473211,-0.5074570039519689,-1.1449006293609185,-1.2461485607241447,-0.7404480247380727,0
-0.4923043655178063,0.10856299434780224,1.0367669692222095,-0.33449787144194065,-0.08791888974726575,-0.10534499409883419,0.08574911588787938,1.64338044376372,-0.03871145451993881,1.236899981111182,-0.3282276511625836,0.057784082174557015,0.1354673968893012,0.26086197388676385,0.227721787991533,-0.8647143711130559,-0.16464765253812855,-0.7994904292141145,0.33745416116696325,0.33060226793522435,0.14250710477900422,0.21134482965255175,0.08732343407229035,-0.2881915388122789,0.09482290587006194,-0.6235416402689408,-0.9836339273546114,-1.0083810330798595,-1.05612016026337,-1.0314546403204998,-1.0072749373754273,-0.9896584291160332,-1.044655157037809,-0.5584548196410668,-0.6985347635142767,0.8765315843513771,0.1168975456626795,-0.3118287700902692,1.0367669692222095,0.03577024941464901,-0.35818509511100666,0.04008336302247106,0.9249910171156475,-0.17293343332742125,-0.32285967698137497,1.2370094942959784,2
-1.6310765703500978,2.336814786451711,0.8816905604203744,1.6762342609242502,0.8676484903013819,1.6039741384089414,0.13364550679724158,0.5841846311599156,0.3468796029612744,1.5859822212838433,-0.5537928750653988,-0.4192184252412358,0.5938289599415161,-0.21221537386881426,0.9686759164306556,-0.339180205081744,0.5452559346568048,-0.18121475888120397,1.1404078362040242,0.37351975399201937,0.44560451408391755,0.4255713661290483,0.43247233985686073,0.141796692487396,1.5615488411235352,0.1074582736542089,-0.33441655332346837,-0.278635547058025,-0.24925997157775706,-0.30222007621798447,-0.3539220189134862,-0.3947830194025844,-0.3513637896098373,-0.16594722649800572,-0.3571164843450558,-0.16550667037090772,0.36238642372314106,0.6523251809245039,0.8816905604203757,0.3265368337659026,0.4233376055516804,0.39481658128764197,0.19651366834311043,-1.0286050071576576,-0.025544424717411664,1.5859725858902234,0
0.8488009417676031,-0.4856374835465734,-0.6527496950925089,-0.8979862902042166,-0.705056156028684,-0.5597209660312809,0.9838064454384196,-0.4993605104692632,-0.23150698326054528,-0.7412327132005644,-1.1599994143042145,-0.38105822464797995,-1.336000095325423,-0.9434932088451004,-0.3263864850025379,-0.8019785729027887,-0.6989555191436041,-0.7619701654873682,-0.15284016531322714,-0.39063414708471506,-0.8811044718305108,-0.674039375284174,-0.817933835857175,-1.222693074323636,-0.4542054613346617,-1.3086266202300263,-1.1058730321311572,-1.042905208532488,-0.9951202211966914,-0.9613658311846958,-0.8812059568835799,-0.8339061759289874,-0.8183140659766908,-1.0748567676146037,-0.7452933395518004,-0.6845913260657962,-0.7316454565608811,-1.0805631401685272,-0.6527496950925084,-0.4628786276472758,-1.204435813738951,-1.1111405426708532,-0.031314681540580834,-0.4629266401045259,-0.7602424057286661,-0.7404480247380727,0
0.7502284046750598,-0.931287841967355,-0.5139971187961312,-0.9236680680030332,-0.665240848526657,-0.7760904764753032,0.02587862725117639,0.3406913409061683,-0.4243025120011519,-0.7412327132005644,-0.13085808024762036,-0.34289802405472414,-0.3473578739936548,-0.5130707380405853,-0.5207506176835351,-0.5915100885844728,-0.6547474502946489,-0.4826526466327,-0.8602207847758413,-0.6652471753977464,-0.7556016577019358,-0.7743829185103364,-0.9223865977721133,-0.98439518276824,-0.7630339178873189,-0.8636745198429294,-0.7391557178015199,-0.8111000304934112,-0.7587454573133117,-0.7317645598777511,-0.6710909893971676,-0.6202460337365017,-0.6186013385698217,-1.1952449518047532,-0.5540082557619306,-0.6172739110375403,-0.684174519373549,-0.9270506363876556,-0.5139971187961305,-2.6437838430692215,-0.8578222002232577,-0.8186346358108803,-0.39560460180326285,0.10410192280489189,-0.4772068717365513,-0.7404480247380727,1
0.3922544541810796,-0.5351541900377714,-0.06509172489608614,-0.35413687799397714,-0.4263490035144951,-0.9924599869193254,0.37312746134405195,0.6572326182360406,-0.6170980407417584,-0.5085112197521235,-0.5537928750653988,0.3058253860307606,-1.0600999405351623,-0.3226915682616652,0.15952384669995506,-0.7817412186414122,-0.19513597588223558,-0.674422883458293,1.928598013140411,0.427169486682664,0.14748737518093175,0.13756281257449127,0.1090844261379025,-0.4564018152043233,0.6266941365996381,-0.5340803714080428,-0.7724936554678504,-0.9097405317866352,-0.9569952592800173,-0.9033612994860993,-0.9232289503808624,-0.9037950074872771,-0.9115133387665632,-0.44123474556118425,-0.834559711987073,-0.5307229488583541,-0.10265553882873138,-1.0102520697345403,-0.06509172489608517,-0.41465222239224514,-0.3407260390228086,0.08086543657506313,0.4503056428139187,0.16851911828875754,-0.5857937828865711,-0.5078059636752432,1
-0.9799790227124994,1.1979305371541575,0.3919755852566883,1.5833266530050008,0.668571952791247,0.12184299186738912,-0.29742201138701807,-0.3289152072916399,-0.23150698326054528,0.7714569942143008,1.264826742651048,0.4966263889970669,-0.25539115573023485,-0.8358875911439716,0.7221568623554733,-0.4721096984423514,0.6432929160807076,-0.6702539652664322,0.7907451422524223,1.4290543811873497,1.442357679682102,1.53942113705764,1.1666686405266529,0.4640821972743633,1.295822459130395,-0.09148251493833791,-0.32798781991677495,-0.5414826602919319,-0.5452456705799366,-0.6181723519679997,-0.6430756603989793,-0.6781539227419418,-0.645229702224071,0.1226888540663591,-0.724039441352926,-0.20182929257744664,0.33645063015409,-0.887207696475063,0.39197558525668824,-0.03759525675811268,0.7037363163711474,1.2436356280654914,0.2330100235495908,0.4097456958079635,0.44209696787351144,0.7717253721703198,1
-0.0020356941890976423,-0.7827377224937612,-1.370998325332583,-1.3013412709268108,-0.10782654349827926,1.1604166419986957,-3.5783247886783247,5.68536906197594,-0.23150698326054528,-0.7412327132005644,1.4340006605781594,-0.07577661990187907,-0.30137451486194483,1.5066039326575238,-0.43550319106906266,-0.28390230381154974,-0.4771529668152255,0.3552999099313041,-0.7297839922594134,-1.0243565201147873,-1.046117431147711,-1.0355712589666703,-1.0224871612739292,-0.9096350599273314,-1.0032338285393854,-0.6376671037732929,-0.39466369524943634,-0.3195415323821776,-0.24024597524654348,-0.2314754739773562,-0.22284572542615477,-0.21489081069842128,-0.19254752010183412,-0.27649301982729535,-0.03753852952928203,5.784291699030416,0.051625007030097855,-0.10792666583170683,-1.3709983253325837,0.4159875560884646,-0.6467730222159246,-0.9933832304708993,-0.4359546152757686,-1.6929298450915522,-0.7791789073238417,-0.7404480247380727,0
1.0796681996948787,-0.7332210160025632,-1.4771032366180477,-0.49840804151086016,-0.7647791172817244,-1.2412849239299508,0.7682726863462898,-0.5358845040073258,0.5396751317018809,-0.6248719664763439,-0.9767276698831769,-0.9725413338435674,0.8206194479517824,-0.3226915682616652,-0.7626828144154079,0.14573672715747374,3.1951655799824654,1.6459969821313818,-0.91276553523636,-0.2183220161322525,-0.4735523439394372,-0.4807304905396556,-0.6825804652090676,-0.7974948756659687,-0.5399911437103998,-0.36457480935581543,-0.039059026808575856,-0.05814420395513369,0.17150361345353723,0.2301439241239745,0.2814301965412349,0.3941404357381037,0.486475753081521,5.267699673140125,-0.06304320736793137,-0.22952560047478612,-0.8153129833535538,0.05847620086206243,-1.4771032366180474,1.2330977728919519,2.272381155730762,-0.3793576729531019,-0.5790566939933177,-0.22527481311615719,-0.9922084395190891,-0.624126994206658,0
-0.08723742538352294,0.4705550723906907,1.1932043154830003,0.17161922729144694,-0.020662341170703726,-0.4983853580423269,-0.16572724806569283,0.4511739720187456,0.16717927431192572,1.2572233708549758,0.055233229472201786,0.363065686920685,-0.07145771920339411,0.04565073848450634,-0.3187142166072354,-0.22521397645355784,0.24694471260731626,-0.4868215648245608,0.1277685372634856,0.11030830016762785,0.11096539223346279,0.2408576364837758,0.28752456107592217,0.19074049813729138,0.18060858824580012,0.05683485185736105,-0.06128431858612965,-0.12226052979572946,-0.27074594477988284,-0.25564402885177134,-0.3068917124207196,-0.33869388374453435,-0.3256893383730802,0.13536129450742748,-0.46261649350677053,-0.24221974159440013,-0.4646214348821383,-0.6586967175646051,1.1932043154829999,-0.11134427950596615,0.11012840937241918,0.1536958546798744,-0.40178616447592774,1.0067613980285142,0.35964531643533,1.257325947270387,0
-0.43264204043547566,0.20759640733019827,0.693966486607629,0.3528673578793343,0.13106530151388265,0.403123355444618,-0.2375515227503151,0.4259139924949794,0.15408407422066794,0.18965326059319867,-0.8498472314378437,-0.28565772316482685,-0.8071914653107563,-0.38891040992389825,0.6880578917096842,-0.17462059080011655,-0.2561126225704496,-0.14913919128384268,0.23569496133145204,-0.3332973609534228,-0.34057912420797104,-0.3523497808238304,-0.23909144691189188,-0.2110951621325921,0.31786568004698096,-0.09148251493833791,-0.06128431858612965,-0.03677209534160197,-0.026746188513168293,-0.10579898863039695,-0.0687614159361191,-0.11904327027562384,-0.032777338176338794,-0.41905797478931445,-0.46474188332665795,-0.26590168255398133,-0.17386194460972942,-0.166519224526696,0.69396648660763,-0.41820179503663535,-0.31402395324085897,-0.27070416301625005,-0.04679283834649987,-0.04957339937179576,0.19378893526860655,0.19012021951324545,1
-1.6310765703500978,2.2872980799605127,1.4448627818586148,1.207919489298766,1.2857092190726653,-0.3217145045428565,-0.09386235002222854,1.2416165148450355,3.4316080628109793,-0.5085112197521235,1.3212180486267517,-0.20933732197828805,0.8252177838649534,-0.5668735468911497,1.0887207967977048,-0.7392427746925214,1.253059382962848,-0.41594995556292863,1.8114207527237618,2.086918558904282,2.106393733272446,2.1001644668509,2.0849825056954856,0.9546955034178262,1.536022369782462,0.06389758360953704,-0.49467750824842827,-0.7699998216212345,-0.8731203430633342,-0.874359033636801,-0.9092212858817683,-0.9357441876282095,-0.9381417024208122,0.8957077209715308,-0.7155378820733762,-0.345152459189623,0.18217008429526074,-1.1274371871245188,1.444862781858615,0.3133332869517643,1.283479678829248,1.871797984219487,1.1979323898822243,0.525609144015461,0.09292039498747565,-0.5078059636752432,0
-0.8917825421560112,0.10856299434780224,1.1265480480022183,0.18971253421626236,0.36995714652604456,2.588455410929242,-3.662143472769708,0.7302806053121647,2.27483489036734,0.18965326059319867,2.2939680767076416,0.2485850851408633,0.31940083341614195,0.3891609796073405,-0.4133388601492999,-0.4680622275900761,0.12499141923088818,0.3469620735475826,-0.5783786373526376,0.5780557659755383,0.47950540197610364,0.34415246039306063,0.33539874362026895,-0.0428848857405479,-0.04243418593111893,-0.22567441822968468,-0.39466369524943634,-0.497094434709981,-0.5071207086632625,-0.5118307105205727,-0.43296069291256695,-0.40658589154401586,-0.43220279299007713,0.870362840089394,-0.13318107142421698,0.18091829572606577,0.3305167630056734,-0.1899562480046916,1.1265480480022194,0.11602099426277841,0.18304564362312792,0.39579778315633446,-0.3775360845199475,0.5938664553546866,4.222631962128733,0.19012021951324545,0
1.2430910901377803,-0.8322544289849592,-1.1343027540034671,-1.1646235714684035,-0.665240848526657,-0.9816415113971243,-0.09386235002222854,-0.024548594474454757,-0.809893569482365,-0.7295966385281423,-0.4551080896079172,-0.30282981343179605,-0.1281886014491309,-0.10748033285940767,-0.7168196988968217,-0.3608042500047806,-0.7645054143334342,0.46786070111154326,-0.8222923557462418,-0.5415204263775893,-0.6609765200653118,-0.4733522888318496,-0.66560689139789,-0.5007906381411127,-0.934605282638795,-0.2845305161644858,-0.1946360692514524,-0.24556115641225962,-0.346995868613231,-0.3112317050629264,-0.3909376994152846,-0.37263988764427525,-0.40557442933582794,-1.2586071540100952,-0.3265915450339742,0.6329066537729269,0.5856730503875834,-0.1782377362656938,-1.134302754003468,-2.6437838430692215,-0.7268792795617736,-0.5967387074793522,-0.5473811603891702,0.1794520803827073,-0.5521090838431661,-0.7288159216849314,1
-0.6349751428885938,1.2474472436453554,-0.27730154746701674,1.379383123426161,0.13106530151388265,-0.278440602454052,-0.12978464320425045,-0.024548594474454757,0.3468796029612744,0.3060140073174192,-0.5114993955836209,-1.9837866495650505,0.664276026903968,-0.35580098909278174,-0.140547094982988,0.08239380831936532,2.5716793675954768,0.6763066107045791,0.17093910689067218,1.6644369768842338,1.6747702984387225,1.6722287677981493,1.3973351564221415,1.4803526171429644,0.5409084542239,0.7536910514054068,0.4165594546312764,0.1473568404057499,0.049503735320180056,0.024711207691445237,-0.012730757939742439,-0.09508138516992448,-0.13929079279333562,2.7015304838237757,-0.3563470025123984,0.012817093626935047,2.110676907530625,-0.09034889822321004,-0.277301547467017,0.6960375862874156,2.381346205787103,1.595575300919533,-0.4015936801811488,0.08936389278202474,-0.13199791712296477,0.30644125004466044,0
-0.5675307754042198,0.9998637111893657,-0.06509172489608614,1.331796299857765,0.6088489915382065,0.5762189637998357,-0.12978464320425045,-0.98634709097676,-0.03871145451993881,0.4223747540416395,0.024218011185565,-0.056696519605237604,-0.7841997857449017,-0.9807413072801064,-0.08939863901430455,-0.32235327690816507,-0.5305075326674128,-0.7911525928303932,0.7074876151142767,-0.6954244312563211,-0.7589218379698875,-0.7891393219259484,-0.7091288755291143,-0.799831129504747,0.4379656353730144,-0.6423755916080771,-0.36132575758310564,-0.3853018665776604,-0.44612076959658387,-0.3426508263996662,-0.3349070414189079,-0.3746367114030835,-0.3789460656815787,-0.9924859047476592,-0.8281835425274106,-0.864104432807812,-1.8282241055882513,-0.2935057156083161,-0.06509172489608517,-0.2474673508414719,-0.7448518372996243,-0.7251541296458636,-0.2783574094088748,-0.08651638478790465,0.41257731197566583,0.42276228057607523,1
0.6257157262423708,-0.4856374835465734,-0.46502562127976216,-0.8639957019410764,-0.6851485022776705,-0.375806882153862,0.9598582499837379,-0.1219459105759541,-0.03871145451993881,-0.7412327132005644,-0.4551080896079172,0.3821457872172994,-1.1750583383644377,-0.7324206510467324,-0.40310916895556315,-0.7554326581016227,-0.7568833334974074,-0.4659769738652572,-0.22993046821891744,-0.38158097032714244,-0.55107855319611,-0.631245805378899,-0.7613552564865834,-1.1292429207725003,-0.488519734284957,-1.2215195952865208,-0.9947465732433883,-0.9557727657234734,-0.9188702973633432,-0.8840264555865671,-0.8111676343881091,-0.7700078156471226,-0.7650573386681924,-1.0051583451887276,-0.6198953401784413,-0.18451910014160944,-0.624835847889384,-0.6610404199124047,-0.4650256212797627,-0.40105995641250736,-1.1951927840451992,-1.0807945351271817,-0.18390351071893254,-0.6337154911802393,-0.7924191516936757,-0.7404480247380727,1
-0.7413297223831804,-0.13902053810818757,-1.6648273104307945,2.8168073337540585,-0.4064413497634816,-0.8950937072195153,2.6122837363567326,0.5111366440837917,1.6964483041455203,-0.7412327132005644,-1.4419559441827332,-0.22841742227492953,0.037982675530075824,1.1548163363269106,-0.6777422785367475,0.18054497648704132,0.7163124504898442,0.5348969056366638,-0.748705036204586,-0.19019681367206087,-0.20289124849601306,-0.2596795673737861,-0.31177316041103637,-0.18866712528031931,-0.5708739893656656,0.02105034431300169,0.09651525303450229,0.1289439468310147,0.2614785235768881,0.3157006083794044,0.28703326234087223,0.24238183006867445,0.27078600748210246,1.687735248538305,0.07340681906884253,1.157790155521814,0.6101205830390594,-0.018162865910983414,-1.6648273104307942,0.7572049611425017,0.5580661683976184,-1.6276888027861742,-0.5556181246295047,-1.9799981816084498,-2.0090823965687106,-0.7404480247380727,0
-1.7737473477208852,2.4853649059253047,2.3345116534059787,1.0666697114052734,1.0468173740605036,0.8466808518548635,-0.7763859204806394,1.107695205205475,3.4316080628109793,-0.3921504730279032,0.5176419384729728,-0.09485672019849344,1.7678766460650117,-0.4137424755472357,1.8388981510050624,-0.8303108688687157,1.7027621522884266,-0.4659769738652572,2.2647117338092206,2.8111726995100788,2.6376225761447207,2.675664200059772,2.4288061803321574,0.8846078882544741,1.6389651886333478,-0.18800651555141187,-0.7947189472454043,-0.99687297459565,-1.0408701754967005,-1.0677074726321227,-1.063305595371804,-0.9776774865631834,-0.8848849751123139,1.1079710983594264,-0.6751554754955148,-0.6352252217117418,-0.10265553882873138,-0.9727528321697473,2.3345116534059778,0.5807917773617393,1.7214965859831535,2.3420870864938466,2.7599050522022335,0.5506019256416663,1.0152909128312284,-0.3914849331438284,0
0.7113181926648433,-0.7827377224937612,-0.9465786801907218,-0.6970641462487669,-0.06801123599625224,-0.4515362108092698,-0.5009816727518072,0.8642019149517265,-0.4243025120011519,-0.7412327132005644,-0.27183634518687994,-0.09485672019849344,0.1584590764551566,0.1780884218089725,-0.6631138201297041,-0.1624781782432906,-0.32471135009469043,0.459522864727822,-0.9074000501541238,-0.5535913287210193,-0.43354417171061904,-0.3936677103875443,-0.3957705897842994,-0.16203383151824588,-0.9517624191139428,-0.01850095349918453,-0.07239696447490655,-0.11239647966640698,-0.12587108949652115,-0.10579898863039695,-0.1668150674297781,-0.17495433552225567,-0.21917588375608335,-0.02304421100592735,-0.058792427728156384,0.01422755375133673,0.8348954706210764,0.5483099915521722,-0.9465786801907222,0.5881811242860734,-0.3109429433429416,-0.40459666947113154,-0.5381957780335936,-0.32380795804086376,-0.5635071169484968,-0.7404480247380727,0
0.4130065672531975,-0.6341876030201673,-0.33443496123611377,-0.48481180620560416,-0.5657025797715896,-0.19189279827644315,0.2893087772526684,-0.41413785888045107,-0.03871145451993881,-0.6248719664763439,-0.8357494049439177,-1.2778229385896682,-0.27838283529609026,0.5298760181395857,-0.5173407206189562,-0.19688168048763074,-0.9017028693819158,-0.3534161826850179,-0.6678033887232384,-0.7889739244179034,-0.7489612971660323,-0.7478213923622345,-0.7657074548997059,-0.680682183727049,-0.7630339178873189,-0.6941689577907021,-0.29464988225044425,-0.3113214906077423,-0.14874606664652548,-0.18797207520340886,-0.23685338992524893,-0.17695115928106392,-0.125976610966211,-0.9101150418807146,-0.08004632592703093,0.7034296599930046,0.016021804139598736,0.8998653437221072,-0.3344349612361129,0.12834137751624936,-0.9060913552906283,-0.7335918000360553,-0.4817848217344673,-0.14363656375496775,-0.26338029534791113,-0.624126994206658,1
0.532331217417855,-0.5351541900377714,-0.26913963121428885,-0.41909666889686675,-0.4064413497634816,-0.7436350499086999,-0.4890075750244663,0.4380886570076666,0.15408407422066794,-0.3921504730279032,-0.3705211306443615,-0.2474975225715439,-0.20940779659852488,0.3850223020034509,-0.5096684522236538,2.527066203093649,-0.23324638006236934,-0.10745000936523551,-0.5968803100500033,-0.731637138286611,-0.8070644518551874,-0.6799419366504189,-0.6133805104404209,0.1183166291351615,-0.6086196896109903,1.1656837369490152,1.76118960717328,2.1546910417228604,2.253126534103945,2.325557631735774,2.410595200403546,1.9995867378199594,2.270576117916219,0.1512018450587629,1.0549118378928635,0.7515135278703302,-0.0551846016413995,0.7592432028541328,-0.269139631214289,0.15381937430935466,0.2477468514793908,-0.29868170167846386,-0.5659985290353293,0.6023718304184603,-0.08928484530338894,-0.3914849331438284,1
0.5530833304899693,-0.931287841967355,-0.5629686163125003,-0.9387749961199845,-0.4462566572655086,-0.5380840149868786,0.8640654681650141,-0.1828192331393909,-0.6170980407417584,-0.5085112197521235,-0.003977641802286915,-0.5909393279109277,0.9401761816942287,0.997546587379107,-0.7380463081238254,0.9485525707062803,-0.9253313199735987,0.038462127349889574,-0.9230956358257225,-0.743708040630041,-0.599553185108205,-0.5943547968398687,-0.49151895487299285,0.3823133129171197,-1.020390965014533,1.1185988586011744,1.1833320209568818,1.3162467807304559,1.1703776156703998,1.1412984428894282,0.8557444410040951,0.8414289577111579,0.7527593896240131,-0.7802225273597637,0.4449249595851673,-0.17810791775796592,-0.5536294421083859,0.9233023672001028,-0.5629686163125007,0.9641692625975847,-0.5368836691902084,-0.3269552989508602,-0.5811783475579361,-0.4821407510174782,-0.7656785552897426,-0.5078059636752432,0
-1.0681755032689875,1.9901978410133252,0.8245571466512774,1.243420770373601,0.8278331827993549,0.8683178028992657,1.319081181803955,-1.3394123618446943,-0.03871145451993881,0.07329251386897835,-1.0331189758588808,-0.5336990270210304,0.40676921576639097,-1.0809227621204156,0.043022626689826,0.047444343451433425,2.178736082412488,0.07986637174568703,1.648047915268709,0.7754150192906182,0.8895476650681408,1.1070585169802056,1.419531368329066,1.1766396181017733,2.6958447955024414,1.0620970045837652,0.49101418208608155,0.2854535422162636,0.20352858146354336,0.08199068274380912,-0.026738422438836604,-0.07631124183712679,-0.08736548366754975,1.6560541474356336,-0.5314791236711236,-0.5287995941432612,-0.8592236002518359,-1.0169316214257689,0.8245571466512777,0.23638212462632494,1.791399077268212,1.0231089708060563,-0.34197972807806626,-0.5709408828455814,-0.01391629804092067,0.0737991889818308,0
-0.26662513585855835,-0.03998712512579167,0.44094708277305733,-0.5648785252254448,0.09124999401185574,0.23002774708940033,0.6006353181635221,0.23111936029198074,-0.23150698326054528,-0.15942897957946245,0.46125063249726933,0.057784082174557015,-0.5372719867598268,-0.38891040992389825,0.003521055995470484,-0.6097237074197117,-0.5686179368475466,-0.9454025659292397,1.3211264262435716,-0.33631508653928016,-0.4368643519785708,-0.34792285979914683,-0.38706619295805444,-0.6362933607902594,0.4379656353730144,-0.7671505192298554,-0.7724936554678504,-0.8094560221385241,-0.8731203430633342,-0.7921859470637892,-0.8391829633862974,-0.7540332255766563,-0.8183140659766908,-1.1794044012534177,-0.7070363227938264,0.11680647188963157,-0.8799921352712937,-0.6985396574771978,0.44094708277305605,-2.6437838430692215,-0.7628243950374751,-0.4742444575164839,-0.027206520755009813,-0.4977721968789657,-0.34973410940260513,-0.15884287208099884,0
0.6724079806546306,-0.7332210160025632,-0.815988020147072,-0.9999580549936364,-0.5457949260205761,-0.8193643785641076,1.3430293772586355,-0.9498230974386974,0.7324706604424877,-0.6248719664763439,-0.6806733135107322,-2.117347351641459,0.452752574898101,-0.0014060258717180625,-0.7094884202079771,-0.7633252262635596,-0.5129767467445513,0.13518102940105822,-0.809156168131112,-0.6567975437573454,-0.8396022184811143,-1.0591815044316497,-1.2779612081242158,-1.6595725421751955,-0.9517624191139428,-1.5628849633083675,-1.3281259499066949,-1.1711378602136793,-1.0484951678800352,-0.9106118659484237,-0.7411293118926383,-0.6142555624600768,-0.4854595202985755,-0.026212321116194662,-0.4031055785499222,-0.2858157818031754,-0.14419260886764687,0.4416715347272916,-0.8159880201470724,0.7377616288999196,-0.7557894224372308,-1.0007846957254534,-0.4826222691202592,-0.39504121479903354,-0.8625773800445508,-0.624126994206658,0
0.6827840371906858,-0.6341876030201673,-1.1587885027616525,-0.6668502900148648,-0.6254255410246301,-0.6787241967754931,0.253386484070647,-0.3654392008297014,-0.6170980407417584,-0.6248719664763439,-0.31412982466865763,-2.193667752827998,0.5723093086405481,0.5836788269901502,-0.7031801106385062,1.090214050535916,-0.29422302675058337,0.8097119928441222,-0.8432609181365894,0.043918337278763056,0.28029458589900047,0.1965884262369397,0.1874239975741061,0.4010033436273468,-0.8145053273127617,0.38642900029224775,0.5832491429629296,0.6915236058733697,0.8272529584203323,1.0422073679043258,1.0378440794923192,1.1609207591204824,1.20544157174625,0.09734397318422229,0.32165235003169584,-0.0819401820033146,1.4757531226500593,0.7358061793761372,-1.158788502761653,0.9381449816400097,0.2913944916998855,0.368930464282304,-0.5767219325011507,-0.22869693974046093,-0.6363918349810119,-0.624126994206658,0
-1.0785515598050428,0.6532467657509798,0.4572709152785132,0.5945782077505519,0.2306035702689502,0.6303113414108413,0.14561960452458186,1.3146645019211607,0.15408407422066794,-0.27578972630368276,1.997913720335197,1.164429899379193,-0.46231627182293017,-1.0345441161306708,-0.05188977130393661,-0.47615716929462665,1.2835477063069551,-0.7578012472955074,1.7435812861667543,1.3868062229853448,1.1933441595857233,0.9786778072643809,1.0883290690904492,0.17672297510462132,1.1242510943789192,0.009749973509520062,-0.5057901541372052,-0.45435021748291726,-0.44612076959658387,-0.4731610227215084,-0.5590296734044145,-0.5703254397662948,-0.5120878839528248,0.7879919772224496,-0.7070363227938264,-0.931421847836068,-1.1944870941373684,-1.1403275500374161,0.45727091527851205,-0.1722502650859693,1.0462419166896175,1.0874647111944034,-0.17953067851020152,-0.8897900230853898,-0.4750756355887584,-0.2751639026124136,0
0.5634593870260283,-0.7827377224937612,-0.3099492124779285,-0.7416295841937727,-0.744871463530711,-0.5489024905090798,-0.4650593795697852,0.75462993433754,-0.6170980407417584,-0.6248719664763439,-0.34232547765650956,-0.648179628800825,-1.0600999405351623,1.6887057472286648,-0.7006226878400721,1.252112884626928,-0.7302060505713138,-0.3534161826850179,-0.7735712843098456,-0.20957061193326582,0.17072863705659386,0.08443976027828753,0.13084541820351464,0.5808948892132829,-0.8145053273127617,0.7890047101662876,1.1722193750681047,1.3326868642793261,1.4525023338537884,1.3515648702968408,1.1779207244832606,1.1169906364267004,1.058985571647879,-0.6693386735004151,0.6404608230148122,0.6684887160021478,0.17326928357263605,2.5064733031387103,-0.30994921247792895,-0.3628119521439431,-0.13840638905957442,0.30764633197459657,-0.5775988797952791,0.1921521003813422,-0.25345255835665415,-0.624126994206658,0
1.515462574209288,-1.0303212549497511,-1.256731497794389,-1.0815354668251724,-0.665240848526657,-0.6787241967754931,0.8281431749829927,-1.424635013433506,-0.6170980407417584,-0.7412327132005644,-0.5404162803026761,1.316094581513121,-0.8880034627025474,0.6507254041731614,-0.6838106419390017,1.9178328783467025,-1.135427033632489,0.12246554021984536,-0.8987038907331807,-1.1120004615484982,-1.1220174988808367,-1.008394768767712,-0.8845031842324853,0.43113667812675777,-0.9248717064131938,1.2125156984177052,1.7544650289151222,2.079185428473194,2.1385123143902622,1.6570977068433415,1.756163696447269,1.6955060591192455,1.585981447894337,-1.2307542749131328,2.2057262158907216,-0.1550917730006859,-0.8488856844976025,2.1011022568275104,-1.2567314977943886,-0.020182132831324303,-0.5837434506914014,-0.62851932607645,-0.5795157715269673,-0.21007639808735848,-0.618055215353431,-0.7404480247380727,1
0.35334424217086685,-0.7332210160025632,-0.5548067000597723,0.10813512238472636,-0.7647791172817244,-0.4948101128980743,0.3132569727073495,-0.13412057508864125,1.503652775404914,-0.7412327132005644,-1.258684199761696,-1.8120657468953585,-0.5082996309546409,-0.5668735468911497,-0.5991782501688497,-0.5599398159367256,-0.17989181421018205,-0.5160039921675857,-0.44658505550506944,-0.4872013658321546,-0.44848498291640176,-0.38628950867973827,-0.36095300247931994,-0.3045453156837277,-0.5399911437103998,-0.26334232090795745,-0.2501992986953369,-0.2735092984453398,-0.24024597524654348,-0.2943137166508357,-0.3489147059180021,-0.35666529757380905,-0.3390035202002048,-0.09274263343180368,-0.6156445605386663,-0.30953715662265613,-1.1114129540595374,-0.8028344119542785,-0.5548067000597727,0.041789014222564626,-0.5748827912645214,-0.4228042739973344,-0.4008057726235319,-0.1616841006531716,-0.4839480724268819,-0.7404480247380727,1
-0.03575787793128276,-1.0303212549497511,0.9959573879585684,-0.9591693490778684,-0.5856102335226031,-0.5272655394646776,1.4507962568047001,0.18242070224123108,-0.809893569482365,-0.8459573852523626,0.038315837679490955,0.17226468395435163,1.6529182482357363,2.8268420882982963,-0.7602958864702027,3.3567977278100862,-0.40093215845495794,1.7143672404778976,-0.9036997156146508,-0.4419354820442923,-0.40200245916507765,-0.04689223012065995,0.09167563248541284,1.4569900787551802,-1.0032338285393854,2.248635938949357,2.4835115899437774,2.894494801422042,3.015625772437428,3.2439627169635523,3.26506273484829,3.197680993104926,3.1626263003335677,0.42049120443146604,2.619198745330021,0.8130608787533071,1.0781840237061533,0.4311248741621936,0.9959573879585675,0.8820874479808791,0.6950067883270485,0.3069061854491414,-0.5901739360431677,-0.13504587610210717,-0.5506792592683534,-0.8451369522163461,0
1.0018477756744495,-0.28757065758178146,-0.7996641876416146,-0.7280333488885167,-0.3467183885104411,-0.6138133436422865,0.15759370225192265,-0.17064456862670377,-0.23150698326054528,-0.5085112197521235,-1.0472168023528068,0.5729467901836057,-1.4279668135888435,-0.7572527166700698,-0.46278236758569385,-0.5894863531583352,-0.5609958560115198,-0.5952134378129394,-0.5382916798416787,-0.0858438629131088,-0.23599344576749168,-0.4556446047331151,-0.5785629231354414,-0.872254998506877,-0.6086196896109903,-1.0002206670516682,-0.8391695308005118,-0.8374041641716042,-0.7587454573133117,-0.7849353806014647,-0.6850986538962618,-0.6921316890535997,-0.6851722477054447,-0.8435847295651056,-0.4944973408050822,-0.3576210244999818,-0.262869951835977,-0.9727528321697473,-0.7996641876416142,-0.4907689118787762,-0.6472865238655773,-0.3770632187241908,-0.3580895280271433,-0.07858618598989295,-0.4904277226461785,-0.5078059636752432,1
0.6386857969124418,-0.5351541900377714,-0.5139971187961312,-0.7008408782780048,0.0116193790078017,-0.1161634696210353,1.0915733249844841,-1.4002856844081317,-0.4243025120011519,-0.6248719664763439,-0.8639450579317697,-0.4382985255378773,-0.5082996309546409,-1.129733701020131,0.227721787991533,-0.771622541510724,-0.7667920385842423,-0.5618620922780537,2.1074475158816126,-0.4389177564584348,-0.5729917429645912,-0.6223919633295317,-0.6873678834635022,-1.1128891439010515,0.455122771848162,-0.934301837364691,-0.91695805202195,-0.9541287573685862,-0.9417452745133476,-0.8526073342498273,-0.8251752988872033,-0.7919728769940136,-0.7650573386681924,-0.9924859047476592,-0.8218073730677483,-0.6557410053394008,-1.3072305699572822,-1.1930608528629065,-0.5139971187961305,-2.6437838430692215,-0.9322799394229252,-0.6562464881259662,0.48807421777803933,-0.42468047665400166,-0.4421767246126475,-0.624126994206658,1
0.6127456555723,-0.4856374835465734,-0.6364258625870531,-0.6600521723622368,-0.784686771032738,-0.7328165743864987,0.6485317090728843,0.17024603772854394,-0.809893569482365,-0.7412327132005644,-0.4551080896079172,-0.4001383249446214,-0.20940779659852488,-0.4220198307550148,-0.623047529620902,-0.21711903474900726,0.22407847009923598,0.8055430746522614,-0.8198254660532597,-0.23371241662012562,-0.3555199354137536,-0.5338535428358592,-0.8092294390309303,-1.1853130129031817,-0.7801910543624665,-1.0779107163256059,-0.7947189472454043,-0.6450551866498172,-0.522370693429932,-0.30156428311316036,-0.1668150674297781,0.014743921564530783,0.15362120740340576,0.8418498490969902,-0.243701342058364,-0.7390863763267653,0.18810395144367734,-0.7758818349545835,-0.6364258625870525,0.25453309013498304,0.11166891432137757,-0.46321627428719886,-0.5194258458459498,-0.377994911818077,-0.8027491984501938,-0.7404480247380727,0
0.8954931961798629,-0.4856374835465734,-0.8078261038943441,-0.49689734869916496,-0.665240848526657,-0.7003611478198953,-0.5009816727518072,0.1093727151651071,-0.23150698326054528,-0.5085112197521235,-0.3564233041504355,0.17226468395435163,0.31940083341614195,0.21947519784786818,-0.6673761914604277,0.041919099796612284,-0.40093215845495794,0.6512931015534148,-0.7479773037451564,0.03788288610704821,0.2138909805399661,0.1228064091588792,0.022040457875453903,-0.003168570481315238,-0.8488196002630569,-0.1173791980296505,-0.20574871514022933,0.01254815530501021,0.30875347635356426,0.404157519219764,0.4635298350294587,0.5498926889251494,0.4731615712543964,-0.1846178266295495,0.6723416703131238,-0.4566737923272726,0.05815226089335598,0.5131544563351785,-0.8078261038943444,0.6482209506888847,-0.08654272244463353,0.18707646297791272,-0.549607096663764,0.38432201123870074,-0.19794894351279457,-0.5078059636752432,0
0.6983481219947724,-1.079837961440949,-0.17935855243427867,-0.8994969830159116,-0.7249638097796975,-0.6570872457310909,0.9119618590743758,-0.3045658782662646,0.9252661891830941,-0.7412327132005644,-0.9626298433892511,-0.20933732197828805,0.5263259495088373,1.6142095503586524,-0.7637910309613961,1.9199455752523533,-0.8681657137033981,0.2844283006696718,-0.9175451340165127,-1.242236307413698,-1.308411672315897,-1.271673713616464,-1.2448845001844853,-0.6012495532085836,-1.0015181148918708,0.4758902691531453,1.1722193750681047,1.7436889530010935,1.902376884470543,2.1805463024892826,2.2845262199116987,2.5387291526981945,2.709944118211331,-0.31134223104023323,2.1091051885570344,1.9087319481179676,-0.5536294421083859,2.259212705445856,-0.17935855243427906,0.5808615737485257,-0.44085886070512004,-0.8392033077532854,-0.5883954637177277,-0.1369360556325006,-0.5896292364443988,-0.7404480247380727,1
0.7294762916029456,-0.6341876030201673,-0.7180450251143339,-0.048221583625717476,-0.6851485022776705,-0.375806882153862,-0.620722650025212,-0.24369255570282775,0.15408407422066794,-0.7412327132005644,-0.7793580989682138,-0.3047378234614412,-0.5082996309546409,-0.24819537139165296,-0.2991073084859067,-0.5044894652605538,-0.5686179368475466,-0.6285647833478251,-0.6665699438767473,-0.39063414708471506,-0.3588401156817054,-0.29332416716138193,-0.291317827869361,-0.3349166155878468,-0.7287196449370237,-0.4281393951254008,-0.4835648623596514,-0.43791013393404665,-0.4766207391299232,-0.5069969995456897,-0.5170066799071319,-0.5164111982784713,-0.5254020657799494,-0.5045969477665262,-0.575262153960805,0.030255509710445282,0.21777328718575986,-0.45596646447994266,-0.7180450251143344,0.08510470546920629,-0.6729616063482214,-0.3752128524105519,-0.29951085337355304,0.40394963529851985,0.0891967445113572,-0.7404480247380727,1
0.026498461285059848,-0.6837043095113653,-0.5221590350488591,-0.35413687799397714,-0.4263490035144951,-0.3325329800650576,0.2653605817979873,0.7059312762867903,0.3468796029612744,-0.6248719664763439,0.7714028153636401,-0.5909393279109277,-0.6658860027100204,-0.4468518963783522,-0.38043335347611346,-0.5368692320787563,-0.7137423559654961,-0.1858256713722168,-0.2248116721059796,-0.8173405449249638,-0.8767882374821735,-0.9122077264121534,-0.9673883293637994,-0.9998144581041774,-0.5056768707601046,-0.7299534653350612,-0.5502407376923126,-0.5493739003953899,-0.5864206294499447,-0.5442165740522892,-0.5058005483078566,-0.4768740878540673,-0.49078519302942536,-1.1546931423933344,-0.461341259614838,-0.3755723351741834,-0.1168968199849309,-0.49557503415775545,-0.5221590350488585,-2.6437838430692215,-1.8170432817748357,-1.6276888027861742,-0.2300007548807057,-0.6017482272854068,-0.7367443412793881,-0.624126994206658,0
0.3377801573667803,-0.5351541900377714,-0.1630347199288228,-0.37453123095186114,-0.665240848526657,-0.4407177352870687,-0.39321479320574193,0.4137393279822923,-0.23150698326054528,-0.6248719664763439,-0.11676025375369456,-0.6290995285041836,-1.267025056627858,1.9453037586698179,-0.725344441558269,0.875698095365325,-0.38568799678290444,-0.11161892755709629,-0.8380187775390026,0.040900611692905736,0.5957117113544138,0.5227049417219669,0.6052350452338594,0.9546955034178262,-0.7973481908376141,0.8596320276880492,1.0277549785140052,1.0532054439485248,1.1017526842203864,1.0228725240047936,0.8697521055031893,0.8294480151583081,0.8060161169325116,-0.14026428508580996,0.6723416703131238,0.5142997796755236,3.1669052599487633,2.3763978228358345,-0.16303471992882312,-0.5207404818625367,0.15942456773909539,0.6346430669207916,-0.5785231442897985,0.2987007468181793,-0.09194184782952425,-0.624126994206658,0
0.35593825630487885,-0.5846708965289693,0.6694807378494438,-0.8368032313305647,-0.5657025797715896,-0.8193643785641076,-0.36926659775106085,0.48678731505841627,-0.4243025120011519,2.400507448353386,-0.046271121284064784,0.2867452857341191,-0.0944493987692495,1.37520091873403,-0.6111981373214904,-0.9276525428659369,-0.8315797256904697,-0.4176175228396729,-0.636381381258879,-0.807382050491634,-0.797601938091525,-0.933752075398947,-1.0573047485789087,-1.3184794817135501,-0.8488196002630569,-1.2568332540474014,-1.1614362615750415,-1.1514097599550344,-1.1552450612467229,-1.1063771604311872,-1.0352902663736157,-1.0136203142217324,-1.044655157037809,-0.9703091339757893,0.1494957746208129,-0.24670756926295054,-0.9992628649544654,-0.30245396069907093,0.6694807378494438,-0.009139980758454382,-1.067228172951702,-0.9788023439194281,-0.17692324786424868,1.1794982689721365,0.24524750279182952,2.4002197996101273,2
0.9006812244478906,-0.3866040705641775,-1.0200359264652747,-0.39492558390974497,0.2106959165179367,0.05693213873418239,1.0676251295298036,-2.1551148841947505,-0.4243025120011519,-0.6248719664763439,-1.0049233228710288,0.3058253860307606,-0.7841997857449017,-1.2166459307018118,0.8841269729229709,-0.7918598957721005,-0.4847750476512523,-0.837010692940861,0.8369993239958364,-0.3483859888827103,-0.9249308513674734,-0.9691674435964159,-0.9615563834902152,-1.2250293281624143,0.40365136242271915,-1.1320583264256228,-0.9725212814658345,-0.9590607824332474,-0.9493702668966824,-0.8864433110740086,-0.8531906278853916,-0.8319093521701793,-0.8183140659766908,-0.9513004733141868,-0.8983214065836962,-1.0670183552501262,-1.7902473558383858,-1.2950119049921878,-1.0200359264652752,-2.6437838430692215,-0.8901728041513891,-0.8685945262791196,1.2832967698421416,-0.5306680928696051,-0.36636170274133306,-0.624126994206658,1
-1.0318593053927867,0.8017968852245738,0.09814660015847687,0.5643643515166495,1.0468173740605036,0.597855914844238,0.07377501816053858,-0.633281820108825,0.15408407422066794,0.6550962474900802,0.6163267239304545,-3.1285926673629425,0.4642484146810287,-0.4067067236206235,0.7375013991460784,-0.6149854195276697,-0.24163066898199873,-0.6844282871187588,0.029401310755824837,0.3936727326796459,0.5143672947895965,0.4695818894257634,0.44202760474176833,-0.14334380080801873,0.5065941812736048,-0.6541468111950374,-0.6391419048025279,-0.6812233704573327,-0.6824955334799635,-0.6399240513549733,-0.6710909893971676,-0.6062682674248437,-0.6186013385698217,-0.6059764712950734,-0.5029989000846319,0.002046307222414146,-0.16555453060194628,0.6326832760729564,0.09814660015847661,0.46198705806018,-0.21748564310611768,0.35101891836628335,0.48984672426693976,-0.29774678961145584,0.17314530371997464,0.6554043416389048,0
0.4337586803253117,-1.0303212549497511,-0.3915683750052093,-0.5391967474266278,0.17088060901590968,-0.24598517588744864,-1.614572761394477,0.011975399063607768,0.9252661891830941,-0.7412327132005644,1.6736637109749004,-0.01853631901198177,0.39427282261854507,4.297852269048765,-0.32161262911212746,1.4589386451781963,-0.3842398014240594,0.862229976346404,-0.9082942976678299,-0.6670578107492608,-0.6060275366307109,-0.43498563995125816,-0.22951661040302257,0.9827305494831666,-1.071862374439976,1.8342890094883564,1.5500493352865188,1.66148853525674,1.7880019987205205,1.844603389734911,1.836280955940686,1.8458313083917222,2.057549208682225,1.1143073185799603,3.1973047763394056,0.8951240132639425,1.0117247116438886,2.5697532665292986,-0.3915683750052087,-2.6437838430692215,-0.8582776472253366,-0.12200872605226128,-0.5293714047629051,1.274169554898423,0.9677074140365196,-0.7404480247380727,0
-1.0007311357846136,1.1484138306629597,0.8735286441676465,0.4132950703471385,1.1463556428155708,0.7276776211106514,-0.3453184022963797,0.6450579537233535,0.15408407422066794,1.236899981111182,-0.6242820075350285,-1.2969030388863099,-0.5818730055653772,0.17428083841339403,1.9102502470813758,-0.6390678710987077,0.4617349505665503,-0.46764454114200144,1.7100315863421982,0.6951435187068087,0.9202593325466945,0.6599394934871593,0.5869558118987451,-0.06858367796711008,1.295822459130395,-0.5482058349123952,-0.6058039671361972,-0.7765758550407827,-0.7968704192299859,-0.7051791495158944,-0.7271216473935442,-0.6621793326714756,-0.6851722477054447,0.03081366086861327,-0.4094817480095845,0.7409350769373186,0.25931035722467555,0.1487087412523457,0.8735286441676455,-0.3267296790261705,0.40251624868476843,0.6393059900311602,1.406367221047768,-0.22473033654298957,0.252291839231937,1.2370094942959784,0
-0.6245990863525348,1.0493804176805637,0.538890077805794,0.9964224956614508,0.07134234026084223,-0.3433514555872587,-0.2375515227503151,0.1337220441904814,-0.23150698326054528,0.7714569942143008,0.7432071623757881,-0.11393682049513491,1.1700929773527795,-0.2606114042033217,-0.16526884870118494,-0.04510152352730684,0.879577421997537,0.088489145652218,0.06301268282270574,0.7259243196825554,0.9028283861399478,0.83111377310826,0.8663669500212052,0.97805804180561,0.5580655906990476,0.6477500751227648,0.29432034985473055,0.1983210994072491,0.08000370485351922,0.005376363791913046,-0.09677674493430728,-0.2288685770100791,-0.2458042474103326,0.5788967099448211,-0.44136259530789607,-0.40249930118548566,0.6390778547233319,0.5072952004656796,0.538890077805794,0.7466869738176937,0.8978399399399357,0.8647546216848735,-0.38602095052431695,0.668995240979164,0.2516473806359715,0.7717253721703198,0
0.9525615071281779,-0.6341876030201673,-0.9629025126961777,-0.49463130948162226,-0.4064413497634816,-0.19189279827644315,-0.09386235002222854,-0.4993605104692632,0.3468796029612744,-0.5085112197521235,-0.765260272474288,0.5729467901836057,-0.3933412331253656,0.40571569002289876,-0.46278236758569385,1.130688759058669,-0.5609958560115198,-0.3867675282199036,-0.6496100772374954,-0.8100980035189057,-0.7539415675679598,-0.707979103140082,-0.6177327088535433,0.017857714067690263,-0.6257768260861379,0.513558171831418,0.8610652901823521,1.0696455274973953,1.0788777070703817,1.1654669977638432,1.1639130599841665,1.2008572342966481,1.2986408445361224,-0.41905797478931445,0.8232443475251323,0.7899806221721908,-0.2213328817970615,0.9467393906780984,-0.9629025126961771,0.22875622266679121,-0.3453475538696844,-0.46351233289738075,-0.5409400299012855,-0.22132024140959017,-0.2814946993056849,-0.5078059636752432,1
-0.09801421714762906,0.009529581365406346,0.40013750150941624,0.2101068871741465,-0.2869954272574006,0.23002774708940033,0.12167140906990076,0.08502338613973282,0.15408407422066794,-0.27578972630368276,-0.5404162803026761,0.7055313720208921,-0.33127789605860114,-0.17618238108397458,0.2538782129514185,-0.03807753970839849,0.12017202638579237,-0.22222622680737797,1.132881964620423,0.6183578688651331,0.6473697838851862,0.5228667103080766,0.607152111962876,0.44029608816597227,0.793559567196353,0.11291686074938949,-0.07590468374703326,-0.06376321924804967,-0.08043001809260972,-0.2280421643658777,-0.18452286212046082,-0.1783558855069175,-0.19858828840319603,-0.14837683553200087,-0.12157103599938372,-0.3390285955874159,0.5360008542145128,0.311521926456636,0.4001375015094162,-0.0835688611958172,0.27071787617289406,0.6107980093303199,-0.2548561179755384,-0.16712582942074292,-0.02887581145714774,-0.2751639026124136,1
-1.729649107442641,3.2776322097844726,0.3430040877403192,2.4640605622232497,1.4847857565828,2.069168585863589,-0.32137020684169865,-0.5967578265707626,1.3108572466643074,2.0514252081807247,0.41895715301549147,0.3058253860307606,0.31940083341614195,-0.5420414812678123,1.0801960541362576,-0.08355249662392221,-1.1402739995495532,11.832331692123857,0.6951531666493663,3.6259586076916,3.318259531074823,1.9968696429416153,2.4592715692240144,1.3518586560101526,1.8620079628102666,0.8831744668619695,0.11651801563430046,0.09968059811402474,0.08000370485351922,0.07788202841515866,-0.15280740293068393,-0.21688763445722953,-0.21917588375608335,0.13536129450742748,-0.31383920611464955,-0.33838747734905145,0.6094085189812494,-0.5766671353916203,0.3430040877403204,0.3094087784845829,1.7209830843335006,3.004074138861153,0.033476882848996185,-0.9748551480538201,0.5708505024867602,2.0512567080158823,0
-3.485796676170344,3.1785987968020764,1.6489106881768176,2.847776536393808,5.466316506785499,3.096923760472694,-0.44111118411510414,0.1093727151651071,0.5396751317018809,3.7968364090440305,-0.27183634518687994,-1.125182136216618,0.664276026903968,-0.5047933828328062,5.58978492204185,-0.40735016480594655,1.2301931404547677,-0.5618620922780537,3.7417619374822473,0.9341473851067218,0.9526310901592235,1.045081622634635,1.0796246722642042,0.662663773570527,2.9600646972197144,0.17690129164435542,-0.26131194458411383,-0.401741950126531,-0.484245731513258,-0.5166644214954557,-0.5730373379035085,-0.6042714436660355,-0.711800611359694,0.5155345077394788,-0.7176632718932637,-0.30633156543083434,-0.9274630724586256,-1.1215779312550198,1.6489106881768167,0.18087558803371204,0.9774326956361319,0.8993934790761869,2.520578135849409,-1.1034528041254992,0.9411205315020599,3.796072165987104,0
1.100420312766993,-0.6837043095113653,-0.587454365070684,-1.0407467609094045,-0.6254255410246301,-0.667905721253292,0.8520913704376738,-0.6089324910834497,0.15408407422066794,-0.7412327132005644,-0.9626298433892511,0.9545487961162453,-1.037108260969307,-0.4799613172094688,-0.5906535075074025,-0.41342137108435945,-0.8277686852724563,0.08432022746035751,-0.5968803100500033,-0.5928217613371667,-0.6294348075197704,-0.7256867872388164,-0.796172843791563,-0.8559012216354285,-0.6600910990364331,-0.934301837364691,-0.7169304260239661,-0.6680713036182362,-0.568120647729941,-0.6375071958675318,-0.5730373379035085,-0.5902936773543774,-0.6052871567426971,-0.8879382711088449,-0.22244744385948956,-0.1396408234561053,-0.2984731547264761,-0.14308220104870042,-0.5874543650706846,-0.2864239106136528,-0.8203365797985974,-0.7053922174162045,-0.4818714252637394,-0.19589697115258303,-0.6264825932411923,-0.7404480247380727,0
-0.868436414949885,1.3464806566277514,1.4611866143640708,0.980560221138652,0.9273714515544225,1.5066078587091312,0.07377501816053858,-1.0837444070782594,0.3468796029612744,1.469621474559623,-0.7229667929925101,2.347396117770368,-0.3703495535595102,-0.6951725526117263,1.6513538124532228,-0.7857886894936875,0.08688101505075439,-0.5952134378129394,1.8792602192807693,0.1585919095413477,0.10598512183153526,0.049024392080818734,0.05685804518043322,-0.3956592153960852,1.2615081861800999,-0.6659180307819975,-0.7613810095790736,-0.8472682143009268,-0.9264952897466779,-0.8695253226619178,-0.9092212858817683,-0.8518775897582619,-0.8582566114580646,-0.24164380861435716,-0.4222340869289091,-0.2646588799371521,-0.7613147923029636,-0.7711944302589844,1.461186614364071,-0.32516153689061444,-0.15483844184846648,-0.009802512793222747,2.075009548686078,-0.0680872619567082,1.0635406298830012,1.4696515553588083,2
-1.5610381887317117,2.534881612416503,0.9225001416840155,1.5621769536412695,1.186170950317598,1.376786152442718,-0.16570693638627182,0.6450579537233535,-0.03871145451993881,1.5859822212838433,-0.243640692199028,-0.15209702108839074,0.44876723401171525,-0.06501762639139597,1.1974590211258613,-0.2979931285617896,0.6638867189927832,-0.2192223002570029,1.906233920101489,1.6131425186255737,1.2929558725621173,1.1085991684420182,0.9308036195004125,0.25231981931657754,1.5540591923283067,0.30784660941954184,-0.26354460302511745,-0.22022981613205875,-0.1857560942420513,-0.23747492990820224,-0.3103231380196242,-0.3709077397274053,-0.30872424910988117,-0.11042292585879356,-0.3211525489814098,-0.20503829267748583,0.2653433850850293,0.5561965098968372,0.9225001416840156,0.23570962551726363,0.77113277405582,1.2124723953114884,0.25157906824651366,-0.7458831030438955,0.1552781178658842,1.5859725858902234,0
-0.10579625954966866,0.20759640733019827,0.2858706739712237,-0.37453123095186114,-0.0082882747432117,0.41394183096681914,-0.09386235002222854,0.2798180183427304,0.15408407422066794,-0.043068232855241965,-0.31412982466865763,-0.26657762286818537,-2.0303488182142466,-0.525072903091865,0.052112089165719806,-0.95416347694834,-0.5978867272578894,-0.830340423833884,-0.27374859639051186,-0.5345796575301172,-0.7311983327324907,-0.8747264617364986,-1.0163940834955578,-1.442300935168805,-0.24831982363289035,-1.4169218404300608,-1.2725627204628105,-1.2056620356663077,-1.2009950155467317,-1.1184614378683948,-1.0492979308727097,-1.0036361954276911,-0.9913984297293107,-0.8435847295651056,-0.7771741868501121,-0.23837303216421415,-0.12342407384818924,-0.6493219081734068,0.2858706739712245,-1.0543622982747098,-0.9468120361081017,-0.882139207694953,1.4716365193239067,-0.3177591410093538,-0.023332718673097663,-0.04252184154958386,1
-0.11357830195171195,0.20759640733019827,-0.2283300499506477,-0.05501970127834532,-0.10782654349827926,0.12184299186738912,-0.5129557704791474,0.8033285923882897,-0.6170980407417584,0.07329251386897835,0.26388106158230595,-0.4001383249446214,-0.1404327579009595,0.033234705672837636,0.10837539073127157,-0.33044821861271584,-0.019828116653620186,-0.6035512741966609,0.31895248846959756,0.9824309944804418,1.0273351461881373,0.8163573696926476,0.5704174579288801,0.23980182875163783,0.5065941812736048,-0.1008994906079061,-0.1946360692514524,-0.23734111463782415,-0.37749583814657034,-0.3595688148117568,-0.3349070414189079,-0.38462083019712484,-0.40557442933582794,-0.14976861541661135,-0.5051242899045194,0.5399445092100977,1.6893723399930536,0.3432360361197098,-0.22833004995064693,0.18549859855924866,0.17277561063007035,0.8385534346837523,-0.18856128938738037,-0.33070722806959796,-0.20610519449291628,0.0737991889818308,0
0.7554164329430874,-0.6837043095113653,-0.48951137003794737,-1.0203524079515203,-0.6055178872736166,-0.8410013296085098,0.19351599543394404,0.6328832892106653,-0.6170980407417584,-0.6830523398384541,-0.4269124366200653,-0.06623656975354478,-0.68763473156831,-0.4716839620016896,-0.5932109303058367,-0.6259135908288129,-0.7690786628350502,-0.21167296416175344,-0.6030475342824585,-0.6109281148523115,-0.6244545371178429,-0.7522483133869182,-0.8396948279227872,-0.9797226750906833,-0.6257768260861379,-0.8566117880907532,-0.6835924883576354,-0.6910874205866552,-0.5528706629632714,-0.6713431726917132,-0.6010526669016969,-0.5503572021782119,-0.5786587930884478,-1.3219693562154373,-0.5327543575630561,-0.28709801827990405,-0.19166354605497898,-0.9493158086917515,-0.48951137003794665,-2.6437838430692215,-0.869632738165274,-0.717900693696401,-0.43261925483059593,-0.08755496282164493,-0.6615705329189914,-0.6822875094723654,1
0.6490618534485008,-0.6837043095113653,-0.8486356851579837,0.2561830179308473,-0.6254255410246301,-0.19189279827644315,-0.05794005684020717,-0.5358845040073258,-0.23150698326054528,-0.6248719664763439,0.5035441119790469,-2.937791664396636,-1.8073295264254523,-0.7943352680009204,-0.0697917308929759,-0.5716774814083239,-0.5962098694739635,-0.7365397645170177,1.76519740710151,-0.3227353214029216,-0.33161463748450126,-0.5087676570293187,-0.5829151215485637,-0.841883698602758,0.043351496444619234,-0.8825084711820659,-0.7724936554678504,-0.7453396962979285,-0.7358704801633073,-0.6955117275661283,-0.6710909893971676,-0.6661729801890921,-0.6851722477054447,-0.9671410238655224,-0.6942839838745017,0.0985346020962478,-0.9511985410522917,-0.9211913805181567,-0.8486356851579832,-0.7281238565499449,-0.7134768865058335,-0.46514065525338283,-0.11523763050967546,-0.15750893320629902,-0.23438479040349183,-0.624126994206658,1
0.44413473686136695,-0.6341876030201673,0.9061763091785597,-0.36697776689338546,1.3255245265746924,0.38148640440021575,-2.285122234125547,-1.3637616908700692,-0.6170980407417584,-0.5085112197521235,-0.15905373323547228,0.0005437812846597067,0.4113675516795619,-0.6662018093844994,-0.40992896308472093,-0.37699413341388177,-0.29422302675058337,0.1927121004487359,-0.7325592431640182,-0.3182087330241354,-0.3007369609925503,-0.334642096725096,-0.2956700262824835,-0.43303927681653925,-0.6429339625612855,-0.5034752004819462,-0.4391142788045439,-0.4822983595159974,-0.44612076959658387,-0.39823850261082117,-0.3068917124207196,-0.2887732897743274,-0.2857467928917063,0.16704239561009834,-0.035413139709394637,1.3124919864391296,0.8111600020274105,0.4545618976401894,0.9061763091785597,0.2189230610385286,-0.33661802582558553,-0.32665924034067784,-0.403479331861605,3.294613448244439,4.008631927503924,-0.5078059636752432,0
0.13025902664563455,0.40566323329499004,-0.17119663618155073,0.7003267045692095,0.9671867590564495,0.43557878201122135,1.1274956181665061,-4.638746444782981,1.1180617179237005,-0.043068232855241965,1.011065865760381,-0.056696519605237604,-1.7498503275108146,-1.4571030994877958,0.3896918985590307,-0.5791653024850332,-0.34757759260277066,-1.1676059055554158,-0.1250876562671786,-0.74732931133307,-0.7972699200647297,-0.8097982867078053,-0.823156473952922,-0.942342613670229,0.6266941365996381,-0.8495490563385772,-0.7058177801351893,-0.686155395521994,-0.6291205867966198,-0.652008328792181,-0.6290679958998852,-0.630230152530543,-0.5919729749155724,-0.8467528396753727,-0.9153245251427957,-0.7948636630644631,-1.5534860566165671,-1.1872015969934073,-0.1711966361815511,-0.8145997090401035,-0.7450058877945204,-0.824925881277251,0.1893209526529577,0.8727061708795835,1.3734405236690952,-0.04252184154958386,1
1.2768132738799691,-0.7332210160025632,-0.8894452664216248,-1.0611411138672884,-0.5457949260205761,-0.9383676093083198,-0.5728262591158504,-0.2558672202155149,-0.809893569482365,-0.7412327132005644,-0.0744667742719167,0.45846618840381104,-0.554282990086351,-0.2564727265994321,-0.4482903050612335,-0.35068557287409236,-0.6905712302239747,-0.6035512741966609,-0.16825822589436518,-0.6743003521553188,-0.788803460381453,-0.7463457520206733,-0.8048772406178077,-0.954023882864121,-0.31694836953348077,-0.7836302266515999,-0.5724660294698666,-0.45763823419269145,-0.4766207391299232,-0.3885710806610551,-0.3909376994152846,-0.37863035892069996,-0.3789460656815787,-0.8467528396753727,-0.27133140971690073,-0.498667036940137,-0.7079099879672149,-0.7020552109988971,-0.8894452664216254,0.10194308756775995,-0.8460116622812415,-0.7668243790290027,-0.4274587572920708,0.8814330952651862,-0.02655147627596781,-0.7404480247380727,0
-0.38076175775518833,0.45517993978618804,0.11447043266393274,0.21690500482677436,0.15097295526489618,0.32739402678921015,-0.022017763658185262,0.9250752375151633,-0.6170980407417584,0.18965326059319867,-0.03217329479013883,0.17226468395435163,0.2044424355868666,0.08703751452340203,0.027390335447522746,-0.23938012443652146,0.2393226317712895,-0.49515940120828217,0.13701937361216843,0.7772256546421323,0.911128836809827,0.6687933355365266,0.5921784499944922,0.36128702836811416,0.6266941365996381,0.09214851061824184,-0.11684754803001414,-0.161716730313019,-0.20974600571320415,-0.1928057861782918,-0.2788763834225313,-0.3127351748800268,-0.3256893383730802,0.26842191913864555,-0.5455066964823808,-0.06911781723602779,1.2799355067523144,0.2905027332942196,0.11447043266393256,0.3025069260632578,0.3478796731617022,0.7572113315362041,-0.2634028734386957,-0.6410278255192924,-0.3908535149004966,0.19012021951324545,0
-2.0331487611223182,3.0300486773284825,1.5591296093968074,2.640811621191578,0.748202567795301,-0.007978714399024336,-0.10583644774956935,-0.24369255570282775,0.5396751317018809,2.2841467016291657,1.5890767520113447,0.17226468395435163,2.1127518395528377,-0.4427132187744627,0.25329601597587476,0.351550619995673,2.670766418463825,0.6262795924022507,0.24802940979636248,3.2940087932472766,3.1356496163374787,2.719933410306608,2.646416100988279,2.2162725763581577,1.5017080968321668,1.8719569121666293,1.0610929161803357,0.7079636894222403,0.5298782554702742,0.3316518545965184,0.16936888054848157,-0.0012306685059354557,-0.08603406548483729,2.669849382721105,-0.09492405466624289,-0.21016382967618302,2.3895686635062012,1.462353907194003,1.5591296093968068,0.9640634837473334,2.962116571544509,3.0225037873449923,-0.3465062383156591,1.055148774969367,0.8134655881146717,2.283898769078712,0
0.5375192456858827,-0.5846708965289693,-0.6527496950925089,-0.27255946616244114,-0.3467183885104411,-0.3541699311094598,-2.237225843216185,0.3650406699315426,0.5396751317018809,-0.6248719664763439,1.3212180486267517,-0.5718592276142862,-0.9359448708795451,-0.7630468653155152,-0.5313212985837298,-0.6671977935220211,-0.5902646464218626,-0.7244499017606216,-0.4618797716015584,-0.674783188249056,-0.8472386330974032,-0.8030103411366237,-0.8719010961798933,-1.0787798378548872,-0.6703853809215217,-1.0779107163256056,-0.91695805202195,-0.8436513959201751,-0.8197453963799904,-0.8086205643783916,-0.7635415750911889,-0.7436497420308533,-0.7410918113793681,-0.7719854410730693,-0.7117121803975789,-0.5352107765269044,-0.8360815183730115,-0.9216601209877165,-0.6527496950925084,-2.6437838430692215,-1.8170432817748357,-1.6276888027861742,-0.2349419275965186,1.6617757417077617,1.2180615670410826,-0.624126994206658,0
-0.2744071782606016,0.35614652680379205,0.48991858028942636,-0.10034048562919845,0.2306035702689502,-0.4839916373758732,-0.022017763658185262,0.7059312762867903,0.5396751317018809,0.6550962474900802,-0.3282276511625836,0.057784082174557015,0.6412843473381127,0.08703751452340203,0.057226934762588104,-0.799954837476651,0.06401477254267413,0.12600940937896468,0.26036385826127295,0.9311296595208645,0.5791108100146551,0.860626579939484,0.7445053944537773,0.25148309794552953,0.3864942259475715,-0.2609880769905655,-0.8169442390229581,-0.8982324733024258,-0.9722452440466869,-0.9613658311846958,-0.9372366148799566,-0.9157759500401269,-0.9381417024208122,-0.03571665144699575,0.42792184102606795,1.3413423071655253,0.6628133233169978,-0.7161174250856945,0.4899185802894262,0.45660419274987274,0.06134575265539567,0.5688440408078062,0.39895687470943936,0.31429825679815776,-0.14794935520177577,0.6554043416389048,2
-1.109679729413216,1.693097602066137,0.8327190629040069,1.062892979376036,1.6241393328398948,1.560700236320137,-0.5608521613885096,-0.4506618524185136,0.15408407422066794,1.0041784876627413,-0.6242820075350285,-1.048861735030079,-0.32436619442780024,-0.20266991774886772,0.645434178402448,-0.20497662219218132,0.10212517672280791,-0.2241797187373356,0.5471397850704409,0.007705630248473337,0.0877241303578009,0.21134482965255175,0.16566300550849397,0.20475802116996186,0.7982655013511145,-0.00437548999483213,-0.16129813158512174,-0.2340530979280501,-0.17162104379652998,-0.2894800056759528,-0.3068917124207196,-0.39660177274997455,-0.36563188385445405,-0.25431624905542555,-0.007783072050857903,-0.27096831048044967,0.25337649007625895,0.6069025502471613,0.8327190629040079,-0.17459189401164804,0.0428596932678922,0.08900704835507266,-0.04411933853456838,-0.30380989316167967,0.9398310171925157,1.0043674332331491,2
-0.25884309345651507,-0.13902053810818757,0.7919094816403657,-0.2634953092922706,0.13106530151388265,-0.14861889618763865,-0.47703347729712603,1.0833458761800994,-0.03871145451993881,0.3060140073174192,-0.18724938622332418,2.003954312430984,-0.25539115573023485,0.4098543676267883,-0.24625390398493377,-0.5571065863401328,-0.5914841793556269,-0.5160039921675857,-0.1466729410807719,-0.25483649572112815,-0.23765353590146768,-0.19150498359365856,-0.20427385960691255,-0.27417401577960865,-0.0767484588814142,-0.29394749183405405,-0.4168889870269901,-0.5201105516784,-0.6367455791799546,-0.6230060629428827,-0.6570833248980734,-0.6222428574953099,-0.645229702224071,-0.7707181970289623,-0.0885478852065807,0.3411978553171513,-0.007713664454067204,-0.061052618875715454,0.7919094816403658,-0.12721156604179293,-0.6503675337634947,-0.2727025586349795,-0.2378258789248162,0.34667226006425766,0.11532524141687303,0.30644125004466044,2
-2.9151135666871903,2.336814786451711,1.9753873382859408,2.7797953598675273,4.33158024297773,2.6966401661512536,-0.2375515227503151,-1.0837444070782594,0.5396751317018809,3.9131971557682506,1.448098487072085,1.50787170471855,-0.554282990086351,-1.13801105622791,3.390401315388461,-0.6117474428458494,-0.35519967343879744,-0.7327877381443431,1.0436013357830864,-0.27897830040798793,-0.3588401156817054,-0.35087414048226917,-0.32613541517434047,-0.5778870148207996,1.484550960357019,-0.8142353975776965,-0.6391419048025279,-0.7453396962979285,-0.7053705106299679,-0.7365982708526342,-0.7411293118926383,-0.7280745167121486,-0.7384289750139432,-0.8594252801164411,-0.7899265257694367,-0.3928825276100205,-1.247891898473117,-1.0137676232562396,1.9753873382859402,-0.5119105128485332,-0.5692342731183397,-0.4012660101065819,2.316598657808836,-0.4578248265711874,1.6092274004348919,3.9123931965185186,1
-0.982573036846515,0.8513135917157719,1.0449288854749375,0.7803934235890505,1.02690972030949,0.7925884742438579,-0.7763859204806394,-0.4384871879058264,0.5396751317018809,0.5387355007658597,0.09470714365519478,-1.3350632394795656,-0.21400613251169578,-0.2204662314455929,0.34024839112263655,-0.5605469365645668,-0.23095975581156122,-0.5135026412524694,0.5804427959256991,-0.06773750939796384,-0.0009246827965100532,0.0032795414924211602,0.1334567372513882,-0.18072386222847284,0.5580655906990476,-0.21154895472533247,-0.3724384034718825,-0.497094434709981,-0.6291205867966198,-0.6109217855056751,-0.6710909893971676,-0.6482015663598175,-0.6585438840511955,-0.5014288376562592,-0.13743185106399178,0.30273076101529073,0.016021804139598736,-0.13136368930970244,1.0449288854749375,-2.6437838430692215,-0.33482077005180033,-0.04510750205744545,0.13111987755681404,0.597108693656001,1.2373891213644885,0.5390833111074899,2
-0.3314754892089166,0.15807970083900025,0.9714716392003846,-0.19778017198353331,0.5491260302851662,0.8358623763326624,-0.11781054547690964,-0.5602338330327,-0.6170980407417584,0.4223747540416395,-0.45550282874974707,-0.13355116360006183,-0.5908436749024959,-0.5785618606224996,0.640234760983279,-0.7541368931708805,-0.7148669843070242,-0.9120222992694614,0.22312792057131223,-0.6262480306234217,-0.6819844963302759,-0.7183554026052981,-0.760015846889754,-0.8387630136686639,0.14449184074617538,-0.9895740993311651,-0.9106461894735416,-0.9416311774327061,-0.9514225911409967,-0.9446146062700487,-0.9092212858817683,-0.8795009686109247,-0.901706223000303,-1.1408389769568374,-0.36430169930028267,0.3065774704454769,-1.007499495985832,-0.1449666169006202,0.9714716392003835,-0.35090384066481706,-0.9697054732108116,-0.7691025617421022,0.8367594386597492,0.09869464809363046,0.7017021191714082,0.42276228057607523,1
-0.37065133351351404,1.2244103941020423,1.0480657028464047,0.7519022537219613,0.4034553603599245,0.4766643704672167,-0.3654064271815641,-0.22770080294848816,-0.22053884319312755,1.0253617335897804,-0.3592428694492207,0.363065686920685,0.29640915385028654,-0.3847717323200087,-0.03484028598104212,-0.3587805145786429,0.3993863293278514,-0.3867675282199036,0.5594742335353513,0.674622984722978,0.6455144153736896,0.5507421082116298,0.640052632538839,0.30288068239865434,0.6781655460250811,0.1698385598921794,-0.06128431858612965,-0.2192570227340665,-0.38512083052990514,-0.4417419013847686,-0.5450220089053203,-0.6122587387012686,-0.645229702224071,0.13536129450742748,-0.6539015772966403,-0.27427565351261723,-0.1382587417192305,-0.8579114171275684,1.0480657028464042,0.121615021970343,0.3566092012058008,0.5908263926138321,-0.23794807489959974,0.47680633450628024,0.7648291779600932,1.0255434489051138,0
1.0277879170145914,-0.5846708965289693,-1.0853312564870996,-0.5648785252254448,-0.6055178872736166,-0.6354502946866888,0.7323503931642683,-1.1446177296416955,-0.809893569482365,-0.8575934599247846,-0.4974015690896949,0.191344784250966,1.055134579523504,1.8708075617998057,-0.7504924324095384,0.897959185052839,-0.11891516752196801,2.5689954698093445,-0.8910569059381175,0.010723355834330867,0.2968954872387591,0.2408576364837758,0.2918767594890447,0.5808948892132829,-0.9860766920642378,0.7183773926445265,1.0833182079578896,1.2176062794372315,1.4296273567037838,1.552163875754487,1.8923116139370626,1.7999043619391315,1.6181812083871128,0.9970872445000775,2.66170654172777,4.1077675057076615,1.345208045384896,1.2162651606750488,-1.0853312564871,1.2343455622759119,0.5825499270530679,0.4825429559397072,-0.5829224052942629,-0.2015569889444267,-0.5884355216391597,-0.8567690552694875,0
0.6931600937267448,-0.23805395109058358,-0.5711305325652282,-0.36093499564660514,-0.2272724660043602,-0.9924599869193254,0.5168166340721385,-0.8037271232864485,-0.809893569482365,-0.6248719664763439,-0.6524776605228803,-0.6100194282075692,0.27341747428443197,-0.8946415642013089,-0.2231832632941475,0.24812616583840638,1.0747211210240406,0.148725693431242,0.6131401909746304,0.47756550396648406,0.6206130633640516,0.8089791679848415,1.028703950830672,0.9944118186770587,1.0470439802407545,1.0362003214924527,0.7032657185617202,0.4843785531575988,0.38881589637857994,0.2371528050375549,0.09792979160310132,0.012148050678080042,0.015153716401309844,0.7363517824250958,-0.48875878829138614,-0.4887297042454897,-0.7607214055881218,-1.0230252475300479,-0.5711305325652286,0.5430947100210349,1.0238365168963934,0.756463783545495,-0.44598264732339926,0.486384229730528,-0.3563780873284558,-0.624126994206658,0
0.12507099837760324,-0.13902053810818757,-0.9220929314325366,-0.6215295056640116,0.6486642990402335,1.1604166419986957,-0.2016292295682937,0.1093727151651071,-0.6170980407417584,-0.3921504730279032,0.5458375914608248,0.057784082174557015,0.2044424355868666,-0.2523340489955425,0.012898272923062405,-0.16045444281715293,-0.40093215845495794,0.5220566376057327,-0.6545438566234596,-0.7406903150441835,-0.717419584620491,-0.6887957786997863,-0.6220849072666658,-0.33725286942662536,-0.6600910990364331,-0.16917256421227547,-0.10573490214123724,-0.12719255486039058,-0.10299611234651664,-0.12513383252992913,-0.15280740293068393,-0.17495433552225567,-0.15260497462046024,-0.24481191872462418,-0.03753852952928203,-0.498667036940137,0.27117809152150835,0.3022212450332174,-0.9220929314325372,0.610473121684513,-0.4418858640044257,-0.6401853085235841,-0.2965540049874659,-1.3536142277033956,-0.441099736051563,-0.3914849331438284,0
-0.32109943267286134,0.306629820312594,0.19608959519121352,0.8967167700895736,-0.3268107347594277,0.37066792887801464,-0.29742201138701807,-0.07324725252520443,-0.03871145451993881,0.3060140073174192,-0.48330374259576897,0.07686418247117137,0.7102593860356781,0.3767449467956718,-0.1806133854917901,0.003468126699996778,0.4679850568520922,-0.0740986638303499,1.4722234199387245,0.5901266683189684,0.7285189220724825,0.9344085970175445,1.0012851008280006,1.0014205801933938,1.0041511390528857,0.6948349534706056,0.4165594546312764,0.24764135005386098,0.1867535982202069,-0.07921357826854035,-0.12479207393249561,-0.16497021672821433,-0.20586170192895872,0.10684830351502338,-0.11830334268500482,0.0039696619375070175,-0.04331686734456632,-0.236830294960683,0.1960895951912123,0.5799658620555264,0.5589288511690352,0.789925807961334,-0.3999143011962336,-0.05087926098672296,0.22612989259866229,0.30644125004466044,0
0.5738354435620835,-0.6341876030201673,-0.38340645875248136,-0.027827230667833325,-0.505979618518549,-0.4082623087204653,0.7682726863462898,-0.41413785888045107,-0.23150698326054528,-0.6248719664763439,-0.257738518692954,2.0611946133208816,0.4573509108112727,0.9644371665479904,-0.4849466985054567,0.38190665138773777,-0.20275805671826233,0.4428471919603789,-0.7322508819523955,-0.5113431705190146,-0.5331495797491707,-0.5441830252267876,-0.5263365421779723,-0.45172930752676643,-0.6429339625612855,-0.28688476008187785,0.18319389096696184,0.1785929991486041,0.21725356775354623,0.30748329972210325,0.4495221705303646,0.503965742472559,0.4731615712543964,0.1860510562717008,1.0357833295138765,0.5495612827855625,1.1671920309324009,0.7240876676371397,-0.3834064587524807,0.600725061499258,-0.12351484121964076,-0.4216200395566053,-0.5186985161089893,-0.3194712654228535,-0.5615024732193941,-0.624126994206658,0
0.24958367681029214,0.05904628785660422,0.17976576268575767,-0.517291701657049,-0.24718011975537363,-0.4082623087204653,0.24141238634330622,0.9615992310532259,-0.4243025120011519,-0.27578972630368276,-0.28593417168080587,1.4887916044219356,-1.1750583383644377,-0.5089320604366957,0.03165270677824637,-0.42758751906732306,-0.4161763201270115,-0.232517555121057,0.32203610058582516,0.2159286956726399,0.10930530209948702,-0.13543065061433246,-0.2521480421512592,-0.5919045378534701,-0.025277049455971298,-0.7742132509820316,-0.6502545506913047,-0.6532752284242526,-0.5299956858132668,-0.5625846757568447,-0.44696835741166113,-0.42855095289090694,-0.3789460656815787,-0.6661705633901481,-0.31808998575442443,-0.18131350894978768,0.8704986735115755,-0.5813545400872194,0.1797657626857586,-0.5323008357057525,-0.3571580918117007,-0.027714058709243043,-0.1678976894764481,-0.23121662747394323,-0.5188664485002129,-0.2751639026124136,1
-0.39891985669329055,0.05904628785660422,-0.4323779562688504,0.3052805343109382,0.19078826276692318,-0.9275491337861187,-0.4650593795697852,1.205092521306974,-0.4243025120011519,0.07329251386897835,1.4340006605781594,-1.2587428382930268,0.08948403775759123,-0.5172094156444749,-0.29228751435674893,-0.10378985088529873,0.4527408951800387,-0.4659769738652572,1.0621030084804521,1.1212463714298861,1.442357679682102,1.4656391199795797,1.6323538707307528,1.3518586560101526,1.2615081861800999,1.0244291019054923,0.6165870806292604,0.29696160070047317,0.16387862107020224,0.07788202841515866,-0.12479207393249561,-0.25682410963339514,-0.2458042474103326,0.2937668000207823,-0.6751554754955148,-0.1139960939215317,0.0753604756237638,-0.7758818349545835,-0.43237795626885084,0.3852126532624349,0.6939797850277425,1.3995104863263976,-0.4164996694821656,0.24836114470539797,-0.4800797298339039,0.0737991889818308,0
-0.7802399343933969,1.1979305371541575,1.15919571301313,0.2622257891776278,1.3454321803257059,0.27330164917820454,-0.656644943207234,-0.4019631943677639,-0.6170980407417584,1.1205392343869618,1.0674571717360848,-0.15209702108839074,-0.041568535767782744,-0.7692548817213496,1.2737077125511098,-0.868964215507945,-0.24467950131640948,-0.9203890567780753,1.3340775971317278,-0.3218300037271643,-0.6040354284699399,-0.0144281426063135,0.08601777454835358,-0.19707763909992165,1.7590651439593807,-0.6282501281037247,-0.7724936554678504,-0.9426206988843767,-1.05612016026337,-1.055623195194915,-1.0352902663736157,-1.0036361954276911,-1.044655157037809,-0.38420876357637657,-0.8069296443285362,-0.5800890532124084,-1.428281459784979,-1.0055646650389412,1.1591957130131292,-0.08790247003484902,-0.6589943614776631,-0.45144794453245785,2.497965527582784,1.0706893744711714,1.1650644928793494,1.1206884637645642,2
0.8488009417676031,-0.4856374835465734,-0.6527496950925089,-0.8979862902042166,-0.705056156028684,-0.5597209660312809,0.9838064454384196,-0.4993605104692632,-0.23150698326054528,-0.7412327132005644,-1.1599994143042145,-0.38105822464797995,-1.336000095325423,-0.9434932088451004,-0.3263864850025379,-0.8019785729027887,-0.6989555191436041,-0.7619701654873682,-0.15284016531322714,-0.39063414708471506,-0.8811044718305108,-0.674039375284174,-0.817933835857175,-1.222693074323636,-0.4542054613346617,-1.3086266202300263,-1.1058730321311572,-1.042905208532488,-0.9951202211966914,-0.9613658311846958,-0.8812059568835799,-0.8339061759289874,-0.8183140659766908,-1.0748567676146037,-0.7452933395518004,-0.6845913260657962,-0.7316454565608811,-1.0805631401685272,-0.6527496950925084,-0.4628786276472758,-1.204435813738951,-1.1111405426708532,-0.031314681540580834,-0.4629266401045259,-0.7602424057286661,-0.7404480247380727,1
0.6672199523865993,-0.6837043095113653,0.9633097229476567,-0.45761933559509216,0.5093107227831392,0.48967115962222696,-2.632371068218422,-0.5724084975453873,-0.809893569482365,-0.5085112197521235,-0.9485320168953252,0.5538666898869642,0.25042579471857657,-0.6041216453261558,-0.37242009537435306,-0.3850890751184323,-0.30184510758661015,0.06347563650105394,-0.7911478733723429,-0.3423505377109952,-0.25093425697327454,-0.2608600796470355,-0.2652046373906265,-0.419021753783869,-0.6772482355115808,-0.486995493060202,-0.3835510493606594,-0.4822983595159974,-0.4308707848299142,-0.3813205141987306,-0.2928840479216254,-0.27679234722147783,-0.2990609747188309,0.18288294616143377,-0.060917817548043963,0.1520679749996702,0.6034746518328328,0.3959693389452002,0.9633097229476577,0.11603834497846638,-0.3443205505703787,-0.299199804246283,-0.3836433916486486,2.9175379950409503,3.7379525850439608,-0.5078059636752432,0
-0.21733886731228666,0.35614652680379205,0.09814660015847687,-0.27255946616244114,-0.4462566572655086,-0.6570872457310909,0.9957805431657598,0.4746126505457291,0.5396751317018809,-0.6248719664763439,0.48944628548512126,-0.4001383249446214,-0.4163329126912202,-0.7282819734428428,-0.17208864283034284,0.12286851684211836,1.4664776463715972,0.042631045541750345,-0.5475425161903615,1.0427855061975915,0.7949225274315169,0.6540369321209146,0.9490587198705313,0.8145202730911222,0.4722799083233097,0.6477500751227648,0.27209505807717704,0.3134016842493438,0.26300352205355526,0.2639799009481557,0.09933055805301073,0.2004485311337006,0.14030702557628114,1.465967540819608,-0.5263781881033938,-0.4794334897892067,-0.4824230363273877,-0.600104158869616,0.09814660015847661,-0.06364716868863174,1.2968307217202228,0.927815105653674,-0.41666679243771126,-0.36361155338121603,-0.7700575087257845,-0.624126994206658,0
0.874741083107745,-0.9808045484585531,-1.0363597589707305,-0.9085611398860822,-0.744871463530711,-1.0140969379637277,1.3909257681679976,-0.13412057508864125,-0.4243025120011519,-0.7412327132005644,-0.34232547765650956,0.057784082174557015,-0.7612081061790462,-0.3847717323200087,-0.6622613458635593,0.11072610428529242,-0.6402654967061981,0.11350265480338236,-0.833701720576284,-1.0635869527309345,-1.1324421181144557,-0.9957289697445176,-0.8701602168146442,-0.29286404648983577,-0.9740666965316347,-0.02556368525136073,0.33877093340983816,0.22462523308544222,0.12575365915352824,0.16972253693793646,0.12734588705119906,0.026724864117380374,0.06308477097895833,-0.11491940420367318,-0.3988547989101473,-0.13322964107246202,-0.36374569335905754,-0.968065427474148,-1.0363597589707312,0.005282023384745763,-0.7130147350211459,-0.9172295544667939,-0.5507626627496934,-0.745450646165197,-1.2143564491265453,-0.7404480247380727,0
-0.1369244291578418,-0.08950383161698967,0.5552139103112513,-0.5648785252254448,-0.1874571585023332,0.27330164917820454,-0.24952562047765592,1.107695205205475,-0.03871145451993881,-0.15942897957946245,-0.5255972220775468,-0.2474975225715439,-2.359129836005974,-0.39391820982460457,0.13011348451796204,-0.93534273748526,-0.7555875797552829,-0.8824519012321429,-0.1723902661301102,-0.8586833854512113,-0.9998009164097846,-1.0842673902381903,-1.165239269224345,-1.5030435349770432,-0.2311626871577427,-1.4498812552735494,-1.2614500745740336,-1.1760698852783404,-1.1628700536300576,-1.087042316531655,-1.0212826018745214,-0.9636997202515254,-0.9381417024208122,-1.0495118867324669,-0.7644218479307874,-0.12104839454353943,-0.694262093525857,-0.09620815409270904,0.5552139103112522,-1.2803169644119485,-1.1377832996140074,-1.1154333925184945,1.3916210383437428,-0.29840851016610326,-0.1391449122967762,-0.15884287208099884,1
-2.1109691851427472,1.693097602066137,1.4040532005949737,1.277411358636741,3.356105209178068,0.9548656070768747,-0.7165154318439364,-0.07324725252520443,-0.03871145451993881,2.2841467016291657,5.1981203344563855,3.225080731415415,-0.18641611703266947,-0.9848799848839961,1.8133239230207205,-0.666388299351566,-0.23324638006236934,-0.6369026197315466,1.4506381351251314,-0.17034017931711837,-0.29907687085857454,-0.34349593877446305,-0.3435442088268301,-0.6199395839188109,1.3129795956055428,-0.8613202759255375,-0.6947051342464123,-0.7963039552994275,-0.7511204649299769,-0.77768481413914,-0.7831523053899208,-0.7540332255766563,-0.778371520495317,-0.7802225273597637,-0.7707980173904497,-0.9891224892888588,-1.224156429879451,-1.01142392090844,1.4040532005949729,-0.2162595081519937,-0.47064195638498707,-0.35989181933362524,1.4582534825430091,0.43850797197979,1.1535450442097999,2.283898769078712,1
-1.597354386607909,1.7426143085573351,0.05733701889483576,2.5622555949834322,-0.3666260422614546,0.9656840825990756,0.5048425363447983,0.6694072827487277,1.6964483041455203,0.59691587412797,0.3484680205458617,0.45846618840381104,1.1241096182210695,-0.842095607549806,-0.49091401836846976,0.05810898320571344,3.3033991278540453,0.38448233727432896,-0.535208067725451,1.815323256177108,2.023389226573653,2.0706516600196756,2.263422640633505,1.9359221157047508,2.2394649652635144,1.2127686152968562,0.6054744347404835,0.4202622273170033,0.3697534154202426,0.22047650217420842,0.02929223555754006,-0.06512902878780041,0.047107752786408934,2.5114438772077503,-0.5263781881033938,-0.5339285400501759,-0.4883569034758043,-0.9668935763002482,0.05733701889483448,0.8689769411998346,2.940036000609435,2.0164966299460163,-0.4990890194104104,-1.2562738246677767,-0.607430543345872,0.5972438263731974,0
-1.8360036869372278,2.6339150253988985,1.5183200281331677,1.9232325356364004,1.7236776015949622,2.058350110341388,-0.213603327295634,-0.633281820108825,0.15408407422066794,1.7023429680080637,-0.751162445980362,-0.13301692079177638,0.06649235819173584,-0.37649437711222955,0.4493650971891614,0.5276156020696487,0.5823162693924935,-0.5827066832373573,1.3457953231733926,1.3234339856823378,1.243146863604999,1.8197928019542702,1.9805297437805474,1.6789341934391278,2.1708364193629235,2.1780086214275953,0.8055020607384673,0.45149838605985754,0.575628209770283,0.3799889643453489,0.18337654504757572,0.01674074532333902,0.07373611644065803,0.07516720241235253,-0.6347730689176534,-0.25924261524880116,0.674681057613831,-0.8754891847360651,1.5183200281331668,-0.10509150690523393,0.865489336011804,1.5228188974672667,-0.33303838212957937,-0.4310923999741577,1.0883770397983492,1.702293616421638,1
0.7035361502628,-0.7332210160025632,-0.5384828675543164,-0.6766697932908828,-0.5457949260205761,-0.2568036514096498,-0.045965959112866356,-0.036723258987141905,0.15408407422066794,-0.6248719664763439,-0.737064619486436,-0.26657762286818537,-0.5312913105204955,0.3643289139840031,-0.5156357720866668,0.12286851684211836,-0.6562718664618543,-0.16998378224314625,-0.7387264673964735,-0.5596267798927342,-0.5680114725626637,-0.5840253144489403,-0.595971716787931,-0.40734048458997707,-0.6257768260861379,-0.33396963842971883,-0.11684754803001414,-0.0433481287611501,-0.08774612757984697,0.022294352204003554,0.07131522905482256,0.10260416695209511,0.15362120740340576,-0.6915154442722848,0.47255502724370424,0.8733259931595552,0.16436848285001138,0.7123691558981416,-0.5384828675543167,0.022960581904681494,-0.581044811060356,-0.5051825822805198,-0.5109575639565599,-0.14799956560826638,-0.30086011779011007,-0.624126994206658,1
1.0641041148907922,-0.33708736407297946,-1.501588985376233,-0.5784747605307008,-0.5856102335226031,-0.8410013296085098,-0.47703347729712603,0.29199268285541863,-1.0026890982229715,-0.6248719664763439,-0.39871678363221336,-0.3047378234614412,0.29548948666765285,-0.48409999481335836,-0.6520316546698227,1.2723502388883048,0.4984733801961992,-0.06576082744662834,-0.4056963588438913,1.115210920258171,1.442357679682102,1.509908330226416,1.7106934421669564,2.0293722692558864,-0.41989118838436645,1.9425842296883906,1.7945275448396105,1.858769537843188,1.5745022119871455,1.2863097721359193,1.1078824019877898,1.021143096003903,0.792701935105387,0.5567199391729514,-0.2925853079157752,-0.2710700623207955,-0.3400102247653916,-0.556745665435324,-1.5015889853762325,-2.6437838430692215,1.1232671641375493,1.6451651181250442,-0.5708832277949178,-0.06892719483132963,-0.6191732445974145,-0.624126994206658,0
-0.39891985669329055,-0.13902053810818757,0.587861575322163,-0.36773311329923314,0.07134234026084223,0.3382125023114113,-0.18965513184095292,0.024150063576294914,-0.6170980407417584,0.07329251386897835,-0.15905373323547228,-2.3081483546077926,-0.5772746696522055,-0.032984135989395445,0.08280116274692984,-0.03093537554434322,-0.35519967343879744,-0.5952134378129394,0.1771063311231274,0.2943895609049346,0.3134963885785177,0.3146396535618363,0.24400257694469787,0.1650417059107292,0.18060858824580012,-0.020855197416576526,-0.07239696447490655,-0.04499213711603713,-0.08012113519651214,-0.06712930083133278,-0.11078440943340144,-0.2528304621157785,-0.2458042474103326,-0.6249851319566758,-0.5476320863022682,0.6553457921156789,0.4729295745676699,0.009258451558271522,0.5878615753221641,-0.26617613408643936,-0.19694557712000252,0.29787639783858494,-0.310874911424522,0.0866966990081957,0.29058436085492284,0.0737991889818308,0
0.06281465916126062,-0.8817711354761572,0.2287372602021267,-0.6940427606253768,-0.4064413497634816,-0.364988406631661,-1.6265468591218173,0.9250752375151633,-0.4243025120011519,-0.6248719664763439,1.8992289348777156,-0.5527791273176719,-0.6738397238287972,-0.08562811511087062,-0.3141108555700539,-0.05360121231708501,-0.6123686808463401,-0.22584728601407986,-0.4629898719634004,-0.6048926636805966,-0.5467623188477726,-0.49902843077501485,-0.45496048820276425,-0.2830517803669666,0.00560579619929444,-0.12114598829747777,0.03872949441286218,0.007944931911326341,-0.0038712113631639575,-0.03522680839710477,-0.09957827783412626,-0.08949027864526121,0.03911924369013387,-0.5977393850083788,0.007094656688354066,0.08475055997141423,-0.09434812482094825,0.34347040635448983,0.22873726020212645,-2.6437838430692215,-1.8170432817748357,-1.6276888027861742,-0.33365673133433926,1.2798178775266502,0.777670145123593,-0.624126994206658,0
0.7657924894791464,-0.9808045484585531,-0.35892070999429754,-0.9274448000322711,-0.705056156028684,-0.6570872457310909,0.9239359568017171,-0.5237098394946376,0.5396751317018809,-0.7412327132005644,-0.4269124366200653,0.191344784250966,0.5493176290746926,1.6928444248325543,-0.75509579344672,1.3735370101951874,-0.8765500026230275,0.45535394653596123,-0.909866939847106,-1.0545337759733622,-1.0909398647650592,-1.039998179991354,-1.0398959549264188,-0.45873806904310166,-0.9963709739493264,0.3746577807052873,0.8944032278486825,1.3326868642793261,1.330502455720431,1.5279953208800716,1.7382273044470267,1.839840837115297,1.964349935892353,-0.4887563972151908,4.5745573796264685,0.985521684873315,-0.7316454565608811,2.3412422876188406,-0.35892070999429676,0.6504351991695343,-0.4968305405172837,-0.7271969340561204,-0.5858182535411146,-0.15474391907808116,-0.5966148918717283,-0.7404480247380727,1
1.0952322844989653,-0.4856374835465734,-1.4526174878598639,-0.48330111339390897,-0.744871463530711,-0.7111796233420965,-0.09386235002222854,-0.3776138653423896,-0.4243025120011519,-0.5085112197521235,-0.6242820075350285,-0.3619781243513385,-0.8301831448766116,-0.4220198307550148,-0.6588514487989805,0.09858369172846648,0.25456679344334304,0.25941479151850744,-0.8589873399293504,-0.837257533791623,-0.8485667052045839,-0.806847006024683,-0.787468446965318,-0.727407260502617,-0.8316624637879093,-0.585873737590668,-0.42800163291576704,-0.09431238776264932,0.28587849920355957,0.4186586521444133,0.5055528285267412,0.5798450453072733,0.7261310259697639,1.1903419612263708,-0.3648485617919482,-0.5233500891171642,0.8764325406599921,0.6010432943776624,-1.4526174878598646,0.07478754649552598,-0.007463468398090287,-0.7264863933916834,-0.5493607195854672,-0.12212355392409206,-0.5658934390505987,-0.5078059636752432,0
0.4259766379232684,-0.8322544289849592,-0.12222513866518168,-0.6600521723622368,-0.09588195124767104,-0.3000775534984542,-0.033991861385526075,-0.15846990411401554,-0.23150698326054528,-0.5085112197521235,0.1229027966430467,-0.6290995285041836,-0.18641611703266947,-0.007324334845280172,-0.06518836985579433,0.02208649262046307,-0.5297453245838102,-0.28087700614664135,0.08040425515822944,-0.5028935388786135,-0.6371376257414184,-0.6023232546842993,-0.5733402850396945,-0.4236942614614257,-0.2037112687975065,-0.3655165069227723,-0.13462778145205692,-0.0805027175815977,-0.08164613367317893,-0.08984774241328294,-0.10237981073394495,-0.03517667240567617,0.12166717101830682,-0.536278048869197,0.03599995823882331,0.10718969831416629,0.13268163227746688,0.14988059242624546,-0.12222513866518099,-2.6437838430692215,-1.8170432817748357,-1.6276888027861742,-0.12283446952650821,0.19958104714120373,-0.06577501913159887,-0.5078059636752432,0
0.14322909731570546,-0.28757065758178146,0.8653667279149185,0.23578866497296314,-0.12773419724929266,-0.3325329800650576,0.10969731134256047,-0.5967578265707626,-0.6170980407417584,2.0514252081807247,0.799598468351492,1.469711504125294,2.181726878250403,1.121706915495794,-0.5352426802079955,-0.8993202469000098,-0.696668894892796,-0.9545741859513331,1.06342836810869,-0.725601687114896,-0.6991585931467565,-0.7596265150947242,-0.787468446965318,-0.9493513751865641,-0.5056768707601046,-1.1061616433343104,-1.0725350944648264,-1.0478372335971489,-1.05612016026337,-1.0435389177577075,-1.0212826018745214,-1.0056330191864995,-1.0180267933835598,-0.9798134643065908,-0.3818516803510477,-0.43455521310370276,-0.9630662753491247,0.056132498514262906,0.8653667279149175,1.2163912594733883,-1.004837722518877,-0.8336596102776248,-0.10777262309601113,0.971468136086785,0.4950162533986477,2.0512567080158823,2
0.05503261675921734,-0.13902053810818757,0.2287372602021267,-0.28237896943845936,-0.10782654349827926,-0.278440602454052,-0.273473815932337,0.04849939260167029,-0.03871145451993881,0.4223747540416395,-0.03217329479013883,0.9927089967095012,0.020508999060025852,0.3229421379451074,-0.3485508159223008,-0.4377061961980113,-0.35519967343879744,-0.2158418823536142,-0.4211144194250294,0.010723355834330867,0.09104431062575243,0.13756281257449127,0.1526064102691268,0.02019396790646902,-0.2826340965831856,-0.2586338330731732,-0.4168889870269901,-0.43297810886938537,-0.522370693429932,-0.49249586662104056,-0.5590296734044145,-0.5084239032432382,-0.4987737021257001,-0.13709617497554294,0.16224811354013766,0.2578524843297868,0.40172316878667164,0.25534719807722606,0.22873726020212645,0.1635904380599131,-0.3222399796353049,0.0403054069801081,-0.35462242090261736,0.4824580372130618,0.16954203460525835,0.42276228057607523,2
-1.312012831866334,0.9008302982069696,1.7386917669568263,0.48882971093189403,1.6241393328398948,1.8095251733307625,0.15759370225192265,-0.5237098394946376,-0.03871145451993881,0.5387355007658597,-0.8498472314378437,-0.5527791273176719,-0.18733578421530397,-0.9145224656178734,2.3418579680304497,-0.6704357702038413,-0.6753270685519212,-0.645240456115268,1.1484441477348253,-0.43288230528671984,-0.5812921936344705,-0.6194406826464094,-0.6220849072666658,-1.0474740364152566,0.6953226825002288,-0.9484273008690433,-0.9947465732433883,-1.0856494257595517,-1.0942451221800442,-0.9952018080088771,-0.9932672728763331,-0.9497219539398676,-0.9514558842479368,-1.1382189698199456,-0.834559711987073,-0.3480042509245166,-1.4098864716248878,-1.0899379495597257,1.7386917669568267,-2.6437838430692215,-0.8578222002232577,-0.6646101438636124,1.8936520865555484,-0.3978245120769864,0.8339361316312305,0.5390833111074899,1
0.1977033941300048,0.10856299434780224,0.41646133401487206,-0.46970487808865297,-0.20736481225334671,-0.4623546863314709,0.9239359568017171,-0.7550284652356988,-0.6170980407417584,0.18965326059319867,-0.4551080896079172,-0.09485672019849344,0.06649235819173584,-0.955909241656769,1.5234826725315143,-0.771622541510724,-0.21038013755428908,-0.9929282333164519,1.691159880190885,-0.4057227750140025,-0.5480903909549534,-0.526475341128053,-0.6177327088535433,-0.9797226750906833,0.40365136242271915,-0.7765674948994237,-0.8391695308005118,-0.8160320555580723,-0.8502453659133296,-0.7486825482898419,-0.8111676343881091,-0.8279157046525626,-0.84494242963094,-0.08640641321126935,-0.7346663904523633,0.1520679749996702,-0.9571324082007081,-0.5532301119136246,0.4164613340148722,0.14343892484395993,-0.602817281005638,-0.6022898064202679,1.8261608736497388,0.2500427360819791,-0.18002267825482104,0.19012021951324545,1
-1.9293881957617436,1.841647721539731,1.5836153581549928,1.0802659467105296,0.7681102215463146,0.35984945335581353,0.20549009316128486,1.7407777598652194,-0.03871145451993881,2.167785954904945,1.0956528247239368,-0.3047378234614412,-0.12663775016144674,-0.5917056125144871,0.6965826343711315,-0.696541957201017,0.6128045927366005,-0.4814019711751419,2.3387184245986834,0.10306575876156983,0.190649718664304,0.11247692676795071,0.22006548567252432,-0.2811827772959439,1.707593734533938,-0.39047149244712803,-0.5391280918035358,-0.6664272952633491,-0.7892454268466511,-0.7897690915763478,-0.8251752988872033,-0.8578680610346868,-0.8981991569394385,0.5060301774086778,-0.6921585940546143,0.11872982660472443,-0.6378903556159002,-1.1239216336028193,1.583615358154993,-0.21993274212351727,0.2623302983295324,0.07287185410014475,0.6773006235209038,-0.33134834041151573,-0.2045169559916729,2.167577738547297,0
0.4571048075314379,-0.7332210160025632,-0.27730154746701674,-0.5762087213131581,-0.505979618518549,-0.5056285884202755,0.40904975452607384,-0.4384871879058264,0.5396751317018809,-0.5085112197521235,0.3625658470397876,0.057784082174557015,0.618292667772258,1.696983102436444,-0.6196376325563231,1.515198490024823,-0.6898090221403721,0.05513780011733238,-0.630800043328507,-0.4479709332160073,-0.3737809268874882,-0.2977510881860657,-0.1868650659544226,0.7677951963155545,-0.6772482355115808,1.0244291019054923,1.2944584798446503,1.3984471984748092,1.322877463337096,1.2863097721359193,1.500097007962426,1.480412560529807,1.6980662993498605,-0.5236056084281286,2.0028356975626624,1.251585753794517,-0.06705233593823226,1.9545314002319123,-0.277301547467017,0.6676135741226784,-0.16254096659325967,-0.03363523091288672,-0.5689514578369699,0.09458622052654414,-0.30071507466126085,-0.5078059636752432,1
-2.025366718720275,-0.23805395109058358,4.1382951452588905,-0.29975193677295314,-0.3069030810084141,0.5329450617110312,7.629430684112418,-5.649243599336037,-0.23150698326054528,1.7023429680080637,0.9687723862786032,-0.4192184252412358,2.3518653070377304,-1.5207145742595785,-0.33883260928825093,-0.5433451854423967,0.0697313331696942,-0.49099048301642156,-0.9049948327034664,0.5161923914654599,-0.3050531953408876,0.7691368787626889,0.6165507611079777,0.6369649813439644,0.009037223494323966,0.39820021987920773,0.02761684852408528,-0.3425576493505966,-0.5147457010465972,-0.5770858086814937,-0.615060331400791,-0.6681698039479004,-0.6851722477054447,0.5503837189524173,-0.4477387647675585,-1.1439525438538474,0.7233387682308463,-0.09972370761440832,4.13829514525889,0.4469952209571715,-0.2191801985499724,0.1369685432045823,-0.30279406248568796,-0.5871221555516908,-0.5219663229449215,1.702293616421638,2
0.3715023411089654,-0.28757065758178146,-0.27730154746701674,-0.29975193677295314,-0.5457949260205761,-0.4839916373758732,0.22943828861596594,0.462437986033042,-0.23150698326054528,-0.3921504730279032,-0.7088689664985841,-0.01853631901198177,-0.8301831448766116,-0.6082603229300454,-0.49688133823148284,-0.23330891815810842,-0.431420481799065,-0.499328319400143,-0.13433849261586145,-0.6079103892664541,-0.599553185108205,-0.5412317445436653,-0.5089277485254825,-0.5405069534003453,-0.5056768707601046,-0.5152464200689065,-0.5057901541372052,-0.2817293402197751,-0.14112107426319065,-0.04537760144435891,-0.026738422438836604,0.0347121591526135,0.033793570959284314,-0.529941828648663,-0.445613374947671,-0.5845768808809588,-0.5322675203740863,-0.6610404199124047,-0.277301547467017,-0.22774280906654804,-0.5702612764176456,-0.5431520990363816,-0.4690776497575638,-0.21306724463599605,-0.5314987418346327,-0.3914849331438284,0
0.5868055142321544,-0.8322544289849592,-0.3915683750052093,-0.9863618196883804,-0.4064413497634816,-0.9924599869193254,-0.213603327295634,-0.036723258987141905,-0.809893569482365,-0.3921504730279032,-0.0744667742719167,-2.117347351641459,-1.1520666587985828,0.13670164577007685,-0.5932109303058367,-0.300092187220651,-0.9725882211569646,-0.6785918016501539,-0.6696535559929749,-0.9006297710946303,-0.9216106710995217,-0.91309311061709,-0.9746129787295824,-0.8699187446680987,-0.6944053719867285,-0.7530250557255033,-0.46133957058209774,-0.37708182480322505,-0.39274582291324,-0.33540025993734157,-0.2788763834225313,-0.2807859947390943,-0.2857467928917063,-1.1635638507020825,-0.42010869710902166,0.97590491129785,-0.8918598695681267,2.13030907631688,-0.3915683750052087,-0.402461658841668,-1.0734928930774668,-0.9052317792891617,-0.49902677097745446,0.8213203481184111,-0.1259895256523683,-0.3914849331438284,0
0.6283097403763865,-0.5846708965289693,-0.7833403551361587,-0.503695466351793,-0.5856102335226031,-1.122281693185739,0.06180092043319829,-0.04889792349982905,-0.4243025120011519,-0.6248719664763439,-0.257738518692954,-1.659424944522308,0.6205918357288431,0.8278608056196346,-0.7202295959614007,-0.05319646523185742,-0.11129308668594125,1.32248893044299,-0.8327766369414157,-0.18542880724640579,-0.0019207368768956066,-0.1767485801780465,-0.3043744231087283,-0.4307030229777609,-0.9174481461636474,-0.585873737590668,-0.30576252813922117,-0.20610495589496994,-0.17162104379652998,0.012626930254237457,0.02929223555754006,0.12257240454017782,0.1136786619220319,0.35079278200559,0.7254764158103099,-0.18772469133343095,1.8199174172582169,1.0404874845900811,-0.7833403551361594,0.8357512960812464,0.1003718780290143,-0.11031441095006571,-0.5624468809688568,0.44965206563775306,-0.4730639504786774,-0.624126994206658,0
0.5634593870260283,-0.7827377224937612,-0.8894452664216248,-1.029416564821691,-0.2272724660043602,-0.0620710920100297,-1.0517901682094717,1.8746990695047814,-1.0026890982229715,-0.7412327132005644,-0.046271121284064784,-0.4001383249446214,-0.3473578739936548,0.24016858586731601,-0.46533979038412804,-0.3405668957434041,-0.4771529668152255,0.1426850821464075,-0.8216756333229962,-0.42382912852914734,-0.3555199354137536,-0.3405446580913407,-0.37400959771868725,-0.27884652345716554,-0.8316624637879093,-0.23979988173403685,-0.30576252813922117,-0.3721497997385638,-0.37749583814657034,-0.3716530922489645,-0.3909376994152846,-0.37263988764427525,-0.3922602475087033,-0.30817412092996616,-0.18631581692140303,0.5271221444428105,0.5560037146455009,0.19089538351273808,-0.8894452664216254,0.23772079292892936,-0.47372296628290417,-0.37506482310546074,-0.4372532042051997,-0.672611176382807,-0.5962534944264142,-0.7404480247380727,0
-3.6258734394071173,1.6435808955749396,3.3792369337551773,2.1279314116210886,3.216751632920974,3.324111746438918,1.079599227257144,-3.0316907291082438,0.3468796029612744,1.7023429680080637,4.563718142229718,-0.5909393279109277,-0.8301831448766116,-1.175673022423305,3.5182724553101696,-0.859452659005098,-0.431420481799065,-1.0725545707809916,0.04759462224156768,-1.0376345126925601,-1.0668685578224095,-1.0429494606744765,-1.025968920004427,-1.2086755512909657,0.455122771848162,-1.2144568635343445,-1.0947603862423803,-1.0379731834678267,-1.0332451831133656,-1.0121197964209678,-0.965251943878145,-0.9497219539398676,-0.9514558842479368,-1.02416700585033,-0.8940706269439215,-0.9294984931209749,-1.7451499655104201,-1.1813423411239086,3.379236933755177,-0.8490897569616098,-0.9442958780248026,-1.1321607039937862,5.5539317408557265,-0.23776370816738723,2.2779407265347222,1.702293616421638,1
-0.3055353478687748,-0.03998712512579167,-0.4976732862906753,0.10737977597887868,0.07134234026084223,0.2516646981338023,-1.1715311454828772,1.0102978891039756,-1.0026890982229715,-0.043068232855241965,2.2234789442380123,-0.09485672019849344,-0.30137451486194483,1.2582832764241496,-0.49006154410232505,-0.5105606715389668,0.03352644919856711,-0.06576082744662834,-0.7325592431640182,0.7621370267128449,0.6787162180532067,0.5654985116272421,0.4833734896664315,-0.15969757767946732,-0.5571482801855474,-0.2609880769905655,-0.36132575758310564,-0.5053144764844165,-0.522370693429932,-0.5432498318573126,-0.46097602191075526,-0.4824651943787304,-0.4721453384714509,0.7911600873327166,-0.40735635818969707,6.2234576923099905,0.5144666446065852,0.0912880337312563,-0.49767328629067464,0.15758539372865973,0.12142544566478246,0.5545592128665174,-0.4056182880637879,-0.2451510505801879,0.012364487092030757,-0.04252184154958386,0
-0.11876633021974327,-0.23805395109058358,0.8082333141458216,0.3626868611553526,-0.20736481225334671,-0.6138133436422865,0.5168166340721385,-0.7793777942610741,-0.4243025120011519,2.516868195077606,0.7573049888697141,-0.4764587261311331,3.009427342621186,0.7823353519768494,-0.635834643613073,-0.8262633980164406,-0.6425521209570062,-0.5243418285513072,1.2402022361213707,-0.6803358033270337,-0.599553185108205,-0.6209163229879706,-0.6090283120272983,-0.6433021223065947,-0.7458767814121713,-0.8471948124211851,-0.8836201143556195,-0.8604202811400233,-0.9341202821300129,-0.9637826866721374,-0.965251943878145,-0.967693367769142,-0.9913984297293107,-0.8340803992343043,0.30464923147259626,-0.6268906846130055,-0.7494470580061304,0.7240876676371397,0.8082333141458218,1.6992737521565413,-0.8660382266177037,-0.7088709060858449,-0.3649096926997302,0.9829079011806378,0.26316091067829894,2.516540830141541,2
0.7216942492009023,-0.3866040705641775,-0.5466447838070444,-0.5852728781833288,-0.3467183885104411,-0.9059121827417164,0.5407648295268196,-0.5845831620580755,-0.809893569482365,-0.6248719664763439,-0.6806733135107322,-0.648179628800825,0.2090407715000375,-0.7911898730219642,-0.6041226009124891,0.21150812850694745,0.7942101166340374,-0.022404078251276927,0.8727692245440768,0.6562148586492473,0.8463853215847684,1.008190614095605,1.1745025976702734,1.1088882567772,1.2563610452375558,1.1233073464359584,0.7288248041059069,0.5139707035455663,0.42541585981858715,0.23135235186769523,0.1301474199510179,0.02193248709624068,-0.015468901801076787,0.8035157167627582,-0.44922653764147963,-0.3162688981254816,-0.723338042553098,-0.9701747595871677,-0.5466447838070447,0.4946779169227724,0.8743215643858336,0.9450383153010207,-0.5392776848372163,0.27487486487055107,-0.4434681131559236,-0.624126994206658,0
1.1471125671792526,-0.7332210160025632,-1.5505604828926005,-0.586783570995024,-0.7647791172817244,-1.2412849239299508,0.45694614543543605,-0.4263125233931393,-0.6170980407417584,-0.27578972630368276,-0.7793580989682138,-0.9725413338435674,0.6757718666868957,-0.47127009424130056,-0.8034310843371257,-0.45551506794802266,1.8704479306810151,0.9856403405406443,-0.903175501554892,-0.8357486709986944,-0.6393953483236255,-1.1388660828759551,-1.3036391787616382,-1.584812419334287,-0.9517624191139428,-1.3698369620822197,-1.0058592191321651,-0.7552037464272509,-0.5452456705799366,-0.2604777398266545,-0.05475375143702493,0.14254064212826054,0.2734488438475274,2.650840722059502,-0.2649552402572383,-0.5664973465590843,-0.08307377723895702,-0.8778328870838648,-1.5505604828926003,1.16194910730229,1.094716472416849,-0.8737755519573073,-0.5856324133448163,-0.08620797059986704,-0.9023555266778756,-0.2751639026124136,0
0.4000364965831229,-0.5351541900377714,0.07366085140029162,-0.6895106821902915,-0.48607196476753556,-1.0032784624415265,-0.08188825229488826,0.9250752375151633,-0.6170980407417584,-0.5085112197521235,-0.39871678363221336,-0.4382985255378773,-0.27838283529609026,0.6581750238601624,-0.34002607326085355,-0.0005793441522784398,-0.5533737751754931,-0.22001080054547498,-0.328606055938201,-0.7165485103573236,-0.777182829443622,-0.7374919099713061,-0.7787640501390731,-0.7227347528250601,-0.4713625978098094,-0.5623312984167473,-0.29464988225044425,-0.18308883892655087,-0.21737099809653898,-0.09371471119318939,-0.08276908043521311,-0.021198906094018168,0.047107752786408934,-0.6028083611848061,0.5341913320204401,0.6906072952257177,0.039757272733264674,0.2073012999473349,0.07366085140029267,0.024671773156283956,-0.6139089166381403,-0.7104992284418467,-0.44788023254646064,0.4870768187573005,-0.3746831294233084,-0.5078059636752432,1
0.5375192456858827,-0.28757065758178146,-0.3262730449833844,-0.38132934860448897,-0.24718011975537363,0.38148640440021575,-0.11781054547690964,-0.3897885298550767,-0.4243025120011519,-0.27578972630368276,-0.08856460076574123,1.641432406794986,-1.2636737723905438,-0.6347478595949386,-0.014690587432208056,-0.17401393087436456,-0.6128287966008101,-0.8974337207799294,-0.4152459986911179,-0.6368141043226975,-0.7844961602611185,-0.6421561617250869,-0.6109454647904794,-0.5759467268596321,-0.4028520377281618,-0.6707799807927536,-0.5087787475849153,-0.3928173153971769,-0.31753398278113726,-0.3840284702663888,-0.24367976641722144,-0.2082340939831575,-0.2173219872751686,-0.7233461412727277,-0.4218818002206133,-0.1506039453321355,-0.5358568904569361,-0.4096024391285323,-0.3262730449833849,-0.48569276742353135,-0.7836740849602841,-0.6893299430535044,-0.3021780576696267,-0.3491073052400402,-0.006412149289647481,-0.2751639026124136,1
0.01612240474900459,0.45517993978618804,-0.3915683750052093,0.1285294753426105,-0.048103582245238724,0.42476030648902025,-0.36926659775106085,0.3041673473681058,-0.4243025120011519,0.18965326059319867,-0.0744667742719167,0.5538666898869642,-0.1404327579009595,-0.016429425573837173,0.014603221455351879,-0.21104782847059422,0.20121222759115573,-0.5118350739757251,-0.257682977264966,1.1393527249450308,1.1933441595857233,0.9491650004331563,0.8402537595424706,0.5108072740499314,0.3693370894724239,0.09450275453563384,-0.06128431858612965,-0.18637685563632508,-0.17162104379652998,-0.27981258372618667,-0.2788763834225313,-0.342687531262151,-0.31237515654595555,-0.02304421100592735,-0.483870391705645,-0.01654612169015172,1.7487110114772186,0.49557668872668154,-0.3915683750052087,0.22970613670969312,0.4146348876165762,1.0277348865901526,-0.27885184924128303,-0.5465954417870784,-0.1680628193701262,0.19012021951324545,0
0.7035361502628,-0.8322544289849592,-1.4199698228489521,-0.49312061666992707,-0.705056156028684,-0.6029948681200854,0.8760395658923549,0.2189446957792936,0.15408407422066794,-0.7412327132005644,-0.4269124366200653,-0.32381792375808266,-0.4163329126912202,-0.4716839620016896,-0.6136703126933102,-0.2575937432717603,-0.5305075326674128,-0.39510536460362505,-0.7035732892714787,-0.8191511802764782,-0.787143370247477,-0.7345406292881836,-0.5872673199616862,-0.24380271587548955,-0.8385253183779684,-0.30807295533840623,-0.12796019391879104,-0.2537811981866949,-0.3698708457632355,-0.33056654896245863,-0.2998878801711725,-0.28477964225671093,-0.2351529019486329,-0.19095404685008358,-0.4902465611653073,-0.06591222604420605,0.17623621714684456,-0.8016625607803787,-1.4199698228489517,0.35221541487704405,-0.6883666558378078,-0.709100351508736,-0.512046043032244,-1.0966242018054861,-1.2443344923894362,-0.7404480247380727,0
0.1198829701095756,-0.5846708965289693,0.5715377428167072,-0.09580840719411332,-0.2869954272574006,-0.5272655394646776,-0.35729250002372054,0.1945953667539193,-0.6170980407417584,1.236899981111182,0.40485932652156553,-0.781740330877234,1.6529182482357363,0.7988900623924077,-0.4806843271747331,-0.9070104415193327,-1.0106986253370984,-0.8036593474059753,-0.05276821830891261,-1.0545337759733622,-1.0909398647650592,-1.1639519686824957,-1.2252996073254345,-1.3722133200054532,-0.5228340072352522,-1.3251063276517707,-1.1614362615750415,-1.070853350565568,-1.0866201297967093,-1.0822086055567717,-1.0352902663736157,-1.0136203142217324,-1.044655157037809,-1.350482347207841,0.5554452302193145,0.01422755375133673,-1.545178642608784,0.20847315112123466,0.5715377428167059,1.0132357363461189,-1.3209493380451893,-1.2077296642427822,0.008928526154808603,0.9507772330427751,0.3235029118421291,1.2370094942959784,2
0.4571048075314379,-0.4856374835465734,-0.42421604001612245,0.11115650800811644,-0.46616431101652206,-0.364988406631661,0.8880136636196951,-0.08542191703789158,-0.23150698326054528,-0.5085112197521235,-0.5114993955836209,2.0993548139141374,0.5493176290746926,0.7823353519768494,-0.44147051093207573,0.22203155272286315,-0.4085542392909847,0.3886512554661897,-0.7140575704666526,-0.24880104454941307,-0.2608947977771296,-0.28447032511201487,-0.28261343104311615,-0.25314773123060313,-0.5914625531358427,-0.21154895472533247,0.18319389096696184,0.1983210994072491,0.16387862107020224,0.31956757715931083,0.4074991770330821,0.46802291481401004,0.44653320760014714,-0.26065246927595964,0.8104920086058076,1.2163242506844782,1.4460837869079768,0.6654951089421505,-0.42421604001612284,0.6710886100926619,-0.22518816785091086,-0.17344890957141126,-0.49843879667147245,-0.5892481660503099,-0.7517343509652065,-0.5078059636752432,0
1.032975945282619,-0.931287841967355,-0.48951137003794737,-0.7469170090347056,-0.505979618518549,-1.068189315574733,-0.9559973863907474,0.20677003126660645,0.15408407422066794,-0.7412327132005644,-0.2154450392111761,0.07686418247117137,-0.6922330674814808,-0.1530057865021929,-0.7321642356874267,-0.1422408239819141,-0.7744141194202689,0.021786454582446765,-0.7902227897374746,-0.9700374595693526,-0.9846940961906044,-0.9868751276951506,-0.9833173755558274,-0.734416022018952,-0.9860766920642378,-0.5340803714080428,-0.30576252813922117,-0.1978849141205346,-0.14112107426319065,-0.07196301180621573,-0.09677674493430728,-0.03317984864686793,-0.046091520003463414,-0.7517095363673598,-0.25007751151802626,-0.15246318822339233,0.016021804139598736,0.6127618061166599,-0.48951137003794665,-0.0911820187608857,-0.8331741210399196,-0.9145576255098997,-0.5636186814180253,1.439107699433731,0.23829316989856678,-0.7404480247380727,0
1.336475598962296,-0.9808045484585531,-1.256731497794389,-0.8571975842884486,-0.5657025797715896,-1.0790077910969342,0.6006353181635221,-1.351587026357382,-0.23150698326054528,-0.8575934599247846,-0.7229667929925101,-0.4764587261311331,-0.6002663492180609,-0.053677524008843285,-0.6247524781531916,0.2523875841149279,-0.7439257960761619,0.5762525740999219,-0.6708870008394661,-0.8100980035189057,-0.8983694092238597,-0.6297701650373377,-0.41317938343678906,0.4103483589824606,-0.934605282638795,0.5888939771879637,0.8055020607384673,0.7803000570372712,0.6518781336036313,0.5709205478532291,0.4215068415321762,0.29629607155649806,0.286763025674652,-0.24164380861435716,-0.060917817548043963,-0.30633156543083434,0.1940378185920939,-0.10792666583170683,-1.2567314977943886,0.17585879466954318,-0.6175034281857105,-0.5545503555283946,-0.5460772736682427,0.33807503757669033,-0.5115359782398993,-0.8567690552694875,1
-1.6466406551541843,2.3863314929429085,1.093900382991305,2.8137859481306675,0.668571952791247,2.004257732730382,-0.29742201138701807,-1.0106964200021342,0.3468796029612744,2.0514252081807247,-1.3432711587252515,0.15318458365771015,0.38837587211370733,-0.918661143221763,0.6624836637253425,-0.23128518273197074,2.4573481550550755,-0.0824365002140713,3.032531150749896,0.7953320081572776,0.8779270341303099,1.0672162277580532,1.1100900611560613,0.907970426642258,3.6635072927007664,0.6006651967749241,0.03872949441286218,-0.17980082221677682,-0.12587108949652115,-0.3112317050629264,-0.3629223704170963,-0.4465223667201815,-0.40557442933582794,1.7827785518463177,-0.6007668317994543,-0.2729934170358886,-0.5358278406631364,-1.1286090382984182,1.0939003829913054,0.16130842720469613,1.8847901105727694,0.8928801896521782,-0.020759086079495066,-0.42564100940738786,1.162710837877609,2.0512567080158823,0
0.12247698424359127,-0.7827377224937612,-1.0771693402343703,-0.07768009345377189,0.668571952791247,0.06775061425638351,-2.7042156545824656,2.507781624164526,0.3468796029612744,-0.7412327132005644,1.0956528247239368,-0.5527791273176719,0.020508999060025852,1.06376542904134,-0.5744564964506529,-0.15438323653874003,-0.32471135009469043,0.2927661370533933,-0.8090328236464631,-0.45400638438772223,-0.3571800255477296,-0.32136133365104513,-0.3174310183480956,-0.14100754696924017,-0.9174481461636474,0.03564665660083266,-0.05017167269735275,-0.10417643789197166,-0.10299611234651664,-0.08404728924342329,-0.13879973843158977,-0.1350178603460901,-0.16591915644758487,-0.08640641321126935,-0.1225541223247798,20.33767570990098,0.6331439875749153,0.3139397567722152,-1.077169340234371,0.5391589037628075,-0.3058079268464131,-0.32332858097612843,-0.5071797944719764,-0.034349530813195854,0.1312857979785365,-0.7404480247380727,0
0.7398523481390008,-1.0303212549497511,-0.138548971170639,-0.9221573751913382,-0.7249638097796975,-0.6246318191644876,1.043676934075122,-0.6089324910834497,0.15408407422066794,-0.7412327132005644,-0.5114993955836209,0.4393860881071967,0.664276026903968,1.6390416159819898,-0.767200928025975,2.567540911616402,-0.8445372631117152,-0.14913919128384268,-0.9213379769194727,-1.1945562431571497,-1.2220869853491523,-1.122634039118782,-1.0137827644476844,0.23512932107408113,-0.9929395466542968,1.6365325204274246,2.3501598392784544,2.878054717873171,2.7106260771040347,2.7605916194752482,2.7607868128809,2.57866562787436,2.6700015727299573,-0.23847569850409012,1.8965662065682904,0.8861483579268422,-0.9452646739038751,1.7435981889299514,-0.1385489711706392,0.6527294518106324,-0.2873218674589093,-0.590921155789273,-0.5898248145941879,-0.0946978894342078,-0.5378721793144227,-0.7404480247380727,1
0.9473734788601466,-0.4856374835465734,-0.9057690989270807,-0.48330111339390897,-0.505979618518549,-1.0249154134859286,-0.32137020684169865,-0.1462952396013284,-0.6170980407417584,-0.5085112197521235,-0.48330374259576897,-0.3047378234614412,-0.8301831448766116,0.7823353519768494,-0.709999904767664,-0.04307778810116916,-0.5991062601916536,-0.17415270043500705,-0.8497365035806675,-0.2970846539231329,-0.06832434223592998,-0.02475762499724175,0.022040457875453903,0.2538193517843083,-0.8831338732133522,0.3652408050357194,0.46101003818638403,0.29696160070047317,0.26300352205355526,0.15038769303840427,0.0012769065593517274,-0.19691939686914664,-0.2591184292374572,-0.593304030854005,-0.18631581692140303,0.11039528950598805,0.43139250452875416,0.020976963297269315,-0.9057690989270801,-0.07487907889546674,-0.43058882771206247,-0.0303045715483371,-0.5595067825425675,0.6597726436605477,-0.25455436044603524,-0.5078059636752432,0
0.44932276512939456,-1.0303212549497511,0.016527437631196087,-1.1215688263350927,-0.3268107347594277,-0.12698194514323644,-0.2375515227503151,0.5598353021345412,-0.4243025120011519,-0.7412327132005644,0.47534845899119527,0.4393860881071967,1.6483199123225654,4.271323345607833,-0.5359246596209112,2.168460285582057,-0.3055799271962633,0.7905349691615629,-0.8767181095976592,-0.5203963472765869,-0.4337101807240166,-0.1959319046183421,-0.005813611968529671,1.466335094110294,-1.071862374439976,2.1991968166841236,1.838978128394718,2.136606949819103,2.4971262903706597,2.5334072036557447,2.6487254968881464,2.5946402179448262,2.869714300136826,1.3645880172910607,-0.3818516803510477,0.955389127670191,1.1185343203153855,5.938825391491177,0.01652743763119684,-2.6437838430692215,-0.5462293992138907,0.15547220634096742,-0.5655327836948719,-0.06058684921524827,-0.16829771877905433,-0.7404480247380727,0
0.9447794647261346,-0.7827377224937612,-1.1343027540034671,-1.0203524079515203,-0.5657025797715896,-0.6354502946866888,0.8281431749829927,-0.913299103900635,0.15408407422066794,-0.7412327132005644,-0.06036894777799074,-0.5909393279109277,0.11017654936686076,-0.2010972202593897,-0.7119605955797969,-0.5674276370134348,-0.5409497834127696,0.03262564188128454,-0.8843346315247412,-0.7886721518593175,-0.8435864348026564,-0.9470328384729979,-1.0977801938209473,-1.3138069740359934,-0.9174481461636474,-1.2285823270386969,-1.0947603862423803,-0.8554882560753619,-0.7511204649299769,-0.6181723519679997,-0.5310143444062261,-0.4884556656551553,-0.44551697481720165,-0.14343239519607728,-0.4753688324260952,-0.2499131604547722,-0.36493246678874103,-0.643462652303908,-1.134302754003468,0.6182193824197512,-0.7387925178337205,-0.9434233400026601,-0.5257786092857906,-0.40933113185546066,-0.746872646154408,-0.7404480247380727,0
-0.9955431075165859,1.3464806566277514,0.40013750150941624,1.6588612935897566,0.27041887777097723,1.1279612154320926,-0.6686190409345742,-0.00019926544907938006,-0.03871145451993881,1.3532607278354025,-0.9485320168953252,-1.4495438412593602,0.25042579471857657,-0.8524423015595298,0.23624653065298026,-0.2555700078456226,1.809471283992801,-0.21167296416175344,2.6532468604539,0.8345624407734248,0.8281243301110341,0.9786778072643809,1.1057378627429388,0.907970426642258,2.6340791041919096,0.5771227576010033,0.17208124507818495,-0.013755978373182912,-0.14874606664652548,-0.22905861848991474,-0.3208993769198138,-0.3886144777147414,-0.3256893383730802,1.719416349640976,-0.5667605946812553,-0.23388520449566352,-0.12520423399271427,-0.5944792732348969,0.4001375015094162,0.2543300886061286,1.4108280879431616,0.8834063141263497,-0.17386291120858688,-0.3275743073797398,0.5686955240597467,1.3533305248273935,0
-0.34703957401300317,-0.03998712512579167,0.3430040877403192,-0.041423465973089324,-0.4263490035144951,-0.3108960290206554,1.522640843168744,0.48678731505841627,-0.23150698326054528,-0.6248719664763439,-0.22954286570510207,-0.22841742227492953,0.06649235819173584,0.15739503378952469,-0.43379824253677324,0.35559809084794836,4.088473453964801,2.089569877745362,-0.11583681991849577,3.6863131194087497,3.1854523203567546,2.129677273682124,1.8804291802787314,1.5387589631124243,0.06050863291976687,0.90671690603589,0.7721641230721369,0.5764430210312748,0.5146282707036046,0.3123170106969862,0.29543786104032904,0.18247711730442612,0.22019211653902887,4.0638178312386275,-0.08429710556680571,-0.43776080429552455,2.9236167068636867,0.12644356894824987,0.3430040877403204,0.1617491474068926,4.113900771715916,2.9236202115441494,-0.5055334567405049,-0.7861568602596192,-0.9177181264364714,-0.624126994206658,0
-1.2264103654438614,1.2474472436453554,1.2979482893095078,0.70636947581599,0.788017875297328,1.2036905440875003,0.37312746134405195,-0.4871858459565761,0.15408407422066794,0.7714569942143008,-0.3000319981747317,-0.8771408323604143,-0.6002663492180609,-0.7560111133889029,2.1006077507114926,-0.4316349899195984,0.1341379162341202,-0.6202269469641037,2.338410063387061,0.4694176448846688,0.41310179661706925,0.34415246039306063,0.40938611664335006,-0.026531108869099082,1.9134793722357095,-0.03498066092092893,-0.29464988225044425,-0.46750228432201385,-0.5376206781966016,-0.5166644214954557,-0.5870450024026027,-0.5843032060779527,-0.5919729749155724,-0.14976861541661135,-0.7155378820733762,-0.6493298229557574,-1.0164710796848733,-1.0805631401685272,1.2979482893095071,-0.41765038193585846,0.05877824440713127,0.3603447645870204,0.8769180774994206,-0.33863577543832835,0.454387796292643,0.7717253721703198,1
-0.20955682491024336,0.5046966462773861,-0.38340645875248136,0.2773327172945788,0.2106959165179367,0.26248317365600343,-0.15373283865893153,0.4015646634696051,-0.6170980407417584,0.18965326059319867,0.3484680205458617,-0.20933732197828805,0.38837587211370733,-0.1157576880671868,0.12542487605416608,-0.1564069719648777,0.28505511678745005,-0.4493013010978144,0.0784307434038438,0.8285269896017097,0.99413334350862,0.7720881594458112,0.7314487992144099,0.6276199659888511,0.4894370447984573,0.24517436524872457,-0.005721089142245165,-0.04006011205137603,-0.1182460971131863,-0.10821584411783863,-0.2508610544243431,-0.23286222452769575,-0.2990609747188309,0.1987234967127692,-0.517876628823844,-0.1588743706070356,1.4520176540563934,0.3490952919892088,-0.3834064587524807,0.5576563592262251,0.4310669404054682,0.8612759330152342,-0.2577694558782142,-0.5910936596490872,-0.33698496646750536,0.19012021951324545,0
0.1977033941300048,-0.13902053810818757,-0.06509172489608614,-0.23177076024667315,-0.784686771032738,-1.0140969379637277,1.3430293772586355,0.14589670870316965,2.467630419107947,-0.6248719664763439,-0.765260272474288,-0.4001383249446214,0.27341747428443197,-0.6910338750078368,-0.4713071102471411,-0.20497662219218132,0.5518279460483865,0.6471241833615543,-0.6092147585149138,0.3728504261372293,0.39650089527731064,0.15231921599010328,-0.14769528023632078,-0.5638694917881294,-0.31694836953348077,-0.6258958841863328,-0.5391280918035358,-0.46257025925735257,-0.40037081529657487,-0.2749788727513035,-0.19483039642796643,-0.07710997134065001,-0.006148974522089551,0.9749104737282083,-0.2925853079157752,-0.7615255146695172,0.29491356011517467,-0.3223754306553672,-0.06509172489608517,0.3934079901031589,0.5486588181759777,0.21113122505521312,-0.4634718550876608,-0.2626005888409084,-0.895483623424943,-0.624126994206658,0
0.8228608004274613,-0.6837043095113653,-1.0200359264652747,-0.6517433618979136,-0.5657025797715896,-0.5272655394646776,0.02587862725117639,0.4502633215203548,-0.03871145451993881,-0.7063244891832983,-0.5114993955836209,0.1016683128568568,-0.11744107833510409,0.40571569002289876,-0.7860406093077734,-0.08355249662392221,-0.4161763201270115,0.4428471919603789,-0.3316896680544286,-0.508325444933157,-0.4003423690311019,-0.4851574115643393,-0.5045755501123601,-0.4984543843023343,-0.7973481908376141,-0.6800434942863497,-0.6502545506913047,-0.3836578582227734,-0.3546208609965658,-0.21455748556526547,0.0012769065593517274,0.09062322439924533,-0.2857467928917063,-0.24798002883489123,-0.20544432530039,-0.6365074581884705,-0.8977937367165431,-0.4032331616544523,-1.0200359264652752,-2.6437838430692215,-0.3443205505703787,-0.44382443532026683,-0.58322612915823,-0.4837429366426222,-0.7393588403264045,-0.7055517155786484,1
1.032975945282619,-0.6837043095113653,-1.4771032366180477,-0.7076389959306328,-0.6851485022776705,-0.6462687702088897,0.5168166340721385,-0.7550284652356988,-0.4243025120011519,-0.8575934599247846,-0.31412982466865763,-0.6672597290974666,0.227434115152722,2.5454120112338057,-0.754754803740262,0.9890272792290334,-0.012206035817593431,2.2188063416930444,-0.8818060695894346,-0.06471978381210632,0.12756629357322138,0.004755181833982339,0.06121024359355571,0.28886315936598383,-0.9860766920642378,0.45470207389661693,0.8388399984047983,1.036765360399654,1.4372523490871187,1.431321101382411,1.752234968946121,1.6601266988225518,1.4850393901158667,1.2758809342035822,2.640452643528896,0.8962780260929983,1.1493904294871515,1.274857719370038,-1.4771032366180474,0.8194354664742586,0.5820364254034148,0.2998747934573152,-0.5841215600649902,-0.4718134254458232,-0.7876598986559208,-0.8567690552694875,0
-0.15508252809594406,-0.3866040705641775,0.653156905343988,-0.537686054614933,-0.2670877735063871,-0.12698194514323644,0.5048425363447983,-0.10977124606326587,4.0099946490328,0.7714569942143008,0.22158758210052806,-0.5336990270210304,-0.7612081061790462,-0.11161901046329724,-0.19851534508082924,-0.7797174832152745,-0.7210595535680817,-0.3909364464117643,-0.22993046821891744,-0.7467257662158985,-0.7373406662282013,-0.7920906026090709,-0.8483992247490321,-0.9680414058967912,-0.31694836953348077,-0.9437188130342591,-0.91695805202195,-0.9311126404001673,-0.9646202516633521,-0.9202792878981898,-0.9092212858817683,-0.8558712372758785,-0.8848849751123139,-1.0368394462913983,-0.1225541223247798,-0.1460520058397488,-0.7257115894124645,-0.627056735869311,0.653156905343988,-0.3841758135158021,-0.933306942722231,-0.8446877935069103,0.06439192137601848,0.09756454658080663,-0.07672329955185538,0.7717253721703198,2
0.5504893163559537,-0.4856374835465734,-0.48951137003794737,-0.8300051136779366,-0.46616431101652206,-0.375806882153862,0.9478841522563977,-0.7793777942610741,-0.03871145451993881,-0.5085112197521235,-0.5678907015593248,-0.9725413338435674,0.11247571732344663,-0.6630564144055433,0.1862062912302849,-0.46259814193950444,-0.46289967565185547,-0.4163668473821146,0.7152891537683325,-0.4712074202271099,-0.6247865551446381,-0.6932226997244698,-0.8279438922073566,-1.0311202595438078,-0.16253414125715218,-0.9554900326212192,-0.9391833437995039,-0.7683558132663474,-0.6214955944132848,-0.5384161208824295,-0.47498368640984945,-0.44452554296137314,-0.3523177020273294,-0.5045969477665262,-0.556133645581818,-0.4560326740889083,-0.655098570346308,-0.8204121795627752,-0.48951137003794665,0.416437662209522,-0.6472351737006121,-0.6774886934065362,-0.06261995903307681,-0.3711038304916806,-0.5763499661276216,-0.5078059636752432,0
-2.5519515879251844,3.0300486773284825,1.2897863730567798,2.847776536393808,2.4403531366314475,2.9454651031618786,-0.7045413341165961,-1.1202684006163208,0.7324706604424877,1.9350644614565042,1.011065865760381,0.019623881581274066,-0.1404327579009595,-0.649647098968941,1.7110270110833536,-0.40532642937980884,0.30792135929553033,-0.6577472106908502,1.0405177236668588,0.23101732360192734,0.28029458589900047,0.4031780740555088,0.40938611664335006,0.18373173662095635,1.536022369782462,0.11804519370955423,-0.2501992986953369,-0.43626612557915945,-0.40799580767990967,-0.4828284446712745,-0.5450220089053203,-0.5843032060779527,-0.538716247607074,-0.14976861541661135,-0.7134124922534887,-0.2608121705069661,0.27117809152150835,-0.5157308743488316,1.2897863730567791,-0.16863769628792152,0.13683049515436882,0.25998089573526906,0.6320491614382582,-0.6889416485593387,1.7406077480587558,1.9349356774844673,1
0.9188393233859891,-0.4856374835465734,-1.362836409079855,-0.5512822899201888,-0.3467183885104411,-1.0357338890081298,1.6543559181694891,-0.7915524587737612,1.503652775404914,-0.7412327132005644,-0.737064619486436,0.3058253860307606,0.3653841925478519,-0.7241432958389533,-0.7802437842979892,-0.26973615582858623,0.8871995028335637,0.6262795924022507,-0.8966074077473272,0.05297151403633565,-0.6124354845478576,-0.8407867338805908,-1.0442481533395414,-1.3909033507156805,-0.9002910096884998,-1.181497448690856,-0.9725212814658345,-0.8390481725264913,-0.7206204953966376,-0.5432498318573126,-0.40494536391437874,-0.2947637610507523,-0.19254752010183412,1.8778218551543309,-0.537005137202831,-0.9512965132253625,-1.0224049468332899,-0.8122092213454768,-1.3628364090798546,0.8727144887739156,0.17020810238180595,-1.0009327250305444,-0.5782869461337492,-0.8230807338532495,-1.274670143556587,-0.7404480247380727,0
-1.003325149918629,1.3464806566277514,0.6694807378494438,1.0938621820157854,1.524601064084827,1.4308785300537235,-0.35729250002372054,-0.3897885298550767,1.6964483041455203,0.3060140073174192,-0.257738518692954,0.5538666898869642,-0.3881180189305036,-0.37525277383106265,0.5763837628447254,-0.47757378409292306,0.29343940570707944,-0.6285647833478251,0.7373986526416847,-0.04691520285554725,-0.05487761215072549,-0.03361146704660908,0.07600771819817212,-0.24613896971426788,0.7811083648759669,-0.21390319864272447,-0.31687517402799803,-0.41160600025585353,-0.49949571627992767,-0.4731610227215084,-0.5310143444062261,-0.5343826121077457,-0.5520304294341986,0.09100775296368796,-0.25007751151802626,-0.10818659591635323,0.13647930725245389,-0.27081397900377685,0.6694807378494438,-2.6437838430692215,0.008660483401010043,-0.061612769575100514,0.16143881539020205,-0.4400726097445821,0.6557518897731861,0.30644125004466044,2
0.8643650265716897,-0.6837043095113653,-1.4852651528707757,-0.36773311329923314,-0.7249638097796975,-0.8085459030419065,-0.47703347729712603,0.14589670870316965,-0.809893569482365,-0.7412327132005644,-0.003977641802286915,-1.0679418353267205,0.29640915385028654,-0.06609355682051199,-0.7630238041218659,0.32928953030815894,-0.4085542392909847,-0.26586890065594276,-0.8888983774567581,0.6052152962482559,0.8281243301110341,0.7573317560301992,0.922945529391797,1.305133579234585,-0.7801910543624665,1.0244291019054923,0.9166285196262364,0.7408438565199815,0.5908781945369527,0.44524406250626986,0.23940720304395238,0.10659781446971157,0.047107752786408934,-0.19095404685008358,-0.39035323963059754,-0.0050059933995935816,0.4907311760129192,-0.44073239921924534,-1.4852651528707765,0.870599713351483,0.058264742757478574,0.8870330321010821,-0.5811546557730276,-0.012982979522889604,-0.5546477566826341,-0.7404480247380727,0
0.9240273516540204,-0.6341876030201673,-1.0118740102125467,-0.7484277018464006,-0.665240848526657,-0.6787241967754931,0.6245835136182032,-0.6211071555961368,-1.0026890982229715,-0.8575934599247846,-0.31412982466865763,-0.1902572216816737,1.0781262590893594,2.9303090283955355,-0.751515401528912,0.8493895348255353,-0.07318268250580748,2.456434678629105,-0.8611458684107096,-0.20957061193326582,-0.06002389156605069,-0.010001221581629706,0.008983862636086738,0.30288068239865434,-0.9689195555890904,0.4123256833835601,0.8166147066272444,1.1682860287906194,1.4372523490871187,1.431321101382411,1.8222732914415916,1.7200314115868003,1.5915528447328635,1.035104565823283,2.4704214579379005,4.730293315159438,1.1612581637839843,0.9350208789391004,-1.011874010212546,1.2206305882082031,0.47676858722457494,0.1792309098080855,-0.5828036634178406,-0.2843262609668112,-0.6847220838867577,-0.8567690552694875,0
0.0031523340789299872,0.306629820312594,0.07366085140029162,-0.33147648581855044,0.5292183765341527,1.0738688378210868,-0.5848003568431906,-0.98634709097676,-0.809893569482365,0.4223747540416395,0.33437019405193574,-0.1902572216816737,-0.6071638530878177,-0.9219720853048746,1.4314154517878839,-0.9610441773972082,-0.4558111404743506,-1.1250829399984366,0.5011939645386495,-0.7114183768613659,-0.7829931449125375,-0.8481649355883969,-0.7787640501390731,-1.1082166362234946,0.21492286119609538,-1.1697262291038957,-1.128098323908711,-1.1563417850196955,-1.193370023163397,-1.1450468482302516,-1.0913209243699922,-1.0635409081919394,-1.0712835206920583,-0.18144971651928218,-0.887694457484259,-0.48648579041121454,-1.5677273377727667,-1.0184550279518387,0.07366085140029267,-0.17202366659642077,-0.9051670523212533,-0.8869501601104134,5.00963194023099,-0.1103270989010828,0.8673189824412343,0.42276228057607523,2
0.7995146732213314,-0.6341876030201673,-0.2201681336979198,-0.9863618196883804,-0.6254255410246301,-0.6570872457310909,0.9718323477110793,-0.3776138653423896,0.3468796029612744,-0.6248719664763439,-0.9344341904013993,0.4203059878105552,-0.945141542705887,-0.4385745411705731,-0.5395050515387191,-0.34866183744795465,-0.7363037152401353,0.1426850821464075,-0.3933619103789809,-0.502289993761442,-0.539789940285074,-0.6371483667451437,-0.6873678834635022,-0.7297435143413953,-0.5914625531358427,-0.8519033002559693,-0.6613671965800816,-0.6319031198107207,-0.5071207086632625,-0.5722520977066108,-0.5029990154080378,-0.5423699071429788,-0.538716247607074,-0.7897268576905649,-0.31808998575442443,-0.13322964107246202,-0.0967216716803148,-0.11964517757070463,-0.22016813369791896,-0.3114199547936382,-0.7073662168749643,-0.6062865976577272,-0.4687550773839605,-0.17004161579274032,-0.6132839818646995,-0.624126994206658,0
0.6905660795927291,-0.7827377224937612,-0.6364258625870531,-0.048221583625717476,-0.784686771032738,-0.6029948681200854,-0.12978464320425045,0.011975399063607768,1.3108572466643074,-0.8575934599247846,-1.3291733322313257,-0.3619781243513385,-0.6002663492180609,-0.5958442901183767,-0.7091474305015193,-0.7817412186414122,-0.431420481799065,-0.7786458382548109,-0.4013176296388481,-1.1263556449167702,-1.1490430194542143,-1.1359148021928327,-1.1269399231888675,-1.1362516822888356,-0.9860766920642378,-1.0002206670516682,-0.8947327602443962,-0.8111000304934112,-0.8197453963799904,-0.8308556348628536,-0.8111676343881091,-0.7999601720292467,-0.8183140659766908,-0.33668711192237,-0.6879078144148395,-0.40891048356912907,-1.271627367066783,-0.7501011091287884,-0.6364258625870525,0.0044245222950264245,-0.9933866357316178,-1.183304828902754,-0.18306476195147667,0.14698573634863063,-0.3138445856391426,-0.8567690552694875,1
0.17176325278986296,-0.23805395109058358,-0.11406322241245374,-0.44931052513076897,-0.14764185100030616,0.0028397611231767853,-0.9559973863907474,1.1442191987435362,-0.4243025120011519,-0.5085112197521235,0.8700876008211215,1.0499492975993985,-0.7152247470473363,-0.2854434698266591,0.1339496187156133,-0.6461509450901894,-0.4847750476512523,-0.6410715379234073,0.03526017377665723,-0.15525155138783092,-0.1065064153173747,-0.039514028412854056,-0.09546889927885183,-0.3302441079102901,0.26639427062153825,-0.5929364693428439,-0.7058177801351893,-0.7963039552994275,-0.8121204039966555,-0.8066870799884384,-0.7691446408908266,-0.7420522830238067,-0.6718580658783201,-0.7802225273597637,-0.6028922216193418,0.03346110090226704,1.5825627313215562,-0.061052618875715454,-0.11406322241245302,-0.1945381982043932,-0.5759097945638273,-0.20024221379289686,0.11588119525516799,-0.010922991936021635,-0.009851764190564757,-0.5078059636752432,1
0.7268822774689299,-0.7332210160025632,-0.6935592763561501,-0.7892164077621686,-0.665240848526657,-0.5921763925978842,-0.32137020684169865,0.5598353021345412,-0.4243025120011519,-0.7412327132005644,0.024218011185565,-0.01853631901198177,1.4230014525771855,1.3245021180863827,-0.5625218567246266,1.0800953734052277,0.05639269170664737,1.9645023319895405,-0.726392018931563,1.2600617483793302,1.301250018294154,1.1409982448361136,0.8228449658899809,0.907970426642258,-0.6772482355115808,0.7772334905793277,0.6943756018506986,0.9710050262041713,1.15512763090373,1.2500569398242969,1.4720816789642377,1.3705872537953516,1.2986408445361224,0.3888101033287952,1.662773326380672,0.4514701923158181,2.893947371121604,1.4975094424109967,-0.6935592763561506,1.3213086857455778,0.9830812137823132,1.340224749637421,-0.5550191969402559,-0.025809330007919722,-0.4385761669227771,-0.7404480247380727,0
-0.4144839414973771,0.45517993978618804,1.208167210529499,0.1693181812583785,0.38986480027705805,0.48967115962222696,-0.12978464320425045,-0.7550284652356988,-0.03871145451993881,1.0041784876627413,-0.17315155972939825,0.40122588751391375,-0.3703495535595102,-0.9227998208256525,0.261820758637322,-0.8545956939823677,-0.6143504218637071,-0.9495714841211004,-0.21451240763777937,-0.8795056919936279,-0.8983694092238597,-0.9248982333495797,-0.9006256057065012,-1.0544827979315918,0.11198004234520957,-1.0661394967386455,-1.039197156798496,-1.021533099918956,-1.0408701754967005,-1.0072860854460848,-0.9792596083772389,-0.9457283064222509,-0.9647700660750614,-1.0336713361811314,-0.6113937808988915,-0.46629056590273765,-1.4419293542263367,0.2916745844681194,1.2081672105294994,-0.2764641849315787,-0.9990351538777994,-0.9817629300212496,0.9084825805223375,0.6395185509723118,0.9301432491899516,1.0043674332331491,2
-0.11357830195171195,0.35614652680379205,-0.5548067000597723,0.1421257106478665,-0.0082882747432117,0.38148640440021575,-0.4291370863877638,-0.17064456862670377,-0.4243025120011519,0.18965326059319867,0.9264789067968253,-0.4001383249446214,0.020508999060025852,0.12428561295840813,-0.15248173470901408,-0.1908104742092177,0.20883430842718248,-0.528510746743168,-0.28851909842724205,1.0880513899854538,1.1767432582459645,0.9786778072643809,0.7749707833456341,0.4874447356621476,0.06050863291976687,0.10862821803998624,0.06095478619041597,0.024056213789219738,-0.1182460971131863,-0.1928057861782918,-0.09677674493430728,-0.3087415273624103,-0.2990609747188309,0.04031799119941436,-0.44136259530789607,-0.43641445599495937,2.039470501749627,0.5776062708996668,-0.5548067000597727,0.3774856213840379,0.41771589751449356,1.0122658242081346,-0.34767851116384385,-0.37236984537694523,-0.00039038888700322643,0.19012021951324545,0
0.7087241785308277,-0.7827377224937612,-0.9302548476852645,-0.7824182901095407,-0.6254255410246301,-0.7219980988642976,0.45694614543543605,-0.3167405427789517,-0.6170980407417584,-0.7412327132005644,-0.4974015690896949,-1.7739055463021025,0.3239991693293129,0.1656723889973038,-0.7797322997383024,1.596147907070329,0.3460317634756641,1.3349956850185725,-0.9205054016480912,0.07711331872319546,0.18068917786044894,0.034267988665206424,-0.021481526255770395,0.17205046742706423,-0.9860766920642378,0.38642900029224775,0.7610514771833597,1.0696455274973953,1.2542525318870827,1.3104783270103348,1.5421200014597085,1.5003807981178898,1.4983535719429915,1.0921305478080907,-0.29471069773566255,-0.421732848336416,0.30084742726359087,-0.09620815409270904,-0.9302548476852641,-2.6437838430692215,0.8850023986986137,0.3284444493398932,-0.5896150560894076,-0.2154492617805102,-0.6645667220904434,-0.7404480247380727,0
-0.8424962736097394,1.0493804176805637,1.0775765504858492,2.4315806667718047,0.2903265315219907,0.35984945335581353,0.5407648295268196,1.326839166433848,-0.03871145451993881,0.5387355007658597,-0.5678907015593248,1.4315513035320382,-0.02547436007168413,-0.4220198307550148,0.645434178402448,-0.2737836266808615,0.32316552096758383,0.07181347288477519,1.031266887318176,1.6946142327428086,1.3427522716435505,0.9048957901863204,0.6487570293650837,0.0715915523595934,1.0899368214286238,-0.26334232090795745,-0.3835510493606594,-0.34748967441525774,-0.3622458533799007,-0.4272407684601195,-0.3349070414189079,-0.31473199863883516,-0.2990609747188309,0.13536129450742748,-0.06941937682759375,-0.0050059933995935816,-1.4668515962496862,-0.31675054502064826,1.0775765504858494,-0.061579148911730885,0.5989819798419599,1.1587408215957573,0.0019900420693966044,-0.6192259034345728,-0.43598474167982204,0.5390833111074899,1
0.7216942492009023,0.20759640733019827,-1.2159219165307493,-0.14339523076250932,-0.505979618518549,-0.9383676093083198,-1.3870649045750065,0.5233113085964788,-0.809893569482365,0.07329251386897835,0.16519627612482424,-1.0297816347334647,-0.9313465349663742,-0.1897158568486934,-0.284359503681603,-0.5743083374623028,0.44420416464368867,-0.7719755691478338,0.32607563245808335,3.325996684457366,0.966077820244428,2.9206204967589326,2.376579799374688,1.2677535178141308,0.14629431529550485,0.9726357357228675,-0.07239696447490655,-0.4987384430648682,-0.6519955639466242,-0.656842039767064,-0.71311398289445,-0.7360618117473817,-0.7650573386681924,1.6528860373253667,-0.6687793060358524,1.284923902189463,1.5582338760130487,-0.24737695552578104,-1.21592191653075,-0.06071376659009886,0.3838247886374037,1.8237624747174317,-0.2504956005013534,0.9508458706359844,0.03266092386849598,0.0737991889818308,2
-1.6232945279480544,-0.03998712512579167,2.571207224735093,0.679177005205478,0.11115764776286925,0.14347994291179136,2.2889830977185377,1.107695205205475,1.6964483041455203,0.5387355007658597,-0.39871678363221336,1.6986727076848833,-0.40253790495170744,-0.8201606162491912,0.28739498662166374,-0.5245244459793166,1.5731867780759718,-0.22584728601407986,-0.39952913461143613,0.20989324450092484,0.1342066541091249,0.164124338722593,0.19438751503510215,-0.1690425930345809,-0.008119912980823667,-0.2727592965775257,-0.36132575758310564,-0.447774184063369,-0.522370693429932,-0.46591045625918376,-0.47498368640984945,-0.4525128379966063,-0.4588311566443263,1.5008167520325464,-0.666653916215965,-0.7547937731666916,-0.9909554509466822,-1.016111325604039,2.5712072247350917,-0.5327568526904376,0.9670086121481787,0.11483816209346628,0.05436440581089343,-0.5933375563653825,-0.6316118610202829,0.5390833111074899,1
0.25477170507831975,-0.3866040705641775,-0.08957747365426995,-0.5784747605307008,-0.505979618518549,-0.6462687702088897,0.37312746134405195,0.011975399063607768,-0.4243025120011519,-0.5085112197521235,-0.257738518692954,-1.392303540369463,0.31940083341614195,-0.19853124014497817,-0.3775349409712214,-0.1847392679308048,0.24694471260731626,0.6179417560185291,-0.4827866617495816,-0.17637563048883342,-0.21773245429375732,-0.054270431828466095,-0.05629911356074971,0.04355650629425287,-0.7630339178873189,-0.03498066092092893,-0.2501992986953369,-0.08773635434310088,-0.06487115042984247,-0.04779445693180059,-0.12479207393249561,-0.2089003394219964,-0.20586170192895872,0.43633175498280147,-0.2649552402572383,-0.02423954055052389,0.9357712121441571,-0.35401541235066136,-0.08957747365426909,0.42825403964050657,0.15480305289221957,-0.13296289462900066,-0.43195817148579146,0.14888128020739627,-0.3678446146856889,-0.5078059636752432,0
0.7839505884172449,-0.5351541900377714,-0.5466447838070444,-0.7416295841937727,-0.7647791172817244,-0.6354502946866888,0.49286843861745744,0.1337220441904814,-0.4243025120011519,-0.6248719664763439,-0.6242820075350285,0.5538666898869642,0.31940083341614195,0.575401471782371,-0.6929504194447695,0.11072610428529242,0.05639269170664737,0.6554620197452755,-0.8836562368591713,-0.12809202111511359,0.14748737518093175,0.004755181833982339,-0.10852549451821898,-0.07325618564466677,-0.8831338732133522,-0.31513568709058243,-0.1946360692514524,0.1983210994072491,0.49937828593693495,0.6434262124764745,0.7436831250113417,0.8354384864347332,0.8326444805867609,0.6327545818193618,0.6532131619341368,-0.5730367525904007,0.21480635361155176,0.07136656377495998,-0.5466447838070447,0.56468078145791,0.21899075909882945,0.11172954668655329,-0.5592704549805979,-0.2830245103196903,-0.6734170587370748,-0.624126994206658,0
-0.6168170439504952,0.2571131138213963,0.14711809767484593,0.0582822595987878,0.6884796065422605,0.5654004882776346,0.27733467952532814,0.7911539278756015,0.7324706604424877,0.5387355007658597,-0.10266242725976861,-0.5527791273176719,-1.6348919296815392,-0.9600479192606586,2.1202146588328215,-0.7453139809709345,-1.0465224052664244,-0.8411796111327217,2.613159902942941,-0.8221689058623356,-0.9365514823053044,-0.9883507680367117,-0.9659085819033376,-1.1642867283541762,1.1414082308540667,-1.183851692608248,-0.9791888689991006,-0.9590607824332474,-0.9554702608033503,-0.8961107330237748,-0.8321791311367503,-0.7959665245116302,-0.7690515932163297,-1.4772067516185248,-0.8154312036080861,-0.5788068167356798,-1.5030481858550269,-1.168451978211011,0.1471180976748467,-0.7992850744741381,-1.2609209952007676,-0.9868847439774008,2.2141632599830863,-0.8988973552669096,-0.49304396175178855,0.5390833111074899,1
0.1276650125116189,-0.23805395109058358,0.15528001392757385,-0.03462534832046148,-0.2670877735063871,-0.09452651857663306,-0.18965513184095292,0.24329402480466897,-0.4243025120011519,0.07329251386897835,-0.27183634518687994,0.5538666898869642,1.1471012977869248,0.16981106660119338,-0.18146585975793478,-0.004626815004553801,-0.13415932919402151,-0.0907743365977927,0.7352401241603252,0.07107786755148061,0.18068917786044894,0.32939605697744834,0.326694346794024,0.4874447356621476,0.6266941365996381,0.3040304631835258,0.23875712041084632,0.15228886547041098,0.12575365915352824,-0.08404728924342329,-0.05475375143702493,-0.08709409013469137,-0.13929079279333562,-0.41905797478931445,0.21750824885721112,0.18899638552945636,-0.4290182319916392,-0.6668996757819036,0.15528001392757468,0.8513356690835432,-0.02030100963941226,0.24051504211579233,-0.3987299414088768,0.1056947357393245,-0.005674545448970129,0.0737991889818308,0
0.4856389630055954,-0.7332210160025632,-0.6609116113452369,0.17762699172270138,-0.6055178872736166,-0.08370804305443194,-0.12978464320425045,-0.04889792349982905,-0.23150698326054528,-0.6248719664763439,0.47534845899119527,-2.9950319652865334,-1.4394626533717712,-0.7392494690931503,-0.003383985560301804,-0.5467855356668307,-0.4085542392909847,-0.6919323398641081,1.9166952703717728,-0.3055342855635339,-0.3274644121495616,-0.4954868939552677,-0.5554962715458925,-0.8255299217313093,0.09482290587006194,-0.8377778367516169,-0.7613810095790736,-0.7091715124904129,-0.7053705106299679,-0.6882611611038039,-0.6430756603989793,-0.608265091183652,-0.6186013385698217,-0.7770544172494966,-0.6921585940546143,-0.07168229018948512,-0.906694537439168,-0.8813484406055639,-0.6609116113452363,-0.5274941899585917,-0.5739584882951461,-0.4467110067695434,-0.0965187722089682,-0.3072965042805906,-0.3007539180238661,-0.624126994206658,1
0.4830449488715834,-0.28757065758178146,-0.8078261038943441,-0.12300087780462532,-0.505979618518549,-0.667905721253292,0.8161690772556519,-0.4628365169312007,-0.6170980407417584,-0.6248719664763439,-0.046271121284064784,0.09594428276781285,0.1354673968893012,-0.8193328807284134,-0.595768353104271,0.4082152119275272,1.43598932302749,0.27609046428595024,0.7198220635791872,0.5871089427331108,0.6787162180532067,0.713062545783363,1.0448070849592248,1.1415958105200974,1.1070939579037715,0.8831744668619695,0.8721779360711287,0.7737240236177231,0.7815030041203234,0.4984148832299835,0.29543786104032904,0.2583564201391407,0.12965568011458145,1.7606017810744479,-0.2798329689964505,-0.33197629496540804,-0.5180262392178868,-0.9036136129096599,-0.8078261038943444,0.5285116854613175,1.3415053652400224,0.8440453219026323,-0.5446728545377562,-0.37206552179833724,-0.7521460733924664,-0.624126994206658,0
-2.1109691851427472,1.2474472436453554,3.362913101249718,0.2984824166583103,-0.6254255410246301,-0.6787241967754931,2.2291126090818354,2.5321309531899012,0.3468796029612744,0.18965326059319867,-0.003977641802286915,-0.4001383249446214,0.34239251298199735,-0.641369743761162,-0.1627114259027508,-0.6400797388117765,2.884184681872574,0.021786454582446765,-0.4673686011684436,0.24308822594535726,0.3134963885785177,0.004755181833982339,-0.17380847071505542,-0.5568607302717942,1.3816081415061332,-0.7624420313950715,-0.728043071912743,-0.7436956879430413,-0.7358704801633073,-0.707596005003336,-0.6710909893971676,-0.6362206238069679,-0.6186013385698217,1.465967540819608,-0.5603844252215929,-0.6108627286538969,-0.76724865945138,-0.9551750645612505,3.3629131012497187,-0.3079998043339927,1.906870681507843,0.07664660137996743,-0.11144337952962291,-0.17046565330834784,-0.7172832209066619,0.19012021951324545,0
-0.6038469732804206,0.9503470046981677,0.8163952303985496,0.42084853440561404,0.788017875297328,1.192872068565299,0.6245835136182032,-1.205491052205133,0.5396751317018809,0.7714569942143008,-0.5960863545471766,0.5538666898869642,-0.7382164266131916,-0.8814130447867569,1.7025022684219064,1.4423440146838675,0.4679850568520922,-0.5952134378129394,1.1946983294782394,0.5388253333593911,0.18068917786044894,0.1228064091588792,0.1917761959872286,-0.007841078158871924,2.2737792382138093,0.6901264656358217,0.6054744347404835,0.8361963411034316,1.0331277527703726,1.1848018416633754,1.205936053481449,1.2308095906787724,1.2187557535733746,-0.270156799606761,-0.7686726275705622,-0.5595732695847495,-0.5298939735147198,-0.7336951926941913,0.8163952303985497,-0.4029445983340677,0.6903852734801721,0.4694423624391468,-0.26224779364267214,-0.4569952408188786,0.38414286831360656,0.7717253721703198,1
0.5349252315518708,-0.5846708965289693,-0.767016522630703,-0.22497264259404515,-0.6055178872736166,-0.24598517588744864,-0.14175874093159072,0.462437986033042,-0.6170980407417584,-0.5085112197521235,-0.737064619486436,-0.15209702108839074,-0.11744107833510409,-0.2440566937877634,-0.4866516470377461,-0.0661483719591384,-0.23172196389516408,-0.7536323291036466,-0.41494719519257417,0.20385779332921,0.34669819125803486,0.6097677218740782,0.700983410322553,0.8846078882544741,-0.1282198683068571,0.90671690603589,0.3165456416322844,0.047072330757638794,-0.026746188513168293,-0.13480125447969524,-0.2648687189234371,-0.30674470360360206,-0.2458042474103326,-0.26065246927595964,-0.6177699503585539,-0.5450839973977154,0.2919466265409662,-0.41143611987175077,-0.7670165226307023,0.351724673938555,-0.1319362682739482,0.4359877394885622,-0.4861594615566578,-0.4528318604269499,-0.5392508787288592,-0.5078059636752432,1
-3.5273009023145723,2.782465144872493,1.314272121814965,3.2488654778988595,6.023730811813877,3.421478026138728,-0.884152800026704,0.6572326182360406,0.7324706604424877,3.5641149155955896,0.1510984496308983,-0.20933732197828805,0.399871711896635,-0.8400262687478611,6.033071540437107,-0.20295288676604364,0.818600775309323,-0.5264262876472375,4.142631512591837,1.1686246631278483,1.1267745452132913,1.2516712704532043,1.5461803421509286,1.365876179042823,3.629193019750471,0.90671690603589,0.2609824121884001,-0.03512808698671464,-0.21737099809653898,-0.30156428311316036,-0.40494536391437874,-0.4125763628204408,-0.4854595202985755,0.5313750582908146,-0.6411492383773156,-0.21657501205982654,-0.6639993710689329,-0.9282224875615553,1.314272121814965,0.11661915698165806,0.8102365585091545,1.2107731223352713,1.973180330334532,-1.3732909503778978,0.8511733500802722,3.5634301049242745,0
-0.11357830195171195,0.306629820312594,0.09814660015847687,-0.27935758381506914,-0.3666260422614546,-0.570539441553482,1.0197287386204414,0.5841846311599156,0.7324706604424877,-0.6248719664763439,-0.4974015690896949,-0.5909393279109277,-0.32436619442780024,-0.6372310661572723,-0.3084845254134987,0.12691598769439358,1.4893438888796775,0.08432022746035751,-0.5660441888877272,1.1906540599046083,0.9277297381495857,0.713062545783363,1.0535114817854698,0.97805804180561,0.455122771848162,0.7183773926445265,0.29432034985473055,0.3134016842493438,0.2325035525202159,0.2760641783853633,0.09933055805301073,0.1684993509927683,0.19356375288477964,1.4976486419222788,-0.5051242899045194,-0.46340553383009814,-0.39341502910114007,-0.6235411823476117,0.09814660015847661,-0.008750643701810277,1.3594779229778737,1.05067942887927,-0.45456795452892773,-0.4871100327236907,-0.8143225385446602,-0.624126994206658,0
0.5089850902117252,-1.079837961440949,0.09814660015847687,-1.2174978198777322,-0.7647791172817244,-0.6895426722976943,1.0197287386204414,-0.09759658155057872,-0.809893569482365,-0.7412327132005644,-0.4410102631139913,-0.9725413338435674,2.365660314777243,2.5371346560260264,-0.7534760923410448,2.7800331313608555,-0.9649661403209379,-0.14080135490012127,-0.9354609204117952,-0.6229990171957416,-0.3322786735380917,-0.07197811592720049,0.17871960074786145,2.706885882501621,-0.9243110007537065,3.5905549718628236,3.9281555554847736,3.6507386446700933,3.4197503687541744,3.074782832842646,3.1109784253582538,3.43729984416192,3.3490248459133127,-0.403217424237979,2.2366285777502815,0.8976884862174007,-0.7909841280450461,1.3451687898040248,0.09814660015847661,1.5969727121627058,-0.03827356737726303,0.4399845307260223,-0.5889090164677956,-0.11128998336243795,-0.6002602079207309,-0.7404480247380727,0
0.5167671326137685,-0.7332210160025632,-0.26097771496155947,-0.38737211985126946,-0.5657025797715896,-0.4948101128980743,0.27733467952532814,-0.4871858459565761,0.7324706604424877,-0.5085112197521235,-0.22954286570510207,-0.056696519605237604,1.1471012977869248,2.0942961524098425,-0.6042930957657182,1.515198490024823,-0.5609958560115198,0.18020534587315387,-0.6277164312122794,-0.5475558775493043,-0.4418446223804984,-0.38776514902129944,-0.3043744231087283,0.5575323508254991,-0.6600910990364331,1.0950564194272538,1.3722470010660888,1.4970876997680331,1.37625241002044,1.431321101382411,1.5701353304578969,1.6601266988225518,1.844522299448231,-0.2194670378424874,2.0028356975626624,1.2579969361781604,-0.2272667489454781,1.5209464658889922,-0.2609777149615611,0.9888750943302959,-0.08140770594810474,-0.09950827167841686,-0.5669860918797532,0.21951812738591328,-0.19299958233320802,-0.5078059636752432,1
0.4830449488715834,-0.7332210160025632,-0.5548067000597723,-0.08901028954148547,-0.7647791172817244,-0.6462687702088897,0.27733467952532814,0.12154737967779426,1.1180617179237005,-0.8575934599247846,-1.0895102818345845,-1.392303540369463,-0.6692413879156263,-0.4675452843978001,-0.5684891765876396,-0.5959623065219757,-0.37044383511085094,-0.4743148102489786,-0.5482209108559315,-0.5747154078220217,-0.563031202160736,-0.5131945780540021,-0.482814558046748,-0.3465978847817387,-0.4370483248595141,-0.26334232090795745,-0.13907283980756793,-0.15842871360324493,-0.1182460971131863,-0.20005635264061644,-0.2508610544243431,-0.2628145809098198,-0.2591184292374572,-0.21313081762195332,-0.5263781881033938,-0.22298619444346982,-0.4883569034758043,-0.9071291664313593,-0.5548067000597727,-0.06037951839179682,-0.733554801007261,-0.5088833149077969,-0.4108612525450391,-0.12172780598154315,-0.5567037700668725,-0.8567690552694875,1
-0.00981773659114093,0.45517993978618804,-0.17119663618155073,0.23050124013203036,0.3102341852730043,1.1171427399098912,-0.12978464320425045,-0.7550284652356988,-0.03871145451993881,0.18965326059319867,-0.4410102631139913,0.8782283949297066,-1.037108260969307,-0.5917056125144871,0.5175630384807394,-0.5409167029310316,-0.431420481799065,-0.7369566563362038,0.09384880398498187,-0.1733579049029759,-0.23433335563351593,-0.15904089607931185,-0.23909144691189188,-0.526489430367675,0.42080849889786676,-0.4163681755384404,-0.6391419048025279,-0.617107044616737,-0.5757456401132759,-0.6085049300182336,-0.615060331400791,-0.6162523862188851,-0.5919729749155724,-0.5584548196410668,-0.5412559168426059,-0.443146197497785,0.17030234999842797,-0.4477635062626441,-0.1711966361815511,-0.3784096463100831,-0.5646127582714638,-0.26929788461788484,0.21234765994354735,-0.6639184159351637,0.24561868748186624,0.19012021951324545,1
0.5660534011600402,-1.0303212549497511,-0.2201681336979198,-0.9546372706427831,-0.705056156028684,-0.6029948681200854,1.0197287386204414,-0.4019631943677639,0.3468796029612744,-0.7412327132005644,-0.48330374259576897,-0.7435801302839782,0.5953009882064026,1.581100129527536,-0.7453775868126701,2.3449300147412604,-0.8773122107066302,-0.11578784574895706,-0.902157909556537,-1.1390300923773717,-1.1390824786503593,-1.0429494606744765,-0.9528519866639703,0.300544428559876,-0.9877924057117528,1.4011081286882199,2.1167942756141405,2.450612545602533,2.3903763970039718,2.349726186610189,2.508648851897205,2.239205588876953,2.443660481668839,-0.39054498379691066,2.5979448471311466,0.9310266346123458,-0.8562566666776276,2.13030907631688,-0.22016813369791896,0.635661139233417,-0.33610452417593284,-0.5829053689185912,-0.5873870401091822,-0.23696479292700587,-0.6299943785011184,-0.7404480247380727,1
0.7631984753451306,-0.931287841967355,-0.09773938990699788,-0.7756201724569126,-0.6453331947756435,-0.6029948681200854,0.9119618590743758,-0.268041884728202,1.1180617179237005,-0.6248719664763439,-0.5684148262301298,1.6407230526763552,0.09304805119617945,1.60717379843204,-0.6895656823605665,2.7706029097910814,-0.8168678782069826,0.2749748835809081,-0.8101996471559042,-0.9091634983217934,-0.8261048160119977,-0.7391505085966381,-0.5665425322462792,1.0978079599464736,-0.8949298268172952,1.6451181440973088,2.3351570714590997,2.6354988922482945,2.8127843503582146,2.2647203345296205,2.642359899968955,2.739146458575978,2.7576220172244104,-0.4276546806544692,3.433121207793264,1.0656614646688578,-0.5416910640515391,2.2854801730710084,-0.0977393899069993,0.2930104406145588,-0.042430499173896234,-0.24046405062444293,-0.5833671966689395,-0.15014818236657557,-0.5679698139024596,-0.624126994206658,1
0.22623754960416229,-1.0303212549497511,-0.8894452664216248,-0.6328597017517248,-0.6055178872736166,-0.4948101128980743,1.570537234078106,1.0224725536166626,-0.23150698326054528,-0.6248719664763439,0.1792941026187502,0.3821457872172994,0.06649235819173584,1.092736172268567,-0.7338691842197163,0.8696268890869118,-0.6608451149634703,0.38448233727432896,-0.8500448647922904,-0.6863712544987487,-0.599553185108205,-0.5736958320580118,-0.49151895487299285,-0.15969757767946732,-0.9002910096884998,0.351115341531367,0.7054882477394755,0.8888046084598178,1.071252714687047,1.1654669977638432,1.3460126984723906,1.3805713725893933,1.2853266627089976,-0.3525276624737054,-0.1310556816043296,0.34440344650897287,1.0247792193704048,0.8529912967661156,-0.8894452664216254,0.5092762036512681,-0.33610452417593284,-0.34975181193488647,-0.5799236828421979,-1.4969423513196347,-1.5179660617952386,-0.624126994206658,0
0.07319071569731957,0.05904628785660422,0.14711809767484593,-0.48707784542314675,-0.1675495047513197,-0.13780042066543755,-1.5427281750304336,1.1807431922815987,-0.6170980407417584,-0.043068232855241965,0.9123810803028993,-0.1902572216816737,-0.3703495535595102,-0.4675452843978001,-0.25818854371095995,-0.5388929675048939,-0.019828116653620186,-0.44096346471409287,0.9079224026690715,0.7500661243694152,0.8945279354700685,0.6245241252896903,0.4180905134695951,-0.04522113957932624,0.12913717882035722,-0.2798220283297019,-0.42800163291576704,-0.5398386519370449,-0.6901205258632983,-0.6689263172042716,-0.7271216473935442,-0.7160935741592991,-0.7384289750139432,-0.09274263343180368,-0.4796196120658701,0.22259098121974794,-0.007713664454067204,-0.8274432866061739,0.1471180976748467,-0.04782261319465984,0.09883137308005589,0.6266494844458731,-0.2566766446347618,0.7339514042670489,0.5285232249031168,-0.04252184154958386,0
0.6620319241185716,-0.6341876030201673,-0.5221590350488591,-0.42891617217288497,-0.784686771032738,-0.6246318191644876,0.5287907317994793,0.14589670870316965,-0.4243025120011519,-0.6248719664763439,-0.6806733135107322,0.5157064892937083,0.7792344247332433,0.28569403951010125,-0.744098875413453,1.2723502388883048,0.1554797425749952,1.3725159487453187,-0.9114087459052198,-0.39365187267057256,-0.0185216382166542,0.049024392080818734,0.1874239975741061,0.7677951963155545,-1.0375481014896808,1.003240906648964,0.9944170408476743,1.5085957582522427,2.0167517702205657,2.0693709500669724,1.9623499364325332,2.1014247495191816,2.0974917541635993,1.592691945230292,0.9401407876189415,-0.16624723034822567,1.4454904001931352,1.1260326202847655,-0.5221590350488585,0.8480520817254088,0.6174680392294637,0.27826251491401754,-0.5838848795118899,-0.3070982406669899,-0.6858935626669342,-0.624126994206658,0
0.8980872103138748,-0.6341876030201673,-0.9057690989270807,-0.5988691134885848,-0.6055178872736166,-0.7869089519975043,0.6126094158908629,-0.3167405427789517,-1.0026890982229715,-0.6248719664763439,-0.39871678363221336,0.5157064892937083,0.4573509108112727,-0.6537857765728307,-0.6869830995817564,0.47702221641620746,0.1707239042470487,0.3552999099313041,-0.5783786373526376,-0.1492161002161161,-0.055043621164123153,-0.054270431828466095,0.0699146404198007,0.24681059026797286,-0.5159711526451932,0.4805987569879293,0.37210887107616886,0.5106826868357919,0.5375032478536089,0.32681814362163547,0.19738420954666988,0.10859463822851981,-0.012806065435651862,0.42049120443146604,-0.25432829115780115,-0.7775534706286258,-0.5417617078115528,-0.9774402368653463,-0.9057690989270801,0.7713483728323584,0.2893404851012738,0.05436078949850504,-0.5662593027527172,-0.2549518614053303,-0.737383292068619,-0.624126994206658,0
1.0381639735506503,-0.4856374835465734,-0.9220929314325366,-0.9217797019884145,-0.6055178872736166,-0.5921763925978842,1.3550034749859756,-0.8402511168245109,-0.03871145451993881,-0.7412327132005644,-1.1459015878102885,0.45846618840381104,-0.3703495535595102,-0.5875669349105975,-0.7952473313821364,-0.4680622275900761,-0.7439257960761619,-0.42428779194665006,-0.712084058712267,-0.6610223595775458,-0.7534435405277672,-0.7965175236337544,-0.94501802952035,-1.1642867283541762,-0.7630339178873189,-1.0308258379777648,-0.8947327602443962,-0.8456242059460396,-0.7053705106299679,-0.6157554964805582,-0.5310143444062261,-0.47647472310230565,-0.5120878839528248,-0.42856230512011584,-0.5136258491840692,-0.1139960939215317,0.11096367851426292,-0.3364376447421646,-0.9220929314325372,0.23207114903872958,-0.87872171736413,-0.824407778709432,-0.5810888253792078,-0.6926280555109435,-0.9468881855135568,-0.7404480247380727,0
-2.863233284006905,2.336814786451711,2.057006500813223,2.73900665395176,4.3514878967287425,2.6966401661512536,-0.417162988660423,-1.1080937361036336,0.5396751317018809,4.029557902492471,2.6887072185375684,3.225080731415415,-0.32436619442780024,-1.0345441161306708,3.364827087404119,-0.5975812948628858,-0.38568799678290444,-0.7327877381443431,1.3026247535462059,-0.0858438629131088,-0.18287056148026437,-0.1723216591533627,-0.1520474786494433,-0.4283667691389826,1.7419080074842332,-0.6894604699559179,-0.5502407376923127,-0.6910874205866552,-0.6519955639466242,-0.6955117275661283,-0.7271216473935442,-0.7160935741592991,-0.7384289750139432,-0.8816020508883108,-0.7984280850489864,0.011021962559514972,-1.212288695582618,-1.048923158473233,2.0570065008132223,-0.40900885120065766,-0.5317486526936797,-0.22178047768364845,2.2165792897697707,-0.3153329519855517,1.8488845818369604,4.028714227049934,1
0.4545107933974259,-0.7827377224937612,-0.7506926901252471,-0.48254576698806145,-0.5856102335226031,-0.1594373717098398,-0.3093961091143584,0.8763765794644136,0.3468796029612744,-0.7412327132005644,0.06651149066734287,0.17226468395435163,0.32905733883380145,0.899170220734652,-0.6282476226443848,-0.011912262538649337,-0.33233343093071716,0.9468694013563397,-0.8823919558915179,-0.10757148713128267,0.05153416543712705,0.0726346375457981,0.2396503785315754,0.4500646742416933,-0.8831338732133522,0.5488718305922989,0.14985595330063115,0.15722089053507238,0.3163784687368989,0.27123046741048035,0.22539953854485822,0.14254064212826054,0.1669353892305304,0.6961167840247034,0.15374655426058786,-0.041165062043342485,1.1440499490535765,0.7885394822016275,-0.7506926901252475,-2.6437838430692215,0.09924217439977812,0.135488250153672,-0.5352905788831314,-0.576693954879798,-0.5883358853675251,-0.7404480247380727,0
1.3390696130963118,-0.8322544289849592,-1.0445216752234585,-0.9085611398860822,-0.6055178872736166,-0.3325329800650576,-0.9440232886634066,-0.2923912137535774,-0.4243025120011519,-0.7412327132005644,0.23568540859445403,1.7559130085747805,0.38837587211370733,0.14497900097785596,-0.5360951544741401,1.1104514047972924,-0.5991062601916536,1.08902951169879,-0.7590783073635757,-0.6229990171957416,-0.5032679573376052,-0.3597279825316365,-0.18251286754130042,0.7210701195399869,-0.9517624191139428,1.4717354462099814,1.4166975846211964,1.3984471984748092,1.109377676603721,1.0929613331405978,0.8417367765050009,0.755565536082402,0.6728742986612655,0.13852940461769453,0.13036726624182593,-0.12040727630517521,1.060382422260904,0.4545618976401894,-1.044521675223458,0.7737535728811679,-0.11683931977415328,-0.16848992785085998,-0.5515596720320788,0.4411831014074682,0.18926411002263333,-0.7404480247380727,0
0.5608653728920125,-0.03998712512579167,-0.6364258625870531,-0.5648785252254448,-0.2670877735063871,-0.4082623087204653,0.06180092043319829,0.14589670870316965,-0.4243025120011519,-0.3921504730279032,-0.9344341904013993,-0.819900531470517,-1.2210416974961478,-0.5710122244950393,-0.002446263867542612,-0.5085369361128291,-0.492397128487279,-0.2533621460803606,0.1586046584257617,0.39699223082408913,0.2138909805399661,-0.08083195797656782,-0.21297825643315724,-0.6246120915963675,-0.11106273183170946,-0.8307151049994409,-0.7169304260239661,-0.7256115960392836,-0.6291205867966198,-0.6737600281791547,-0.5590296734044145,-0.5423699071429788,-0.5120878839528248,-0.8023992981316334,-0.4158579174692468,-0.4537887602546331,-0.3874811619527237,-0.5426834513485266,-0.6364258625870525,-0.39280673250961073,-0.3992652270832367,0.05592249866721623,-0.1284534587363485,-0.23719960541032722,-0.48004445916971256,-0.3914849331438284,1
0.32740410083072136,-0.4856374835465734,0.26138492521303847,-0.21817452494141715,-0.3467183885104411,0.0028397611231767853,0.8760395658923549,-0.913299103900635,-0.6170980407417584,-0.27578972630368276,-0.6383798340289545,1.0881094981926542,-1.0830916201010174,-0.6744791645922784,0.09132590540837708,-0.6765069764822542,-0.9916434232470316,-0.7619701654873682,0.24186218556390726,-0.490219091418012,-0.5680114725626637,-0.6637098928932457,-0.6830156850503797,-0.9586963905416777,-0.17969127773229981,-0.8919254468516341,-0.728043071912743,-0.7305436211039448,-0.6367455791799546,-0.5577509647819616,-0.5029990154080378,-0.5184080220372794,-0.4854595202985755,-0.7517095363673598,-0.2755821893566756,-0.8128149737386646,-0.9155953381617926,-0.5063560649576333,0.26138492521303835,-0.4937372229052331,-1.0827359227712188,-0.6277508468959336,0.13335197023717213,-0.13460545071426833,-0.1575020732656612,-0.2751639026124136,1
0.9162453092519771,-0.4856374835465734,-0.6201020300815973,-0.8028126430674246,-0.48607196476753556,-0.9924599869193254,0.013904529523836109,-0.08542191703789158,-0.23150698326054528,-0.5085112197521235,-0.5537928750653988,-0.11393682049513491,-1.5199335318522638,-0.13231239848274506,-0.27523802903385447,-0.5915100885844728,-0.7058153918960282,-0.38259861002804285,-0.11275320780226816,-0.6592117242260314,-0.8485667052045839,-0.7478213923622345,-0.7613552564865834,-0.8909450292171043,-0.31694836953348077,-0.8048184219081282,-0.6502545506913047,-0.6138190279069629,-0.6291205867966198,-0.5674183867317277,-0.5310143444062261,-0.5104207270020463,-0.4854595202985755,-0.7865587475802978,-0.4222340869289091,-0.37044338926726855,-0.45868756773372177,-0.7993188584325792,-0.6201020300815987,-0.5873565092977292,-0.9086588635388927,-0.8018333096830427,-0.23269233932554173,0.48595486329832743,-0.3557579156033564,-0.5078059636752432,1
-2.4040927822863694,4.515549872064421,0.3919755852566883,3.3100485367725114,2.2611842528723263,2.0150762082525837,-0.9919196795727687,-1.3759363553827568,0.3468796029612744,3.215032675422928,1.6736637109749004,-0.7245000299873368,0.4343592312454173,-0.8358875911439716,0.5687114944494228,-0.1908104742092177,1.6494075864362394,-0.011564890952439148,1.4722234199387245,0.8375801663592821,1.0273351461881373,1.2590494721610106,1.3146433865728155,1.0247831185811775,2.7198647865676473,0.6948349534706056,0.12763066152307737,-0.017043995082956977,-0.03437118089650312,-0.20489006361549938,-0.2648687189234371,-0.29875740856836897,-0.31237515654595555,1.1491565297928983,-0.4753688324260952,0.13629005515352385,-0.19759741320339558,-0.7758818349545835,0.39197558525668824,0.3633568334435965,1.405693071446633,1.0354324104548889,-0.08110102126217009,-0.25173333082705324,1.7215437990141818,3.21446701333003,0
1.0018477756744495,-0.9808045484585531,-0.6690735275979648,-1.0203524079515203,-0.6453331947756435,-0.7111796233420965,0.253386484070647,-0.268041884728202,-0.4243025120011519,-0.6248719664763439,-0.46920591610184315,0.07686418247117137,-0.7382164266131916,-0.06609355682051199,-0.5522921655308899,-0.18069179707852945,-0.7728897032530636,0.3803134190824682,-0.8195171048416369,-0.9308070269532052,-0.9465120231091596,-0.955886680522365,-0.9615563834902152,-0.764787321923071,-0.8488196002630569,-0.28923900399927005,-0.2279740069177831,-0.15678470524835791,-0.10299611234651664,-0.0743798672936572,-0.026738422438836604,-0.04116714368210105,-0.032777338176338794,-0.7231965453749557,0.2642668248947348,0.321964308166221,0.33645063015409,0.9936134376340896,-0.6690735275979666,-0.07563100078848296,-0.7859319692718546,-0.8725173028640331,-0.4965599952845136,0.0713304215918184,-0.4504080814527259,-0.624126994206658,1
-3.3042156867893397,3.1290820903108783,3.0364364511405952,3.0857106542357875,4.052873090463541,2.9671020542062814,-1.1595570477555364,-0.7550284652356988,0.3468796029612744,4.2622793959409115,1.9556202408534193,2.2710757165838293,-0.25539115573023485,-0.9310771760334317,3.015312638284782,-0.5874626177321975,-0.4390425626350917,-0.6869296380338752,1.3920495049168067,0.013741081420188183,0.05452232767828371,0.07853719891204282,0.12649321979039216,-0.27183776194083026,2.0164221910865954,-0.4563903221341054,-0.5391280918035358,-0.6532752284242526,-0.6519955639466242,-0.6109217855056751,-0.6430756603989793,-0.644207918842201,-0.6585438840511955,-0.8942744913293791,-0.5391305270227185,-0.5467509048174627,-1.2538257656215335,-0.9282224875615553,3.0364364511405952,-0.534304140266818,-0.48604700587457345,-0.01017258605595053,1.9305016107334643,0.26394362692741447,2.995673624090662,4.261356288112764,1
-0.383355771889204,1.0988971241717618,-0.06509172489608614,1.1822377114999494,0.07134234026084223,-0.23516670036524764,0.02587862725117639,0.18242070224123108,0.15408407422066794,0.4223747540416395,-0.6524776605228803,0.15318458365771015,0.1354673968893012,-0.4758226396055792,-0.140547094982988,-0.016769227561379742,1.97715706238539,0.4261715191929361,-0.041830129129033077,1.9963867913285571,1.9403847198748598,1.952600432694779,1.6889324501013443,1.7490218086024794,0.5409084542239,0.6948349534706056,0.37210887107616886,0.10132460646891207,0.06475372008684956,-0.06712930083133278,-0.11078440943340144,-0.21489081069842128,-0.2857467928917063,2.1629517650783696,-0.483870391705645,-0.6082982557004395,2.045404368898044,-0.1958155038741906,-0.06509172489608517,0.3098155543277721,2.0070035031901536,1.8549226434391033,-0.383839140695878,-0.0299581730379228,-0.21673272911924638,0.42276228057607523,0
-1.4728417081752236,1.2474472436453554,1.3632436193313326,1.0938621820157854,2.5199837516355017,1.3118752993095115,-0.273473815932337,-0.852425781337198,0.15408407422066794,1.236899981111182,0.20748975560660213,-0.4192184252412358,-1.0600999405351623,-0.7531140390661802,1.0375723408290214,-0.7351953038402462,-0.5762400176835734,-0.6035512741966609,1.0127652146208104,-0.6803358033270337,-0.7340204859602496,-0.7920906026090709,-0.8658080184015217,-0.9820589289294617,0.40365136242271915,-0.9507815447864353,-0.91695805202195,-0.8883684231731035,-0.8654953506799993,-0.8477736232749442,-0.7971599698890149,-0.7560300493354646,-0.778371520495317,-0.9829815744168577,-0.5603844252215929,-0.4153216659527725,-1.1114129540595374,-0.6223693311737118,1.363243619331333,-0.6755873619363728,-0.8496061738288117,-0.8174504013701516,1.1303122911499306,0.15709437349089586,1.1873392401503027,1.2370094942959784,2
0.49860903367567,0.10856299434780224,-0.709883108861606,-0.22497264259404515,-0.1874571585023332,0.18675384500059583,-0.24952562047765592,-0.8037271232864485,-0.23150698326054528,0.07329251386897835,-0.3282276511625836,-0.34289802405472414,-1.0830916201010174,-0.15453709721563208,-0.07908370039395331,-0.21550004640809717,-0.30756166821363023,-0.4305411692344411,-0.4884605080434405,-0.7056846982482367,-0.7539415675679598,-0.750772673045357,-0.8201099350637363,-0.7087172297923897,-0.21400555068259508,-0.4540360782167132,-0.21686136102900622,-0.2126809893145182,-0.21737099809653898,-0.2024732081280579,-0.15280740293068393,-0.24084951956292888,-0.31237515654595555,-0.09591074354207071,-0.17781425764185327,0.1344372234446509,0.05399855388946441,1.0229097169815842,-0.7098831088616064,-0.2875683689169054,-0.5215813200305526,-0.7148660929420335,-0.31285516297623034,-0.14151682018145634,0.0868954395184927,0.0737991889818308,2
0.9629375636642331,-0.5846708965289693,-1.322026827816214,-0.9659674667304965,-0.6453331947756435,-1.0140969379637277,0.9598582499837379,-0.9741724264640718,0.3468796029612744,-0.3921504730279032,-0.6524776605228803,-2.117347351641459,-0.8853631758346635,-0.7318412361821879,-0.7623418247089501,-0.6692215289481587,-0.4245606090466409,-0.42512157558502217,-0.886863193460048,-0.7992341914098188,-0.9328992840105576,-0.8186521287571726,-0.9193400588829276,-0.9890676904457967,-0.7973481908376141,-0.9884494474647081,-0.8947327602443962,-0.7305436211039448,-0.6824955334799635,-0.6423409068424148,-0.6290679958998852,-0.6462047426010094,-0.645229702224071,-0.26382057938622694,-0.5710113743210301,-0.42942626719678806,-0.5453220281006028,-0.7219766809551935,-1.3220268278162148,-0.00037021364378750116,-0.7702188187924766,-0.9312849369851913,-0.5488392750895992,-0.26273436748222323,-0.8781596944601363,-0.3914849331438284,0
0.760604461211115,-0.6341876030201673,-1.2812172465525729,0.8151393582580376,-0.6055178872736166,-1.0249154134859286,-0.4890075750244663,-0.00019926544907938006,-0.4243025120011519,-0.6248719664763439,-1.512445076652363,-0.5336990270210304,-0.4163329126912202,0.3477742035684448,-0.6545890774682569,-0.39318401682298293,-0.4466646434711185,0.20521885502431825,-0.6792127535532805,-0.4509886588018648,-0.2210526345617091,-0.35382542116539156,-0.40447498661054426,-0.5778870148207996,-0.7458767814121713,-0.6541468111950374,-0.528015445914759,-0.5020264597746422,-0.46899574674658834,-0.36440252578663984,0.4447048502309567,-0.2228781057336544,-0.27243261106458183,-0.08957452332153637,-0.11192717322534244,0.11456255805535635,0.9179696106989078,-0.38917094756765497,-1.2812172465525726,0.3087209764610859,-0.41723778482108775,-0.35589502809616635,-0.5155668824976376,0.4552756732086034,-0.3894440895233474,-0.624126994206658,0
-3.563617100190773,2.7329484383812948,2.383483150922346,3.5615788899197467,4.232041974222661,4.1679528371706045,0.04982682270585748,-2.5934028066514974,0.9252661891830941,3.9131971557682506,2.6464137390557902,2.2710757165838293,-0.4853079513887856,-1.1711204770590267,3.254005432805305,-0.5631777926185457,-0.4085542392909847,-0.7536323291036466,0.9264240753664372,-0.010400723266671628,-0.023501908618581733,0.034267988665206424,0.1482542118560043,-0.059238662611996507,2.7541790595179427,-0.27040505266013365,-0.33910046580555187,-0.5529907187761414,-0.568120647729941,-0.601254363555909,-0.615060331400791,-0.6462047426010094,-0.6718580658783201,-0.9132831519909818,-0.6539015772966403,-0.7262640115594785,-1.2538257656215335,-1.1157186753855206,2.3834831509223458,-0.5436528948851254,-0.49169552402075495,-0.026677853573606008,1.9652380713470297,-0.8083609465463869,2.592555734695034,3.9123931965185186,1
0.6957541078607568,-0.4361207770553754,-0.758854606377975,-0.42211805452025697,-0.744871463530711,-0.5272655394646776,-0.2614997182049962,0.8276779214136639,-0.4243025120011519,-0.6248719664763439,-0.751162445980362,0.2867452857341191,-0.3703495535595102,0.5298760181395857,-0.6844256767833222,0.9080778621835273,-0.4237984009630382,1.6434956312162652,-0.8744054005104884,-0.061702058226248996,0.08108376982189737,0.034267988665206424,0.004631664222964247,0.2538193517843083,-0.8145053273127617,0.4900157326574977,0.4832353299639378,1.0186812684958961,1.460127326237123,1.52557846539263,1.4020433564687673,1.31467618854872,1.2187557535733746,-0.3240146714813016,0.5235643829210027,-0.5640610972532999,0.4165578366577129,0.22253536520803216,-0.7588546063779754,0.18549859855924866,0.1989641947623673,0.25628016310799245,-0.5719557546200553,-0.29333752506425476,-0.6010191427293049,-0.624126994206658,0
0.6412798110464575,-0.5351541900377714,-0.6119401138288693,-0.9115825255094726,-0.665240848526657,-0.8842752316973141,1.2352624977125708,-0.47501118144388893,0.9252661891830941,-0.6248719664763439,-0.8498472314378437,-1.354143339776207,0.020508999060025852,-0.5907123298895536,-0.7666894434662882,-0.47514530158155793,-0.17760518995937394,-0.20583647869314856,-0.8997526921058795,-0.7008563373108646,-0.677743430418468,-0.6563316911854397,-0.7509099802950897,-0.7460972912128441,-0.8145053273127617,-0.6965232017080941,-0.7502683636902968,-0.5694308023250121,-0.4766207391299232,-0.47557787820894987,-0.4189530284134729,-0.41856683409686557,-0.3523177020273294,0.1733786158306324,-0.4944973408050822,-0.2678644711289738,-0.19285031948466225,-0.3903427987415547,-0.6119401138288708,0.3943642217441125,-0.4486640857798437,-0.7133117852385774,-0.5655383399765216,-0.35241506578244064,-0.8753239541435546,-0.624126994206658,0
-1.9760804501740032,1.841647721539731,2.057006500813223,1.5629323000471174,2.360722521627394,3.096923760472694,0.09772321361521967,-1.984669581017127,0.15408407422066794,1.1205392343869618,-0.5396950485714728,-0.1902572216816737,-0.6922330674814808,-0.9103837880139838,3.262530175466752,-0.6684120347777036,-0.4542867243071453,-0.8745309566676075,0.8894207299717058,-0.2427655933776982,-0.2625548879111056,-0.32578825467572864,-0.28261343104311615,-0.573214507143243,0.729636955450524,-0.8165896414950885,-0.7947189472454043,-0.8472682143009268,-0.8197453963799904,-0.874359033636801,-0.8391829633862974,-0.8319093521701793,-0.8316282478038154,-0.8372485093445713,-0.7134124922534887,-0.6653577789148659,-0.1323248745708139,-0.6188537776520125,2.0570065008132223,-0.5952401005230382,-0.6380434941718256,-0.35981780468107977,2.602803524530622,-0.5431556714548395,1.9037639350239208,1.1206884637645642,1
-1.3794571993507079,2.6339150253988985,1.2000052942767712,1.4269699469945574,1.1463556428155708,1.0846873133432882,-0.28544791365967725,-0.24369255570282775,17.698477189615865,2.400507448353386,-0.41281461012613935,-0.09485672019849344,0.5263259495088373,-0.5213480932483644,0.6198599504181063,-0.5793676760276469,1.032019038718072,-0.17832161862686782,1.222450838524288,1.293256729823763,1.409155877002585,1.3918571029015192,1.4800269262714678,0.9897393109995016,1.5017080968321668,0.90671690603589,0.06095478619041597,-0.3589977328994673,-0.5909956248799455,-0.6858443056163622,-0.8391829633862974,-0.823922057134946,-0.84494242963094,0.6739400132528337,-0.6326476790977659,-0.1139960939215317,0.9476389464409903,-0.7793973884762829,1.2000052942767714,0.2113937259911026,0.9887297319284949,1.291079020347182,0.338765012756236,0.0005440337593145053,0.783200769073467,2.4002197996101273,2
-0.372979715353145,-0.3866040705641775,0.09814660015847687,0.8491299465211778,-0.7647791172817244,-0.9816415113971243,1.247236595439911,0.3406913409061683,-0.23150698326054528,-0.6248719664763439,-0.17315155972939825,-0.4001383249446214,1.6529182482357363,0.26086197388676385,-0.7355741327520057,0.023705480961373298,2.503080640071236,2.152103650623273,-0.833701720576284,0.5991798450765409,0.911128836809827,0.6835497389521387,0.40068171981710543,0.1603691982331725,-0.6944053719867285,-0.030272173086144726,-0.039059026808575856,-0.08609234598821384,-0.12587108949652115,-0.023625902057385243,0.02929223555754006,0.13255652333421916,0.20687793471190424,3.715325719109247,0.7169748565307602,-0.33197629496540804,3.1550375256519305,0.5014359445961806,0.09814660015847661,1.1715246435148425,2.2658083346152047,0.696815375059044,-0.5692492046586982,-0.21426313292669416,-0.846374556117652,-0.624126994206658,0
0.8954931961798629,-0.3866040705641775,-1.2322457490362053,-0.38812746625711697,-0.8045944247837515,-0.6029948681200854,-0.15373283865893153,0.18242070224123108,-0.03871145451993881,-0.6248719664763439,-0.7229667929925101,-0.22841742227492953,0.31940083341614195,-0.012290747969947606,-0.7185246474291113,0.25845879039334113,0.09450309588678114,0.43450935557665765,-0.7510609158613839,0.3366377191069394,0.5127072046556208,0.3146396535618363,0.13954981502975963,0.04355650629425287,-0.8488196002630569,-0.03968914875571292,-0.08350961036368344,0.23448928321476442,0.5603782250036132,0.6216745130895011,0.575591151022212,0.5718577502720404,0.5397324803900195,0.3286160112337202,-0.056667037908268984,-0.511809960826606,0.309154841271374,0.13933393186114743,-1.2322457490362049,0.7936621140494805,0.36790623749816437,0.44879227437894065,-0.5694547952071789,-0.3057336671582467,-0.6401094453090841,-0.624126994206658,0
0.3014639594905795,-0.8322544289849592,-1.0690074239816423,1.6717021824891647,-0.5856102335226031,-0.7111796233420965,-0.06991415456754745,-0.012373929961766528,-0.4243025120011519,-0.7412327132005644,-2.0058690039397713,-0.5146189267243889,-0.02547436007168413,0.422270400438457,-0.7516006489555265,1.0699766962745394,-0.5000192093233058,0.5929282468673648,-0.8392522223854937,-0.5173786216907295,-0.32065804260026065,-0.22396907110800526,-0.1868650659544226,0.16270545207195083,-0.9002910096884998,0.47353602523575333,0.5499112052965992,0.727691789680885,0.5680032173869483,0.7497678539239018,0.1049336238526484,1.0750573374917265,1.3252692081903714,0.021309330537811904,0.5766991284181888,4.210987542084322,1.0544485551124874,0.4311248741621936,-1.0690074239816418,0.5057724254937994,-0.06497565315921268,-0.151096484502658,-0.584030692428342,-0.06817463320168167,-0.5405853384617189,-0.7404480247380727,0
-0.2977533054667315,-0.28757065758178146,-0.9873882614543614,-0.44024636826059843,0.4097724540280716,0.9981395091656792,-2.1653812568521413,3.8348200560474544,0.5396751317018809,-0.3921504730279032,0.6727180299061584,-0.32381792375808266,-0.5772746696522055,1.341056828501941,0.03165270677824637,-0.49841825898214087,-0.24849054173442287,-0.07826758202221053,-0.4211144194250294,-0.15826927697368845,-0.162949479872554,-0.21363958871707675,-0.2956700262824835,-0.45172930752676643,-0.40273405190921896,-0.5340803714080428,-0.5502407376923127,-0.590802910938544,-0.5986206172632804,-0.5674183867317277,-0.5730373379035085,-0.5403730833841706,-0.538716247607074,-0.24481191872462418,-0.27133140971690073,1.4887995019893236,0.44326023882558735,0.026836219166768316,-0.987388261454361,0.11400471747418758,-0.32737499613183363,-0.24487304927785666,-0.11725780305954817,-1.5052740936139999,-0.7245147391359812,-0.3914849331438284,0
-0.9436628248362986,0.5542133527685841,1.7305298507040983,0.543214652152918,-0.7647791172817244,-1.0898262666191354,2.1692421204451326,1.265965843870411,0.15408407422066794,-0.5085112197521235,-0.3705211306443615,1.1262696987859373,1.6529182482357363,0.47193453168513183,-0.6724910370572962,-0.09569490918074815,5.422337600269484,2.664880588222141,-0.7917645957955883,2.5395773967829047,2.023389226573653,1.5836903473044766,1.1449076484610405,0.5575323508254991,-0.3855769154340713,0.19338099906609982,0.10540536974552356,0.0372082806283163,0.06475372008684956,0.10446743877701527,0.1553612160493874,0.19845170737489237,0.24682048019327812,4.539034347778692,0.3705363158891069,-0.620479502229362,2.365833194912535,0.8998653437221072,1.7305298507040965,0.676030034867562,4.609429863630945,1.8769049952451289,-0.5451080235139033,-0.1914095265375154,-0.9018320051509952,-0.5078059636752432,0
0.23401959200620556,-0.18853724459938556,0.5225662453003381,-0.613976041605536,-0.10782654349827926,-0.4082623087204653,-0.4650593795697852,0.9372499020278504,-0.4243025120011519,1.0041784876627413,-0.6101841810411026,0.3058253860307606,0.27341747428443197,0.48021188689291094,-0.3979943233586948,-0.4377061961980113,-0.3628217542748242,-0.032409481911742734,-0.36252578921670475,-0.17034017931711837,-0.06002389156605069,0.049024392080818734,-0.025833724668892884,-0.01952234735276364,-0.2826340965831856,-0.25627958915578125,-0.3835510493606594,-0.46092625090246553,-0.5147457010465972,-0.6133386409931166,-0.615060331400791,-0.6362206238069679,-0.6585438840511955,-0.663002453279881,0.6213323146358251,0.22707880888829834,0.11096367851426292,1.755316700668949,0.5225662453003381,0.2363118608011395,-0.3515095736655192,-0.11801193481480177,-0.3797589475554298,0.4877262815694243,0.048388961824306936,1.0043674332331491,2
-0.4793342948477354,-0.03998712512579167,0.6858045703548997,0.17385025969346363,-0.6254255410246301,-0.18107432275424204,-0.5129557704791474,2.2764629984234657,-0.4243025120011519,-0.6248719664763439,0.038315837679490955,0.11502438306445432,1.009151220391794,-0.6662018093844994,-0.3579280328498928,-0.2879497746638251,2.56405728675945,0.0509688819254716,-0.5907130858175481,6.160848099811889,5.625784817301268,5.5236500592729065,5.070590617097473,2.7302484208894042,0.16345145177065248,1.354023250340379,0.21653182863329254,-0.16500474702279322,-0.2936209219298873,-0.41999020199779485,-0.46097602191075526,-0.46249695679064773,-0.4987737021257001,2.416400573899737,-0.537005137202831,-0.1396408234561053,0.9595066807378231,-0.8403336495190716,0.6858045703548998,0.6122954541306824,3.427349066130017,5.284317554484137,-0.4030348368322045,-0.18772389991851596,-0.3632321487790441,-0.624126994206658,0
0.5219551608817962,-0.6837043095113653,-1.2730553302998449,1.2842094762893694,-0.705056156028684,-0.6246318191644876,-0.28544791365967725,-0.28021654924089023,-0.6170980407417584,-0.7412327132005644,-1.526542903146289,-0.5336990270210304,1.9058267234601416,0.9934079097752173,-0.7202295959614007,1.4140117187179404,-0.04269435916170045,1.8019145225069728,-0.7769632576376959,0.3788858773089442,0.545909007335138,0.4622036877179573,0.40938611664335006,0.6509825043766349,-0.8145053273127617,0.9538017843837312,1.0610929161803357,1.2340463629861025,1.3076274785704263,1.431321101382411,1.512088885061931,1.4404760853536414,1.0856139353021284,0.7753195367813809,0.7339779750898597,-0.08008093911205778,0.6865487919106638,0.325658268511213,-1.2730553302998457,1.8910344731415991,0.7473839565916418,0.6883036900163075,-0.5813160047774882,0.0185307217740865,-0.3997337483798253,-0.7404480247380727,0
0.6075576273042723,-1.0303212549497511,-0.5956162813234119,-0.49312061666992707,-0.3865336960124681,-0.3974438331982642,0.16956779997926294,0.011975399063607768,-0.03871145451993881,-0.7412327132005644,-0.2154450392111761,0.019623881581274066,2.1587351986845476,3.095856132551118,-0.7739354747285183,1.7276907097692764,-0.4771529668152255,2.4522657604372444,-0.9373110876815316,-0.7286194127007536,-0.5729917429645912,-0.4290830785850133,-0.2652046373906265,1.0131018493872859,-1.071862374439976,1.742473496710067,1.8834287119498256,1.8341094125198822,1.9786268083038911,1.9146921988707153,1.8222732914415916,1.8697931934974212,1.9377215722381038,0.7689833165608468,2.4916753561367746,-0.40249930118548566,0.8467632049179096,2.446708893269821,-0.5956162813234126,1.7523123809750147,0.268286917465506,-0.11593952454352666,-0.589166315095845,-0.23615216088019042,-0.4739485902365667,-0.7404480247380727,0
-0.972196980310456,0.20759640733019827,1.5836153581549928,0.39365606379510204,0.33014183902401756,1.2361459706541034,0.3372051681620306,0.024150063576294914,0.3468796029612744,0.3060140073174192,-0.8780428844256954,-0.11393682049513491,-1.3589917748912785,-0.9807413072801064,2.9556394396546515,-0.5692489988969587,-0.20275805671826233,-0.7077742289931788,1.0960227417589559,-0.5385027007917319,-0.6792375115390462,-0.6533804105023171,-0.696072280289747,-0.8091761448598606,0.7639512284008193,-0.8024641779907363,-0.7502683636902968,-0.6910874205866552,-0.6824955334799635,-0.6906780165912453,-0.6710909893971676,-0.694128512812408,-0.711800611359694,-0.7041878847133533,-0.6921585940546143,-0.644393212520352,-1.4081063114803627,-1.0747038842990284,1.583615358154993,-0.8675818897341341,-0.551775217030142,-0.6908113308647331,1.8051686234817113,-0.382746865427045,0.379375043369074,0.30644125004466044,1
-0.8736244432179127,0.40566323329499004,0.3511660039930486,0.679177005205478,-0.1874571585023332,0.38148640440021575,0.10969731134256047,-0.268041884728202,-0.03871145451993881,-0.043068232855241965,2.054305026310901,-0.32381792375808266,0.31940083341614195,-0.7862234598972968,-0.189990602419382,-0.08355249662392221,0.628048754408654,0.32611748258827894,0.24186218556390726,0.3479023709321819,1.1269405542266888,0.31193745448827237,0.29342791640778865,0.1189889822822841,0.2714714820030936,-0.07980806748052437,-0.2155552153403696,-0.32510489909825174,-0.3349803704581089,-0.37939168958889513,-0.41911492604336187,-0.42758504744478565,-0.43964734976467357,-0.29788964615543795,-0.383466936504677,-0.31562777988711727,-0.6367035821862169,-0.023480733950881228,0.35116600399304837,0.3072547357263382,0.8172201809444335,-0.4582572925666476,-0.3862597734139158,-0.15884831196404742,0.10518759290575991,-0.04252184154958386,0
0.4181945955212251,0.20759640733019827,-0.9629025126961777,0.2101068871741465,-0.4462566572655086,-0.375806882153862,-0.35729250002372054,0.20677003126660645,-0.4243025120011519,-0.3921504730279032,0.08060931716126882,0.34398558662401646,0.35158918480833834,-0.5006547052289166,-0.5497347427324558,1.1104514047972924,1.1768385746025805,0.3011039734371146,-0.11583681991849577,1.7549687444599584,2.023389226573653,2.0558952566040634,2.43315837874528,2.5433481137871334,0.043351496444619234,2.1780086214275953,1.76118960717328,1.66148853525674,1.414377371937114,1.1147130325275716,0.9397904279986601,0.8414289577111579,0.7261310259697639,1.1016348781388916,-0.3627231719720607,-0.08514577319513635,-0.24506835039072744,-0.41260797104565056,-0.9629025126961771,-2.6437838430692215,1.7641172229043423,2.2132275764120615,-0.553627212977897,-0.1983500802183711,-0.40374050145703,-0.3914849331438284,0
-1.0952522238362938,1.5016868050584977,1.6461209666353698,1.1222845169602247,0.6803682521937021,0.38396095173138084,-0.35338209116083985,1.523519742682341,-0.013475560960778999,1.0447944699659077,0.7291093358818622,0.3630656869206308,0.38837587211370733,-0.7820847822934072,1.7536507243905899,-0.5490116446355822,1.5426984547318647,-0.453470219289675,2.0211063766272392,2.2981593499143056,2.2724027466700316,2.469074552241202,2.1850830691973018,1.412601255818391,2.1022078734623335,0.5771227576010033,-0.17241077747389863,-0.5250425767430612,-0.6367455791799546,-0.6544251842796225,-0.7551369763917325,-0.7180903979181072,-0.7650573386681924,1.0857943275875566,-0.7814249664898869,-0.21978060325164805,0.18217008429526074,-0.811037370171577,1.6461209666353704,0.03723659149578755,1.573608110883124,2.098282821008837,0.9807274675397688,0.10011171949114299,0.22509419503396091,1.0449695525092249,0
0.5868055142321544,-1.079837961440949,0.17976576268575767,-1.3058733493618961,-0.744871463530711,-0.8950937072195153,0.43299794998075497,0.2798180183427304,-1.0026890982229715,-0.7412327132005644,-0.31412982466865763,-0.9725413338435674,2.503610392172374,2.330200775831548,-0.6886880481140458,2.527066203093649,-1.0564311103532589,-0.0991121729815141,-0.9123338295400881,-0.5415204263775893,-0.28081587938483993,-0.010001221581629706,0.23529818011845288,2.5433481137871334,-0.8350938910829389,3.3786730192975396,3.7059026377092357,3.3383770572415497,3.152875635337454,2.821013006661286,3.1530014188555366,3.237617468281092,3.2425113912963157,-0.6249851319566758,3.363085182290626,0.8040852234162063,-0.9096614710133762,1.2865762311090354,0.1797657626857586,1.6472945267339576,-0.14302790390645023,0.45012453812476083,-0.5825229746532685,0.37105342002493125,-0.3840120536258141,-0.7404480247380727,0
0.7917326308192881,-0.6341876030201673,-0.6935592763561501,-0.07616940064207685,-0.5657025797715896,-0.4839916373758732,0.6844540022549062,-0.4019631943677639,-0.4243025120011519,-0.6248719664763439,-0.7229667929925101,1.8894737106511896,0.34239251298199735,0.9892692321713278,-0.5872436104428237,1.0295019877517864,-0.05793852083375396,0.9014281930650577,-0.8266094127089605,-0.4630595611452947,-0.4468248927824259,-0.40547283312003396,-0.3914183913711769,-0.10829999322634275,-0.7801910543624665,0.1980894869008838,0.8721779360711287,0.9052446920086884,0.972127813703694,1.1412984428894282,1.3179973694742022,1.3606031350013101,1.3252692081903714,0.5693923796140196,1.2376953624031835,0.26105807552160853,1.1375226951903183,1.0639245080680768,-0.6935592763561506,0.6259379810653705,0.22155826734709386,-0.2046090782930833,-0.5579641262475775,-0.392330077457661,-0.6542541622119417,-0.624126994206658,0
0.9629375636642331,-0.931287841967355,-0.44053987252157834,-0.46290676043602497,-0.6453331947756435,-0.6354502946866888,-0.010043665930844983,-0.7672031297483859,1.3108572466643074,-0.6248719664763439,-0.06147333386620809,1.582697421789151,1.774369719023345,2.5837443440130397,-0.7325920849686054,0.9097910107543973,-1.0148581234917695,0.11345072622756709,-0.8513353054025095,-0.7118418724582064,-0.6507032531996457,-0.6056885520944246,-0.5553397409399645,0.48849151354326675,-0.9709539694619812,0.4718917873520523,0.7498269169713683,0.8392568477434436,0.6455290922350368,0.4438190987897336,0.6132712735669527,0.7154228023559348,0.7714721688544588,-0.9653375542661546,1.8925093281248035,1.4586669447861993,-0.7020187252764217,1.2598466014108443,-0.4405398725215788,1.445430176016686,-0.6136186434002706,-0.4267853724023553,-0.580007083143865,0.634277095017939,0.03248507689407964,-0.624126994206658,1
-0.7568938071872671,0.9008302982069696,0.4327851665203294,0.45483912266875415,0.27041887777097723,0.38148640440021575,-0.44111118411510414,0.17024603772854394,9.215473925029176,1.1205392343869618,-0.5255972220775468,-2.7851508620235856,0.227434115152722,-0.41788115315112523,0.1680485893614023,-0.5935338240106105,0.28505511678745005,-0.42845671013851083,0.4793003185134334,0.7078179661674102,0.8198238794411548,0.7573317560301992,0.7401531960406548,0.4126846128212389,0.6953226825002288,0.30873895101831017,-0.27242459047289047,-0.5299746018077224,-0.659620556329959,-0.6713431726917132,-0.7551369763917325,-0.7480427543002315,-0.7916857023224416,0.008636890096743503,-0.6751554754955148,0.01422755375133673,0.7340197290979961,-0.7641633232155857,0.4327851665203281,0.232619160584922,0.2688004191151587,0.6799400342786616,0.06410066573719743,0.06883976031765872,0.32920878487769534,1.1206884637645642,2
0.12507099837760324,-0.4361207770553754,-0.040605976137900894,-0.35413687799397714,-0.4064413497634816,-0.4082623087204653,-0.8482305068446827,1.6555551082764073,0.15408407422066794,-0.3921504730279032,-0.06036894777799074,-0.13301692079177638,1.009151220391794,1.8997783050270327,-0.6588514487989805,0.624754902524256,-0.6372166643717874,-0.0907743365977927,-0.5105391707956302,0.06504241637976554,0.28029458589900047,0.4326908808867332,0.5443042674501455,1.0481456569689616,-0.5571482801855474,1.0950564194272538,1.1722193750681047,0.9545649426553006,1.0102527756203683,0.8754443392708608,0.5895988155213062,0.36219125559717125,0.3533339348102748,-0.593304030854005,-0.27133140971690073,2.41842094761762,1.143456562338735,0.82955427328812,-0.040605976137901234,0.8313363138818473,-0.16870298638909417,0.46625973237968854,-0.5632351973731697,0.08025652045859194,-0.2537450257715262,-0.3914849331438284,0
1.2275270053336937,-0.931287841967355,-0.9792263452016335,-0.950105192207698,-0.6453331947756435,-0.7760904764753032,0.5407648295268196,-0.8280764523118227,0.5396751317018809,-0.6248719664763439,-0.7088689664985841,0.4775462887004525,0.06649235819173584,1.3286407956902724,-0.7359151224584637,1.7378093868999647,-0.807189067015184,0.5762525740999219,-0.882731153224303,-0.9760729107410675,-0.9498322033771114,-0.9263738736911409,-0.8919212088802563,-0.24613896971426788,-0.9466152781713985,0.5276836353357705,1.0944308538466667,1.6121682846101277,1.7041270825038377,2.0597035281172067,2.480633522899017,2.758379766167105,3.2158830276420662,-0.339855222032637,2.1941207813525327,1.10733415016254,-0.624835847889384,2.423271869791826,-0.9792263452016342,0.5379878431495505,-0.2991324054009253,-0.523664041021141,-0.5846990305598813,-0.011556339145792247,-0.5476080529428073,-0.624126994206658,1
0.7424463622730165,-0.5351541900377714,-1.2893791628053022,-0.503695466351793,-0.5657025797715896,-0.5489024905090798,0.4689202431627763,-0.8280764523118227,-0.809893569482365,-0.8575934599247846,-0.3564233041504355,-1.7357453457088197,1.3310347343137647,2.139821606052628,-0.7401774937891873,1.6973346783772116,0.3612759251477176,3.3277385807279947,-0.8913652671497403,0.24007050035949973,0.5957117113544138,0.6097677218740782,0.7053356087356755,1.2817710408468008,-0.934605282638795,1.4246505678621406,1.9278792955049333,2.236891459467214,2.5962511913540127,2.6880859548520024,3.0829630963600647,2.9580621420479325,2.896342663791075,2.5114438772077503,3.0655306075063846,-0.2198447150754846,2.6565926851849437,1.9076573532759211,-1.2893791628053028,1.5058304046525355,1.294776715121611,0.9594193622906193,-0.5850641356036104,-0.3678297909505577,-0.6485309291091244,-0.8567690552694875,0
1.0615101007567802,-0.8817711354761572,-0.579292448817956,-0.8436013489831926,-0.6055178872736166,-0.47317316185367203,0.07377501816053858,-0.09759658155057872,-0.03871145451993881,-0.7412327132005644,-0.144955906741564,2.175675215100676,-0.9933576442427289,0.5108381011616937,-0.5555228814263871,0.8050286248692204,-0.7375492730099917,-0.12222087487207789,-0.8126556109248246,-1.0761833971387187,-1.0792731117854188,-1.0517657205655484,-0.9965567948937987,-0.46185307711379747,-0.740107132267979,0.0015160615247321715,0.4337419673934868,0.7274325751290124,0.8869655618409967,0.6731652694094119,0.7724493997045581,0.7511427641039569,0.7303028363004443,-0.6299254734402503,0.9049920664582269,0.4021040879617638,-0.19959236159292876,1.1820418404272024,-0.5792924488179566,-0.2604593839843786,-0.6149717445450483,-0.8443677700438211,-0.5480416155699961,-0.039336146918814555,-0.3684986475232748,-0.7404480247380727,1
-0.5882828884763377,1.0493804176805637,0.18792767893848558,1.0462753584473896,0.09124999401185574,-0.0620710920100297,-0.3453184022963797,0.75462993433754,-0.23150698326054528,0.07329251386897835,-0.03217329479013883,0.22950498484424894,-0.27838283529609026,-0.9103837880139838,0.06575167742403536,-0.48627584642531496,0.879577421997537,-0.1282946003245391,2.0704441704868812,0.6836761614805504,0.7783216260917584,0.5654985116272421,0.7140400055619202,0.39866708978856846,1.9134793722357095,-0.1267961736992187,-0.26131194458411383,-0.38694587493254745,-0.484245731513258,-0.5239149879577804,-0.5870450024026027,-0.608265091183652,-0.6319155203969463,0.6897805638041694,-0.5837637132403548,-0.44417198667916796,-0.7019761208187986,-0.8907232499967622,0.18792767893848433,-0.0029806166491612267,0.7206818708096925,0.6522585542266293,-0.10805754272713748,-0.02703241521221602,-0.10270422466086639,0.0737991889818308,0
-1.286072690526192,1.0493804176805637,1.4203770331004297,0.9443035936579696,1.6838622940929353,2.339630473918617,0.09772321361521967,-1.7411762907633788,0.15408407422066794,0.4223747540416395,-0.5255972220775468,-0.34289802405472414,-0.8301831448766116,-1.2870034499679346,2.8277682997329427,-0.7857886894936875,-0.3094671884226369,-0.7161120653769002,1.7435812861667543,-0.2970846539231329,-0.3173378623323089,-0.349398500140708,-0.32613541517434047,-0.7133897374699464,0.9869940025777381,-0.7483165678907191,-0.8502821766892887,-0.9294686320452802,-0.9722452440466869,-0.9226961433856314,-0.9092212858817683,-0.8918140649344275,-0.8848849751123139,-0.6471619027285457,-0.7410425599120255,-0.6268906846130055,-1.069875884020622,-1.0454076049515337,1.4203770331004288,-0.5623210614450802,-0.5676937681693811,-0.4172531750564189,3.3454323798542545,-0.4459563746236801,1.406077531560079,0.42276228057607523,1
0.43116466619129606,-0.8817711354761572,-0.3099492124779285,-0.7688220548042847,-0.705056156028684,-0.4298992597648676,0.8041949795283116,-0.09759658155057872,-0.4243025120011519,-0.8110491612350965,-0.6806733135107322,-1.354143339776207,0.25042579471857657,1.4900492222419655,-0.6793108311864539,2.021132346559236,-0.27897886507852987,1.1890835483034474,-0.8839645980707941,-0.3332973609534228,-0.162949479872554,-0.11034476480779191,-0.08241230403948435,0.6860263119583109,-0.9002910096884998,1.2363110544707767,1.638950502396734,1.89164970494093,2.05487673213724,2.325557631735774,2.2565108909135105,2.2991103016412007,2.3238328452247177,0.3254479011234532,1.662773326380672,1.2340832258871706,2.081007571788543,2.0482794941438947,-0.30994921247792895,0.44978428399818715,0.4474989931943606,0.2200129833606778,-0.5795369245545908,-0.41646473187392863,-0.6577955374914168,-0.8102406430569217,0
0.7995146732213314,-0.6837043095113653,-0.8649595176634396,-0.1720983941847165,-0.3069030810084141,-0.4190807842426664,-0.09386235002222854,-0.3532645363170142,-0.4243025120011519,-0.6248719664763439,0.16519627612482424,1.641432406794986,0.1354673968893012,0.47193453168513183,-0.4150438086815893,0.6733245527515598,-0.24086846089839611,1.3891916215127618,-0.7658622540192765,-0.7225839615290386,-0.7439810267641048,-0.7625777957778467,-0.7395942644209713,-0.4867731151084424,-0.7287196449370237,-0.0961910027731221,0.5499112052965992,0.6750835223244988,0.804377981270328,1.0422073679043258,1.1779207244832606,1.2008572342966481,1.1388706626106269,0.15436995516902996,1.7902967155739182,0.21938539002792617,1.1375226951903183,1.0053319493730877,-0.8649595176634403,0.5466835911075641,-0.023895521186982065,-0.5237602600694502,-0.518008852410451,-0.021174766851650866,-0.29533270022673264,-0.624126994206658,0
0.29886994535656386,-0.5351541900377714,-0.38340645875248136,-0.40625577999745843,-0.5258872722695626,-0.05125261648782858,-0.7284895295712772,0.5841846311599156,-0.4243025120011519,-0.5085112197521235,0.16519627612482424,-0.8389806317671313,0.08948403775759123,0.31466478273732823,-0.607702992830297,0.03787162894433692,-0.37044383511085094,-0.38259861002804285,-0.7788134249074324,0.8496510687027122,0.7949225274315169,0.2851268467306122,0.6095872436469819,0.4874447356621476,-0.5743054166606951,0.3652408050357194,-0.08350961036368344,0.21476118295611973,0.2325035525202159,0.16247197047561185,0.0012769065593517274,0.06666133929354598,0.033793570959284314,-0.529941828648663,-0.1650619187225286,0.11039528950598805,1.7961819486645505,0.82955427328812,-0.3834064587524807,0.3710253160430826,-0.014652491493230476,0.764168708875486,-0.5318395772519872,-0.03083098707788906,-0.047074337895469005,-0.5078059636752432,0
1.0796681996948787,-0.23805395109058358,-0.5629686163125003,-0.7076389959306328,-0.08791888974726575,-0.7003611478198953,1.3071070840766135,-1.0106964200021342,0.7324706604424877,-0.6248719664763439,-0.46920591610184315,3.263240932008671,-1.1980500179302926,-0.9724639520723273,-0.3255340107363932,-0.6380560033856388,-0.32471135009469043,-0.49099048301642156,-0.26693381361364876,0.022794258177760773,-0.4539300785558425,-0.20183446598458707,-0.28261343104311615,-0.8021673833435253,-0.3855769154340713,-0.7483165678907191,-0.7836063013566273,-0.7930159385896535,-0.7968704192299859,-0.7245139934154267,-0.6850986538962618,-0.6501983901186259,-0.645229702224071,-0.25114813894515853,-0.5731367641409175,-0.6589465965312226,-0.5120923720694702,-1.0043928138650413,-0.5629686163125007,-0.39429081362513974,-0.8773352629100671,-0.8324013611843508,-0.23261975366287188,-0.28896484695806085,-0.7185403046822125,-0.624126994206658,0
0.9006812244478906,-0.931287841967355,-0.7996641876416146,-0.6464559370569808,-0.7249638097796975,-0.6462687702088897,1.043676934075122,-0.4506618524185136,-1.0026890982229715,-0.7994130865626744,-0.7088689664985841,0.5691307701242883,3.3083191769773013,1.8252821081570205,-0.7048850591707957,1.7985214496840942,-0.08842684417786098,3.5361844903210304,-0.9393462716782419,-0.1492161002161161,0.16076809625273858,0.4326908808867332,0.5747696563420026,1.608846578275776,-0.8316624637879093,2.0838388647319137,1.9501045872824871,1.8423294542943178,1.7956269911038558,2.0597035281172067,1.9903652654307216,1.9796185002318767,1.8711506631024803,1.3709242375115953,1.5139960389885512,-0.1377174687410122,1.8377190187034662,0.4545618976401894,-0.7996641876416142,2.5892385591297775,0.9086234745826457,0.5780958723759987,-0.5813239481130924,-0.5409140780368932,-0.8674079134647513,-0.7986085400037802,0
0.8462069276335875,-0.931287841967355,-0.8078261038943441,-0.8148981855609855,-0.6055178872736166,-0.07288956753223082,-0.4530852818424449,-0.1462952396013284,-0.03871145451993881,-0.7412327132005644,0.47534845899119527,0.6111069907768615,-0.8761665040083216,-0.2564727265994321,-0.6085554670964418,-0.21711903474900726,-0.8353907661084831,-0.44096346471409287,-0.8059492115302355,-1.0092678921854998,-1.0295165298079525,-1.0311443379419867,-1.0137827644476844,-0.9213163291212235,-0.9689195555890904,-0.7153571530472305,-0.4835648623596514,-0.3425576493505966,-0.308870906696557,-0.23872604043968082,-0.15280740293068393,-0.05714173375256729,-0.07271988365771266,-0.9101150418807146,-0.31383920611464955,0.6585513833075006,-0.19759741320339558,0.5014359445961806,-0.8078261038943444,-0.12988927329030373,-0.9641170417014038,-0.9788763585719736,-0.5139086318877109,-0.13341075898693103,-0.11900140032775004,-0.7404480247380727,0
0.7891386166852725,-0.4856374835465734,-0.7751784388834309,-0.6328597017517248,-0.5856102335226031,-0.10534499409883419,-3.0394903909480004,0.7059312762867903,-0.4243025120011519,-0.5085112197521235,1.3494137016146037,-0.5718592276142862,-0.582666476162473,0.24049965876293633,-0.6667269723674688,0.07795849582185196,-0.6029689845617736,-0.010753803427714018,-0.8141880157126057,-0.7945257480209267,-0.839800498606347,-0.8674124882250989,-0.8876248736640465,-0.7342212214787012,-0.8410388129128481,-0.3821175262821924,-0.25029508949004287,-0.06153344605584073,0.06112243044736332,0.09531368429653722,0.13505436398772944,0.14249790792017572,0.17960581917060484,-0.37936205075404794,0.51905174870422,-0.2907523922385808,-0.02797352582391374,0.7246646730187951,-0.7751784388834314,0.05256916609451135,-0.6776675090850256,-1.6276888027861742,-0.5359227587382652,1.9034378993014163,1.8369201384124165,-0.5078059636752432,0
0.7191002350668866,-0.6341876030201673,-0.9302548476852645,-0.23856887789930115,-0.6851485022776705,-0.6570872457310909,-0.2614997182049962,0.6450579537233535,-0.6170980407417584,-0.6248719664763439,-0.48330374259576897,0.32490548632740207,0.5723093086405481,0.033234705672837636,-0.7524531232216713,0.47095101013779456,-0.40093215845495794,-0.06992974563848912,-0.8596040623525959,0.668587533551263,0.9443306394893443,0.860626579939484,1.0491592833723473,1.4453088095612885,-0.7973481908376141,1.1421412977750947,1.0722055620691129,0.9216847755575591,0.7738780117369887,0.6555104899136823,0.4355145060312704,0.2942992477976898,0.22019211653902887,-0.08957452332153637,-0.23094900313903932,0.17130152215060052,0.698416526207497,0.26706570981622385,-0.9302548476852641,0.8555304782694501,0.15942456773909539,1.0154484542675928,-0.5801249272604055,-0.20334792449467592,-0.6114583243216786,-0.624126994206658,0
0.11728895597556364,-0.6341876030201673,-0.644587778839781,-0.40474508718576324,-0.3268107347594277,0.803406949766059,-0.7404636272986175,0.7789792633629142,0.9252661891830941,-0.5085112197521235,0.799598468351492,0.17226468395435163,0.04350067862588125,0.1408403233739664,-0.5966208273704157,-0.08152876119778452,-0.17989181421018205,0.3469620735475826,-0.8343184429995295,0.043918337278763056,0.09768467116165595,0.21134482965255175,0.33539874362026895,0.34726950533544365,-0.7973481908376141,0.1816097794791394,0.12763066152307737,-0.04992416218069853,-0.12587108949652115,-0.14446867642946135,-0.09677674493430728,-0.17295751176344745,-0.15260497462046024,0.22090026748463898,-0.2649552402572383,0.2386189371788565,0.5144666446065852,0.23191017459923044,-0.6445877788397827,0.4188181273724856,-0.04238158057448582,0.1603571734089732,-0.5207797236400932,-0.9226885658668009,-0.2458497536414371,-0.5078059636752432,0
0.8825231255097883,-0.931287841967355,-0.3670826262470255,-1.1200581335233977,-0.6254255410246301,-0.5056285884202755,-0.09386235002222854,0.462437986033042,-0.4243025120011519,-0.7412327132005644,-0.8216515784499917,0.03870398187791554,-1.1290749792327277,0.48435056449680053,-0.641801963476086,-0.057243936084132786,-1.0770107286105313,-0.6994363926094574,-0.8666963702199194,-0.9217538501956327,-0.8867487782860286,-0.799468804316877,-0.787468446965318,-0.5101356534962262,-0.8316624637879093,-0.3998884681166962,-0.2279740069177831,-0.0992444128273104,-0.019121196129833457,-0.11304955509272158,-0.11078440943340144,-0.15298927417536456,-0.1792333382747095,-1.4328532100747855,-0.11405256304523002,0.1924584240166237,-0.3518779590622246,0.009258451558271522,-0.36708262624702476,-0.39336861962272607,-1.07400639472712,-0.8047198811323188,-0.5370611922855629,-0.02070392732911926,-0.388357735626892,-0.7404480247380727,2
-0.8762184573519283,1.1979305371541575,1.134709964254946,0.5190435671657964,1.106540335313544,0.7276776211106514,-0.5488780636611693,0.3163420118807929,-0.23150698326054528,1.469621474559623,-0.48330374259576897,-0.7054199296907223,-0.30137451486194483,-0.053677524008843285,0.295919729283111,-0.47413343386848905,-0.21800221839031583,-0.32840267353385355,0.482383930629661,-0.10395021642825378,-0.06334407183400245,0.01951158524959438,-0.04324251832138254,-0.18072386222847284,0.4894370447984573,-0.40224271203408823,-0.5057901541372052,-0.5595667521956896,-0.5376206781966016,-0.6109217855056751,-0.5870450024026027,-0.6122587387012686,-0.6052871567426971,-0.593304030854005,-0.12893029178444199,-0.39525466509196866,0.05755887417851444,-0.48760644617523674,1.1347099642549452,-0.22433270263096927,-0.300672910349884,-0.11808594946734766,0.006306818813089454,0.18750763301468504,0.6742574466737972,1.4696515553588083,2
1.3105354576221544,-0.931287841967355,-0.3752445424997534,-0.8232069960253087,-0.48607196476753556,-0.4190807842426664,-3.877677231861838,-1.1933163876924453,-0.6170980407417584,-0.6248719664763439,1.8569354553959374,-0.5336990270210304,-0.9719537596590136,0.7868299558546735,-0.557134219362592,-0.002926877246598109,-0.7893686420205536,-0.45376035553607064,-0.7961371577763992,-0.6843192011003657,-0.8143356466420018,-0.7103401276865798,-0.7637924875979321,-0.5278911826709424,-0.7218567903469645,-0.2586338330731732,-0.17018824829614349,-0.09529879277558159,-0.02827118698983543,-0.008158026937759489,0.03209376845735889,0.04549500745017825,0.09770164372948235,-0.7593130006320009,0.29784798404895646,0.09693180650033681,-0.10526644037403425,0.9844729984776713,-0.375244542499755,-2.6437838430692215,-1.8170432817748357,-1.6276888027861742,-0.4968850391817055,7.422377248526261,6.853452295589715,-0.624126994206658,0
0.35334424217086685,-0.3866040705641775,0.3430040877403192,-0.5852728781833288,-0.10782654349827926,0.14347994291179136,-0.29742201138701807,-0.3654392008297014,5.552358878957651,-0.27578972630368276,-0.17315155972939825,0.5920268904802471,-0.8301831448766116,-0.1530057865021929,-0.062119462497673326,-0.22319024102742016,-0.7363037152401353,-0.7077742289931788,-0.49203749809826447,0.21894642125849745,0.238792332549604,0.34415246039306063,0.30058115631528937,0.36829578988444917,1.1414082308540667,0.2334031456617646,-0.039059026808575856,-0.2274770645085018,-0.33937087622989615,-0.26531145080153745,-0.2788763834225313,-0.11904327027562384,-0.05940570183058804,-0.9101150418807146,-0.5688859845011427,0.2386189371788565,-0.1382587417192305,-0.5192464278705309,0.3430040877403204,-0.3617713627776454,-0.5394511774384729,0.2642737455829106,-0.30386670767246443,0.3773572278732189,0.4360115906177402,-0.2751639026124136,2
-1.166748040361531,0.6532467657509798,1.2000052942767712,0.70636947581599,1.8033082165990162,1.355149201398316,-0.273473815932337,-1.205491052205133,-0.03871145451993881,0.6550962474900802,0.8559897743271955,-0.26657762286818537,-1.1060832996668724,-0.8483036239556403,1.1483939954278355,-0.7837649540675499,-0.6875223978895639,-0.7119431471850395,0.6550662091384073,-0.6260167427815989,-0.682557691806998,-0.7419188309959897,-0.7395942644209713,-0.9633688982192345,0.4379656353730144,-0.9908036913821,-0.9614086355770576,-0.9360446654648283,-0.9417452745133476,-0.8961107330237748,-0.8391829633862974,-0.8099442908232881,-0.8316282478038154,-1.087529208055672,-0.5688859845011427,-0.4281440307200594,-0.9749340096459577,-0.5145590231749317,1.2000052942767714,-0.6738360006607883,-0.9343339460215367,-0.7648999980628184,1.5180488147319133,0.18449939388217532,1.313203624343483,0.6554043416389048,2
-2.201759679833251,3.7232825682052537,0.7837475653876378,2.650631124467596,1.6838622940929353,2.2206272431744045,-0.6805931386619151,-0.8889497748752606,0.15408407422066794,2.6332289418018267,0.9264789067968253,-0.5527791273176719,0.34239251298199735,-0.8772743671828672,0.7733053183241567,-0.22521397645355784,1.4893438888796775,-0.15747702766756422,2.662497696802583,0.526754431015961,0.6787162180532067,0.8901393867707081,0.9098889341524294,0.6977075811522025,3.2002646078717807,0.45470207389661693,0.02761684852408528,-0.10582044624685868,-0.08774612757984697,-0.23872604043968082,-0.2928840479216254,-0.33270341246810964,-0.3256893383730802,0.9654061433974066,-0.5115004593641818,-0.5089911307461299,-0.4349520991400558,-0.8883795476489628,0.7837475653876378,0.21033429414938606,1.1633202928104738,0.6928925984741306,0.017819467389836485,-0.5620850064004789,1.2839426158402323,2.6328618606729566,0
0.4856389630055954,-0.7332210160025632,-0.6119401138288693,-0.1804072046490394,-0.6453331947756435,-0.3541699311094598,-0.620722650025212,1.3024898374084735,-0.4243025120011519,-0.6248719664763439,0.3061745410640838,-2.5561896584639965,-1.510736860025922,-0.66392553670236,0.05663020277628686,-0.6168067814111935,-0.4693784443624783,-0.7031884189821319,2.089500893365168,-0.31247505441100604,-0.37129079168652435,-0.5589394286423998,-0.6342710628234084,-0.9400063598314504,-0.025277049455971298,-0.9554900326212192,-0.8613948225780657,-0.8045239970738629,-0.7968704192299859,-0.7390151263400758,-0.6850986538962618,-0.6661729801890921,-0.6585438840511955,-0.8720977205575093,-0.6921585940546143,-0.40249930118548566,-0.9072879241540095,-0.8450210542146708,-0.6119401138288708,-0.5831268947610474,-0.6476459750203344,-0.5023700254837891,0.018295919743101196,-0.3136213987390835,-0.5068711017932436,-0.624126994206658,1
0.8072967156233748,-0.6837043095113653,-0.709883108861606,-0.5505269435143412,-0.48607196476753556,-0.2243482248430465,-0.16570693638627182,-0.08542191703789158,0.3468796029612744,-0.5085112197521235,-0.737064619486436,0.3821457872172994,-0.5312913105204955,0.3850223020034509,-0.4977338124976276,0.47499848099006964,-0.4161763201270115,0.038462127349889574,-0.6896970347484545,-0.6773180777411764,-0.6543361595294083,-0.623867603671093,-0.5916195183748088,-0.2157676698101488,-0.5914625531358427,0.021521193096480255,0.24986976629962324,0.3298417677982144,0.33162845350356857,0.4524946289685945,0.4355145060312704,0.46402926729639354,0.5397324803900195,-0.24798002883489123,0.6510877721142494,0.5207109620591669,0.5204005117550018,1.26313920763104,-0.7098831088616064,0.06808679699287809,-0.33096950767940403,-0.5024440401363348,-0.5259275596266336,-0.17464728084966785,-0.2863221052273938,-0.5078059636752432,1
0.319622058428678,-0.4856374835465734,0.2777087577184943,-0.8979862902042166,-0.3666260422614546,0.10020604082298687,-0.860204604572023,1.046821882642037,-1.0026890982229715,0.4223747540416395,-0.5962555284651038,-0.2477264837751219,-0.9103644355280458,-0.16559817450137482,0.5132716383627162,-1.0062641120215632,-0.603833680715411,-0.9801356849670542,0.48823842025118863,-0.5998200940729008,-0.6893386904454643,-0.7867398252977109,-0.8824771658248761,-1.173651629508735,0.17697673654192725,-1.3466904545667422,-1.2617168287349083,-1.2573034874086881,-1.2549296870239794,-1.2115133145022925,-1.1473515823663687,-1.107951427782203,-1.115614217796386,-0.9736179595967693,-0.5795027211713638,-0.4253872222950926,-0.8188869848803745,-0.6182413728554182,0.2777087577184943,-0.395455976085634,-0.9695412724665178,-0.8504373594366723,4.408714802348746,0.11592323179507379,0.1516505650637512,0.42276228057607523,1
0.24958367681029214,-0.08950383161698967,0.016527437631196087,-0.6940427606253768,-0.2869954272574006,-0.6462687702088897,-0.5129557704791474,0.3650406699315426,-0.6170980407417584,0.5387355007658597,0.26388106158230595,-0.9725413338435674,-0.1634244374668149,0.5671241165745918,-0.37242009537435306,-0.4356824607718736,-0.4390425626350917,-0.6118891105803823,0.026009337427974392,-0.20957061193326582,-0.1662696601405058,-0.1369062909558939,-0.1868650659544226,-0.276510269618387,-0.2311626871577427,-0.5293718835732588,-0.49467750824842827,-0.5003824514197552,-0.5376206781966016,-0.5239149879577804,-0.5170066799071319,-0.5423699071429788,-0.538716247607074,-0.7200284352646887,-0.37760090071127284,-0.40249930118548566,-0.2925392875780595,0.1030065454702543,0.01652743763119684,0.10785287741681288,-0.5065870718606886,-0.22355682934474128,-0.36745656667722343,0.7522687643411041,0.0931488527814158,0.5390833111074899,0
1.087450242096922,-0.5351541900377714,-0.9220929314325366,-0.6192634664464688,-0.8045944247837515,-0.9383676093083198,0.06180092043319829,0.024150063576294914,-0.6170980407417584,-0.6248719664763439,-0.7934559254621398,0.5920268904802471,-0.1404327579009595,0.053928093692285475,-0.7014751621062167,-0.4093739002320842,-0.4390425626350917,0.046799963733610825,-0.8466528914644399,-0.6048926636805966,-0.3173378623323089,-0.3789113069719321,-0.40012278819742175,-0.40033172307364184,-0.8659767367382045,-0.5646855423341396,-0.5835786753586435,-0.3968099250618699,-0.21737099809653898,-0.1589698093541106,-0.09677674493430728,-0.02319572985282658,-0.019463156349214174,-0.1972902670706179,-0.14805880016342904,-0.5082838105156021,0.366713352611014,0.2131605558168339,-0.9220929314325372,0.3834319380970429,-0.46550693988845826,-0.4013400247591276,-0.5365509409847623,0.12627280311523156,-0.563376338216371,-0.624126994206658,0
-0.1810226694360859,-0.5351541900377714,1.2408148755404123,-0.6804465253201208,-0.2869954272574006,-0.8518198051307109,-0.4291370863877638,0.389389998956918,-0.4243025120011519,2.982311181974488,0.4330549795094174,-1.125182136216618,-0.6117621890009887,0.4797152455804442,-0.423653798769651,-0.8297037482408745,-0.8780744187902328,-0.5747857386728219,-0.3906174955955384,-1.0165104335915578,-1.0540858637907953,-1.1565737669746896,-1.2631637335195995,-1.460990965879032,-0.6600910990364331,-1.3039181323952422,-1.0503098026872728,-1.0050930163700853,-1.010370205963361,-1.009702940933526,-0.9792596083772389,-0.9856647815984165,-1.0180267933835598,-1.0590162170632682,-0.1246795121446672,0.22098818562383718,-1.429468233214662,-0.6891648480859995,1.2408148755404111,-0.41333432363002026,-1.1723933108006113,-1.1826386970298444,-0.09492837352213516,1.7241226540371746,0.5979825627768035,2.9818249522672007,2
0.5971815707682133,-0.6837043095113653,-0.42421604001612245,-0.01876307379766276,-0.5856102335226031,-0.4623546863314709,0.43299794998075497,0.03632472808898314,-0.6170980407417584,-0.7412327132005644,-0.41281461012613935,1.9276339112444454,1.1011179386552141,1.5272973206769715,-0.5889485589751131,0.8291521805641587,0.07925893421472764,1.0139889842452972,-0.7350261328570004,-0.5807508589937367,-0.551410571222905,-0.5987817178645524,-0.5480975342435844,-0.299872808006171,-0.7630339178873189,-0.04204339267310492,0.3498835792986151,0.6586434387756281,0.5985031869202876,0.9382825819443403,1.0658594084905073,1.2607619470608962,1.1388706626106269,0.8513541794277913,2.555437050733398,0.07513378639594918,0.9891760164799056,1.2865762311090354,-0.42421604001612284,1.016988344335641,0.2446658415814734,-0.36048393655398964,-0.5544340648533089,-0.2698367043016974,-0.5552416240076341,-0.7404480247380727,0
-2.4274389094924973,0.8017968852245738,2.7099598010314723,1.678500300141793,1.2259862578196248,0.5870374393220368,1.7860709931702354,1.1320445342308492,2.082039361626734,1.469621474559623,0.024218011185565,1.1262696987859373,-0.18871528498925533,-0.8334043845816379,2.4697291079521584,-0.26002222578312545,1.8933141731890955,-0.1516405421989592,0.9110060147852992,0.6987647894098379,0.9078086565418756,0.9476893600915953,1.1840774341791427,0.7794764655094467,0.9526797296274429,0.48766148874010573,0.22764447452206943,0.022412205434332703,-0.12587108949652115,-0.146885531916903,-0.23685338992524893,-0.2887732897743274,-0.2591184292374572,1.6212049362226957,-0.6411492383773156,-0.566305011087575,-0.8882995492790767,-1.12040608008112,2.7099598010314714,-0.45134560885911146,1.4982260687140816,0.8925101163894509,0.7223485695532099,-0.5585128570461776,-0.37462873266431523,1.4696515553588083,1
-1.6881448812984126,1.2474472436453554,1.2816244568040518,1.3997774763840454,2.2412765991213135,2.4910891312294323,-0.3453184022963797,-0.9619977619513845,0.3468796029612744,1.0041784876627413,0.010120184691639042,-0.15209702108839074,-1.037108260969307,-0.6993112302156158,2.8192435570714953,-0.700791801595906,-0.13415932919402151,-0.8578552839001645,0.9634274207611686,-0.4509886588018648,-0.5447702106870017,-0.59583043718143,-0.6699590898110124,-0.9470151213477858,0.6095370001244905,-0.9672612522081796,-0.9280706979107269,-0.880148381398668,-0.8578703582966646,-0.8453567677875028,-0.7971599698890149,-0.7819887581999723,-0.7650573386681924,-0.5267737185383959,-0.7729234072103371,-0.22112695155221324,-0.5239601063663034,-0.3364376447421646,1.2816244568040511,-0.6499494490192589,-0.5158301015544404,-0.6326358139639393,2.4895611235834303,-0.6446618504916054,1.2756144424406524,1.0043674332331491,1
-0.27181316412658596,0.6037300592597818,-0.2854634637197447,0.7471581817317576,-0.14764185100030616,-0.3217145045428565,-0.045965959112866356,0.3772153344442298,-0.23150698326054528,-0.043068232855241965,-0.4269124366200653,-0.9343811332503116,0.4113675516795619,-0.6165376781378245,0.00011115893089153745,0.1673906962171466,2.007645385729497,0.33445531897200054,0.386791955026605,3.761756259055187,3.816286571267581,3.561048404996498,3.0468183549955428,2.590073190562701,0.8840511837268523,1.2245398348838163,0.7499388312945832,0.34628185134708506,0.21725356775354623,0.09963372780213232,0.09933055805301073,-0.005224316023551927,-0.07271988365771266,2.0362273606676857,-0.33509310431352396,-0.41756557978704767,1.8970576901876313,-0.2837043419166744,-0.285463463719745,0.5421676147892878,2.643232047110071,3.5108524648404633,-0.37734822463290796,-0.12660301834612986,-0.347761235152509,-0.04252184154958386,0
0.7839505884172449,-0.3866040705641775,-1.7464464729580753,0.9835816067620424,-0.5457949260205761,-1.0898262666191354,-1.0038937773001095,1.0589965471547251,0.15408407422066794,-0.6248719664763439,-0.19570808211968008,-0.4764587261311331,0.4274617273756605,-0.7017530500019107,-0.37881365237043846,0.5541265361520521,3.660112510980097,0.4124140891597958,-0.9082634615466677,1.654478482450904,1.072655606845678,1.8212684422958312,1.8865222580571028,1.7723843469902636,-0.5743054166606951,1.551779739401311,1.0055296867364516,0.9085327087184625,0.7891279965036583,0.5274171490792816,0.35146851903670573,0.23639135879224973,0.19356375288477964,2.9518111825348763,-0.45624032404710824,-0.7791562662245367,-0.27473768613280997,-0.6094789682608143,-1.746446472958075,1.0656492539868483,3.0155720932733736,1.5217086776790834,-0.5051215507958369,0.03684551786376229,-0.7176692589576633,-0.624126994206658,0
0.7476343905410441,-0.8322544289849592,-0.7343688576197898,-0.061817818930973475,-0.3865336960124681,-0.47317316185367203,0.16956779997926294,-0.4993605104692632,-0.23150698326054528,-0.7412327132005644,0.33437019405193574,2.080274713617523,0.756242745167388,1.7135378128520022,-0.5343902059418507,1.5759105528089525,-0.09604892501388775,1.3850227033209013,-0.8999993810751776,-0.7014598824280361,-0.659316429931336,-0.5973060775229911,-0.5002233516992377,0.041220252455474525,-0.9517624191139428,0.5253293914183785,1.3611343551773116,1.4148872820236797,1.6126271739038198,1.8663550891218847,2.0463959234270983,2.259173826465035,2.1773768451263464,0.6676037930322997,2.257882475949156,0.6008507418547098,1.3867451154238117,1.7084426537129578,-0.7343688576197904,0.9065314017367786,0.32836661047489274,-0.2751450421689824,-0.5588665496928681,-0.015001067591835704,-0.33986917951697543,-0.7404480247380727,0
0.6775960089226583,-0.6341876030201673,-0.3262730449833844,-0.7892164077621686,-0.6851485022776705,-0.6462687702088897,-0.5369039659338285,0.6572326182360406,-0.6170980407417584,-0.7412327132005644,-0.4974015690896949,-0.5336990270210304,-1.6348919296815392,0.26500065149065344,-0.49492064741935,-0.4976087648116858,-0.6490308896676289,-0.5364316913077034,-0.8093103487369235,-0.8345415807643514,-1.0499356384558556,-0.8762021020780597,-0.9593802842836541,-1.0100939749948021,-0.6600910990364331,-0.8542575441733613,-0.7058177801351893,-0.6499872117144785,-0.6214955944132848,-0.5263318434452218,-0.43296069291256695,-0.4405318954437566,-0.44551697481720165,-0.30500601081969914,-0.06729398700770615,0.8569774780812647,0.7530081039729288,0.7451809887673357,-0.3262730449833849,-0.7162253473169059,-0.9278124750709452,-0.9788763585719734,-0.4124331165041447,0.38430366196289634,-0.17657624457228238,-0.7404480247380727,2
0.2054854365320481,-1.0303212549497511,0.7347760678712687,-0.8096107607200527,-0.4263490035144951,-0.3866253576760631,0.8760395658923549,-0.7793777942610741,-0.6170980407417584,-0.7412327132005644,0.3766636735337136,0.191344784250966,1.629926568669881,-0.4096037979433461,-0.7429054114408503,-0.1624781782432906,-0.8346285580248805,0.9014281930650577,-0.9228181107352619,-1.1969704236258356,-1.2353677064209592,-1.236258345418995,-1.1983159771640755,-0.98439518276824,-1.0375481014896808,-0.31984417492536665,-0.07239696447490655,0.033920263918542234,0.003753781020171046,-0.030876468519709866,-0.09677674493430728,-0.1290273890696652,-0.2458042474103326,-0.44757096578171857,0.8572505846433315,-0.008211584591415338,-1.0342726811301228,0.18503612764323907,0.7347760678712677,0.9486865632439386,-0.8480656688798531,-1.1224647845103206,-0.5667937711811197,0.4195049507594805,-0.0032039261999934746,-0.7404480247380727,2
0.14582311144972113,-0.3866040705641775,0.3756517527512324,0.2101068871741465,-0.08791888974726575,-0.5272655394646776,0.02587862725117639,-0.13412057508864125,-0.6170980407417584,1.7023429680080637,1.1520441306996405,0.897308495226348,1.35402641387962,0.3767449467956718,-0.4269784484076154,-0.8303108688687157,-0.7363037152401353,-0.8745309566676075,0.8709190572743402,-0.8251866314481932,-0.7738626491756703,-0.8304572514896623,-0.8658080184015217,-0.8512287139578716,-0.40273405190921896,-0.939010325199475,-0.8947327602443962,-0.8965884649475386,-0.9417452745133476,-0.9492815537474881,-0.9512442793790508,-0.9517187776986759,-0.9780842479021861,-1.017830785629796,-0.45836571386699565,-0.31274274781447775,-1.1114129540595374,0.13816208068724767,0.37565175275123225,0.9031149965996574,-1.0272777446087078,-0.8848777498391383,-0.09797709428790531,0.6770385739748909,0.11455666847567333,1.702293616421638,2
0.7502284046750598,-0.7827377224937612,-0.5711305325652282,-0.6207741592581638,-0.6851485022776705,-0.4623546863314709,0.24141238634330622,-0.00019926544907938006,-0.4243025120011519,-0.15942897957946245,-0.7793580989682138,-0.056696519605237604,0.1354673968893012,-0.4509905739822418,-0.675900934121875,0.13703466482508184,-0.05793852083375396,-0.3700918554524607,-0.8315431920949247,-0.6682649009836038,-0.634415077921698,-0.5943547968398687,-0.5002233516992377,-0.23445770052037596,-0.8831338732133522,0.2051522186530598,0.06095478619041597,0.34628185134708506,0.4612533240202606,0.3824058198327904,0.33746085453761154,0.18447394106323436,0.14030702557628114,0.2747581393591796,-0.3669739516118356,-0.5050782193237804,0.30084742726359087,0.06785101025326071,-0.5711305325652286,0.45538245626625723,-0.21953964970472906,-0.48490256748304184,-0.5554015127920321,-0.21030992592969278,-0.49962398417509,-0.15884287208099884,0
0.9836896767363473,-0.5351541900377714,-0.5629686163125003,-0.8979862902042166,-0.744871463530711,-0.8085459030419065,1.1274956181665061,-0.2923912137535774,-0.6170980407417584,-0.7412327132005644,-0.9203363639074733,1.164429899379193,-1.6119002501156843,-0.9807413072801064,0.09985064806982433,-0.8566194294085053,-0.696668894892796,-0.7161120653769002,-0.32243883170574583,-0.5475558775493043,-0.6627694174100058,-0.7596265150947242,-0.8962734072933788,-1.2297018358399712,-0.5743054166606951,-1.3298148154865548,-1.1392109697974877,-1.097157484243761,-1.05612016026337,-1.0193703628832922,-0.9232289503808624,-0.8818299461403861,-0.8715707932851893,-0.9132831519909818,-0.7176632718932637,-0.5916291815029666,-0.624835847889384,-0.9856431950826448,-0.5629686163125007,-0.657218570313409,-1.2111113351844385,-1.1759773783007457,0.6944272335084763,-0.39189707541195845,-0.8603559189456643,-0.7404480247380727,1
0.21586149306810704,-0.28757065758178146,-0.4078922075106666,0.14137036424201882,-0.505979618518549,-0.375806882153862,0.04982682270585748,0.8763765794644136,0.3468796029612744,-0.27578972630368276,-0.5114993955836209,0.4203059878105552,0.756242745167388,-0.9683252744684377,-0.5463248456678769,-0.48020464014690206,-0.3628217542748242,0.0509688819254716,-0.08808431087244727,2.2679820940557307,2.4052099573881005,2.469074552241202,2.6203029105095443,1.9592846540925353,1.5703366427327572,0.90671690603589,0.11651801563430046,-0.17651280550700274,-0.33174588384656134,-0.41032278004802875,-0.5310143444062261,-0.536379435866554,-0.5653446112613232,-0.09907885365233775,-0.5455066964823808,0.0026874254607785883,-0.1857296789065624,-1.1332964429940175,-0.4078922075106669,0.7954104238085785,0.4105268744193531,2.286576097084691,-0.4455284870631914,-0.4362222352852093,-0.6342947994131329,-0.2751639026124136,0
0.7320703057369575,-1.0303212549497511,-0.2854634637197447,-0.7416295841937727,-0.7249638097796975,-0.6029948681200854,0.45694614543543605,-0.28021654924089023,0.5396751317018809,-0.7412327132005644,-0.17365887855585124,0.667660682699407,1.0075472297903771,2.608984643871414,-0.7733192747843396,1.746461775432899,-0.8829832195557338,-0.24796813110857094,-0.9263802546505245,-1.2058051551185645,-1.2924250636966417,-1.2371018603139834,-1.204235449145878,-0.3745274493098563,-1.0108434746345005,0.4465493738048828,1.1928417460721616,1.6764998816850218,1.8229652004170953,1.6601462729784773,1.863898551411665,1.8319071675706406,1.9416139386467866,-0.24524414420426013,2.055608163220879,1.3304432971133309,-1.3671465249062194,1.5922892957544892,-0.285463463719745,0.9109732992354336,-0.5554934588614621,-0.8605616304191875,-0.5891304935358797,0.06615028243381343,-0.39301471939981203,-0.7404480247380727,1
0.7554164329430874,-1.079837961440949,0.06549893514756369,-1.2484670225174819,-0.6851485022776705,-0.8301828540863087,1.2951329863492733,-1.2541897102558826,1.503652775404914,-0.6248719664763439,-0.5255972220775468,-0.7626602305806196,1.3080430547479103,3.124826875778345,-0.80598850713556,0.3090521760467824,-1.1303652944627187,0.8305565838034258,-0.9344433284134401,-0.9881438130844974,-0.8884088684200045,-0.7463457520206733,-0.7091288755291143,0.24681059026797286,-1.071862374439976,0.11569094979216223,0.39433416285372264,0.36272193489595594,0.1791286058368719,0.06821460646539257,0.32345319003851736,0.5219371563018335,0.5397324803900195,-0.9481323632039198,2.9592611165120126,0.4809616312805779,-1.4081063114803627,-0.48760644617523674,0.06549893514756246,0.9764694009157114,-0.8290661078426965,-0.7028757192296564,-0.5911881608197664,0.33940398425522916,-0.35935072196324647,-0.624126994206658,2
0.33259212909875263,-1.079837961440949,0.22057534394939876,-1.3081393885794388,-0.6254255410246301,-0.3000775534984542,0.9119618590743758,0.2554686893173561,-1.0026890982229715,-0.7412327132005644,-0.08856460076584265,-0.5718592276142862,1.928818403025997,2.4005582950976705,-0.7270493900905585,3.9639183556513817,-0.4695308859791988,2.07706312316978,-0.921584665888771,-0.23673014220598315,0.2968954872387591,0.2408576364837758,0.5007822833189212,1.6789341934391278,-1.0890195109151235,0.812547149340208,4.639364892366494,3.4041373914370334,3.1986255896374636,3.5098168205821194,3.0269324383636884,2.478824439933946,3.881592118998297,1.6560541474356336,0.9613946858178158,-0.1460520058397488,0.9654405478862397,4.227922677597492,0.22057534394939848,1.2921551993438158,1.0637009727778153,0.7376714632641818,-0.5885221352909433,-0.4259215741074055,-0.611837934056512,-0.7404480247380727,0
0.05243860262520537,-0.8322544289849592,-0.35892070999429754,-0.537686054614933,-0.4064413497634816,1.149598166476495,-3.7818844500431137,1.1442191987435362,0.3468796029612744,-0.7412327132005644,3.1821311458249766,-0.45737862583451877,-1.0141165814034523,3.050330678908333,-0.6443593862745202,1.8794708667296003,-0.38568799678290444,0.24273911875106463,-0.860837507199087,-0.8161334546906207,-0.6244545371178429,-0.38333822799661577,-0.1868650659544226,0.907970426642258,-0.9689195555890904,1.2363110544707767,1.7834148989508338,1.9574100391364124,2.1387516483539226,2.0113664183683757,1.8082656269424977,1.7739456530746238,1.7912655721397333,0.4616766358649383,1.6925287838590963,0.7835694397885473,0.7280858619495795,3.2670047149996693,-0.35892070999429676,-0.3235078220140978,0.08034531369255213,-0.15857196440975743,-0.574885436911877,1.0205905498021233,2.817299803909168,-0.7404480247380727,0
0.9525615071281779,-0.9808045484585531,-0.42421604001612245,-1.0067561726462644,-0.665240848526657,-0.7003611478198953,0.6964280999822464,-0.5724084975453873,0.15408407422066794,-0.7412327132005644,-0.6532663501170329,0.3619982687221604,-0.20195134695935188,0.8824913499909771,-0.7296151853242684,1.029016213075725,-1.1353115579419126,0.964627178253099,-0.9148890662124455,-1.1106704049219902,-1.1923207001155918,-1.0874855642232275,-1.0230480101892974,-0.22938692142367628,-0.9660564279634188,0.1596673173178577,0.6882335235780273,1.0074336581717083,1.1866872017227954,0.973918802747911,1.3189767529520857,1.5431601972737803,1.7172921598018485,-1.2171280894695278,3.3559406674700547,0.7931862133640124,-0.7943623823963682,2.2659861107587855,-0.42421604001612284,0.20015060110038804,-0.7272075805156112,-0.8340106688530702,-0.5803642142480494,0.030492996279857246,-0.4828153745724402,-0.7404480247380727,1
-0.34444555987898756,0.05904628785660422,0.032851270136651956,0.21992639045016443,-0.24718011975537363,0.6519482924552435,-1.1116606568461742,0.8276779214136639,0.7324706604424877,0.3060140073174192,1.476294140059937,0.5347865895903499,0.18145075602101118,-1.04282147133845,-0.39884679762483954,-0.3972314876752583,1.253059382962848,-0.6869296380338752,0.6488989849059521,1.127281822601601,1.243146863604999,1.1409982448361136,1.2798257992678364,0.5808948892132829,0.6266941365996381,0.08037729103128144,-0.36132575758310564,-0.2866613652844363,-0.2859959295465525,-0.36198567029919837,-0.3909376994152846,-0.4405318954437566,-0.4588311566443263,0.8798671704201951,-0.7070363227938264,-0.7487031499022304,-0.826587330935545,-0.9469721063439519,0.03285127013665055,0.31081966767041985,1.0698629925736503,1.119068967831348,-0.3926286984578818,-0.22204393270674586,0.31511098540893656,0.30644125004466044,0
0.4259766379232684,-0.6341876030201673,0.17976576268575767,-0.544484172267561,-0.48607196476753556,-0.3325329800650576,0.0019304317964952968,0.20677003126660645,-0.23150698326054528,-0.15942897957946245,-0.5964245670979785,0.4007681482025538,-0.2996719640694266,0.28859111383282393,-0.2342442461526162,-0.2987226162636758,-0.7770627460641196,-0.09302056838805835,-0.2994584012474593,-0.4240987584190334,-0.44261451162277166,-0.53959656350571,-0.5561004865508722,-0.5217854237960399,-0.24860684152704315,-0.5901859721819965,-0.4481174784168906,-0.3911709394208982,-0.4220238029758986,-0.5375556378736847,-0.44644344495345484,-0.4377704993086798,-0.4489386218927844,-1.1053041848644147,0.8780712687431678,0.21617979883610464,-0.21702529190786649,1.9385511418287074,0.1797657626857586,-0.013638183122219866,-0.7211284478054193,-0.48144954114825605,-0.34853274149887753,0.210998800166208,-0.10180485735943383,-0.15884287208099884,1
-2.8891734253470465,2.2872980799605127,2.057006500813223,2.650631124467596,4.092688397965568,2.4910891312294323,0.20549009316128486,-1.0228710845148214,0.3468796029612744,3.0986719286987086,2.5336311271043828,3.225080731415415,-0.20940779659852488,-1.0304054385267813,3.364827087404119,-0.5955575594367482,-0.31708926925866365,-0.7244499017606216,1.1546113719672806,-0.0858438629131088,-0.1397082179968919,-0.14280885232213864,-0.12593428817070865,-0.4026679769124202,1.6904365980587903,-0.7177113969646225,-0.5169028000259821,-0.6812233704573327,-0.6367455791799546,-0.6930948720786869,-0.7271216473935442,-0.7001189840888328,-0.7251147931868186,-0.7992311880213662,-0.7899265257694367,-0.5243117664747107,-1.1826193598405355,-1.0231424326474379,2.0570065008132223,-0.35081158578741384,-0.47064195638498707,-0.19535724672489105,2.205197512931529,-0.5376646328886747,1.2096864087761687,3.098145982798616,1
0.329998114964737,-1.0303212549497511,0.530728161553066,-0.8707938195937046,-0.505979618518549,-0.6462687702088897,1.6184336249874682,-1.2541897102558826,-0.23150698326054528,-0.7412327132005644,-0.18724938622332418,-0.4192184252412358,3.4692609339382874,2.359171519058775,-0.7589319276443711,2.102081763604742,-1.1684756986428522,-0.34507834630129647,-0.9374035960450186,-0.5837685845795941,-0.32231813273423643,0.01951158524959438,0.30058115631528937,2.683523344113836,-1.071862374439976,3.0726213100365736,3.2280588644918287,3.2068563888505848,2.7030010847206998,2.7847601743496626,2.6767408258863346,3.0179668548121814,2.9229710274453247,-0.8720977205575093,1.917820104767165,-0.1909302825252527,-1.247891898473117,0.3139397567722152,0.530728161553066,2.0693173096937825,-0.36948213140336994,0.40179297001252323,-0.5882475645447683,0.21128145583377347,-0.34358346874067236,-0.7404480247380727,0
-0.4015138708273025,0.2571131138213963,1.0530908017276654,-0.021029113015205478,0.9472791053054359,-0.3433514555872587,-2.093536670488098,1.5338084631495337,-0.03871145451993881,0.5387355007658597,1.3917071810963813,4.751488755145947,-0.32436619442780024,0.422270400438457,-0.35537061005145854,-0.532821761226481,-0.32471135009469043,-0.22001080054547498,0.06609629493893335,0.1585919095413477,0.23049188187972472,0.1965884262369397,0.20483279122659606,0.031875237100360734,0.26639427062153825,-0.21625744256011648,-0.27242459047289047,-0.40338595848141817,-0.5528706629632714,-0.5118307105205727,-0.6290679958998852,-0.5603413209722533,-0.5786587930884478,-0.31767845126076755,0.009220046508241651,0.552766873977384,0.40765703593508823,7.21614317104194,1.0530908017276654,-0.2203490543579444,-0.2832138542616862,0.1533257814171468,-0.31808372630520854,1.9107197944127734,1.2801792149237492,0.5390833111074899,2
0.40522452485115423,-0.5846708965289693,-1.0363597589707305,1.3929793587314174,-0.5856102335226031,-0.6138133436422865,0.04982682270585748,-0.6819804781595747,-0.809893569482365,-0.6248719664763439,-1.5970320356159187,-0.5336990270210304,-0.5082996309546409,-0.4758226396055792,-0.5667842280553502,0.2867910863592681,-0.5686179368475466,0.013448618198725212,-0.5937966979337757,-0.4872013658321546,-0.36050020581568115,-0.3597279825316365,-0.38706619295805444,-0.4470567998492097,-0.6086196896109903,-0.29865597966883806,-0.2279740069177831,-0.12883656321527776,-0.12587108949652115,-0.0018742026704115795,-0.07968739424541242,0.20444217865131725,0.3533339348102748,-0.4792520668843894,-0.27133140971690073,0.01967705877743369,0.4729295745676699,0.06785101025326071,-1.0363597589707312,0.1737197374367323,-0.3936167089370552,-0.35582101344362066,-0.5332647347719466,0.10759969575766222,-0.333306432656896,-0.624126994206658,0
0.3715023411089654,-0.08950383161698967,-0.2038443011924639,-0.35413687799397714,-0.3268107347594277,0.26248317365600343,-0.8123082136626608,0.3163420118807929,-0.23150698326054528,-0.15942897957946245,-0.737064619486436,-0.26657762286818537,-0.9221498631400316,-0.07486755334075788,-0.07354261766401267,-0.5761296993458267,-0.13888501931235814,-0.5593607413629372,-0.42392050645079654,-0.23763545988174045,-0.4782005963145696,-0.28447032511201487,-0.4162259223259748,-0.6433021223065947,-0.16253414125715218,-0.5929364693428439,-0.6947051342464123,-0.7535597380723638,-0.7358704801633073,-0.6640926062293886,-0.6010526669016969,-0.6162523862188851,-0.6052871567426971,0.0846715327431539,-0.5731367641409175,0.7034296599930046,0.9927363367689557,0.24362868633822823,-0.203844301192463,-0.30088610360865436,-0.43002397589744423,-0.4517440031426399,-0.11354193717071608,-0.012114896813665081,0.22145410740067628,-0.15884287208099884,2
1.326099542426241,-0.6341876030201673,-0.35892070999429754,-0.38812746625711697,-0.24718011975537363,-0.8950937072195153,-3.889651329589179,-2.4838308260373103,-0.03871145451993881,-0.6248719664763439,2.7873920039950497,-0.45737862583451877,-0.6002663492180609,0.34446326148533307,-0.6286568102921344,0.0006348971034039098,-0.8736536119053374,-0.18165675318035632,-0.7960816527583071,-0.7394832248098405,-0.8767882374821735,-0.798288292043628,-0.8840872517366362,-0.7783375941879859,-0.7204842194289528,-0.5387888592428269,-0.2679795321173797,-0.1479070601319677,-0.07097114433650999,-0.04199400376194093,0.02088763685808356,0.06506388028649936,0.11101582555660712,-1.0292359820267576,0.6413109789427671,0.292472869201461,-0.2723641392734436,0.6926820561766254,-0.35892070999429676,-2.6437838430692215,-1.8170432817748357,-1.6276888027861742,-0.5047260190887499,14.808446197936942,11.31424948497467,-0.624126994206658,0
0.6646259382525873,-0.7332210160025632,-0.6364258625870531,-0.25216511320455715,-0.784686771032738,-0.5164470639424764,-0.2375515227503151,0.4015646634696051,0.5396751317018809,-0.8575934599247846,-0.9908254963771029,-0.34289802405472414,-0.23239947616437945,-0.525486770852254,-0.6579989745328357,-0.7408617630334317,-0.4695308859791988,-0.7994904292141145,-0.3513631133559608,-0.8855411431653429,-0.8336258939988012,-0.7315893486050613,-0.6699590898110124,-0.5451794610779022,-0.9002910096884998,-0.5058294443993384,-0.4502269246933208,-0.37379380809345086,-0.38512083052990514,-0.4369081904098856,-0.46097602191075526,-0.47647472310230565,-0.4987737021257001,-0.43489852534065015,-0.6900332042347269,-0.22939737682711334,-0.8443889323807946,-0.8813484406055639,-0.6364258625870525,0.23982082143851502,-0.9240639130284791,-0.7964302400472184,-0.16776116071834984,-0.04485195016817327,-0.40154833374314164,-0.8567690552694875,1
0.7216942492009023,-0.8817711354761572,-0.587454365070684,-0.5648785252254448,-0.048103582245238724,-0.4948101128980743,-0.3453184022963797,-0.24369255570282775,-0.23150698326054528,-0.6248719664763439,-0.11676025375369456,-0.648179628800825,-1.1520666587985828,2.3343394534354376,-0.7637057835347816,1.7175720326385882,-0.5914841793556269,-0.07826758202221053,-0.8990742974403093,-0.9851260874986401,-0.8734680572142218,-0.6917470593829086,-0.5393931374173395,0.3939945821110118,-0.9860766920642378,0.7654622709923672,1.3833596469548655,1.6779286188056108,1.8718769149372039,1.8518539561972354,1.7382273044470267,1.7639615342805826,1.8178939357939818,0.09417586307395498,1.794547495213693,4.3417756627106465,0.04569113988168126,2.575612522398797,-0.5874543650706846,-0.3596338464041984,-0.215945138157159,-0.44093786387099126,-0.5879303574741852,0.382174742522613,-0.04172050909130182,-0.624126994206658,0
0.8954931961798629,-0.931287841967355,-0.9384167639379924,-0.537686054614933,-0.744871463530711,-0.8085459030419065,1.079599227257144,-0.5480591685200129,-1.0026890982229715,-0.8110491612350965,-0.9203363639074733,0.0005437812846597067,3.354302536109012,1.8542528513842476,-0.750066195276466,1.8592335124682238,-0.05793852083375396,3.2860493988093875,-0.9417206530077371,-0.1311097467009711,0.23547215228165225,0.4326908808867332,0.5617130611026351,1.4219462711735047,-0.8316624637879093,1.9661266688623114,2.0056678167263713,1.9738501226852834,2.0625017245205743,2.228883412238113,2.172464903918945,2.0794596881722907,1.9244073904109789,1.4976486419222788,1.2802031588009322,0.020638736134980015,1.9089254244844645,1.1576726019800596,-0.9384167639379932,2.6929005975292446,0.936866065313554,0.6230227664711416,-0.5867122934982862,-0.47638169902556465,-0.9120359900528977,-0.8102406430569217,0
0.542707273953914,-0.7827377224937612,-0.579292448817956,-0.45384260356585443,-0.6055178872736166,-0.4082623087204653,0.15759370225192265,-0.2558672202155149,-0.03871145451993881,-0.7412327132005644,-0.6242820075350285,-1.0679418353267205,-0.27838283529609026,0.40571569002289876,-0.5548495883293241,-0.02891164011820554,-0.8277686852724563,-0.39927428279548566,-0.7603117522100667,-0.9519311060542076,-0.9166304006975942,-0.8806290231027434,-0.8440470263359096,-0.6105945685636973,-0.41989118838436645,-0.4352021268775768,-0.4057763411382132,-0.34420165770548367,-0.14874606664652548,-0.16380352032899353,-0.09677674493430728,-0.037173496164484406,0.007165207305035071,-1.0685205473940693,0.47255502724370424,0.7867750309803688,0.5975407846844162,1.2982947428480336,-0.5792924488179566,0.19450188397413667,-0.8711732431142326,-0.8512750975834631,-0.5113313866131011,-0.08412016788117258,-0.35728172858483426,-0.7404480247380727,1
0.5219551608817962,-0.5846708965289693,-0.7751784388834309,-0.21137640728878915,-0.5657025797715896,-0.3217145045428565,0.04982682270585748,-0.17064456862670377,-0.03871145451993881,-0.7412327132005644,-0.8639450579317697,-1.220582637699771,-0.4393245922570756,0.757503286353512,-0.558259485393903,0.6793957590299727,-0.4161763201270115,-0.0907743365977927,-0.7356428552802459,-0.5385027007917319,-0.5082482277395327,-0.3420202984329019,-0.3522486056530751,-0.0008323166425364799,-0.6600910990364331,0.5888939771879637,0.47212268407516095,0.40053412705835834,0.5908781945369527,0.6144239466271765,0.575591151022212,0.5638704552368075,0.6861884804883901,-0.33668711192237,-0.1246795121446672,0.07615957557733224,0.8289616034726602,0.7826802263321289,-0.7751784388834314,0.14534252173159423,-0.24983624703424911,-0.30667528415338247,-0.5452530238306172,-0.24492982415377976,-0.41544440641991714,-0.7404480247380727,1
1.0926382703649498,-0.3866040705641775,-1.4607794041125917,-0.4394910218547509,-0.705056156028684,-0.7003611478198953,1.522640843168744,-0.7672031297483859,-0.23150698326054528,-0.7412327132005644,-1.4419559441827332,0.630187091073503,0.2347914526137948,-0.4882386724172479,-0.7170754411766652,-0.12989603788247456,1.0657086360133101,0.5138855579496856,-0.8579080756886707,-0.36854439579623827,-0.6413542546817173,-0.6566268192537517,-0.7606589047404839,-0.825997172499065,-0.7472493523301831,-0.6663888795654759,-0.4524494538710762,-0.38201384986788633,-0.22957098590987454,-0.10338213314295548,-0.011329991489833022,0.08423338837105884,0.18504267651541995,2.1078266491597217,-0.3418943517371638,-0.4048714386674338,-0.09458547950688477,-0.2888604870818335,-1.4607794041125925,0.8194872238271123,0.5351845348890863,-1.6276888027861742,-0.5577507000391013,-1.0570378848648116,-1.2644426015097567,-0.7404480247380727,0
0.7268822774689299,-0.5351541900377714,-0.6201020300815973,-0.5913156494301093,-0.7249638097796975,-0.7219980988642976,0.3252310704346898,-0.2071685621647652,0.15408407422066794,-0.5085112197521235,-0.3705211306443615,-0.09485672019849344,-2.4487973863128083,-0.7820847822934072,-0.45511009919039136,-0.7534089226754851,-0.5686179368475466,-0.7744769200629502,-0.5167063950280854,-0.7799207476603308,-0.8801084177501252,-0.8688239003702537,-0.8832168120540115,-1.0404652748989216,-0.6549439580938888,-1.0284715940603728,-0.8725074684668426,-0.8982324733024258,-0.8891328270683373,-0.8260219238879706,-0.7971599698890149,-0.7380586355061901,-0.7477489022929302,-0.6946835543825519,-0.7516695090114628,-0.6333018669966488,-1.0224049468332899,-1.0829068425163269,-0.6201020300815987,-1.1807826827575025,-0.9153343849843802,-0.9215520101754532,-0.23717416705930378,0.02770056071287873,-0.49281960717083917,-0.5078059636752432,0
1.0926382703649498,-1.0303212549497511,-0.9139310151798086,-0.27935758381506914,-0.705056156028684,-0.5380840149868786,-0.3093961091143584,-0.98634709097676,1.1180617179237005,-0.7412327132005644,0.022753301939281732,1.2769281530759553,1.3644696516542605,2.798023653883328,-0.7774017851073175,1.313216578592017,-0.831245671108938,-0.3089403916752497,-0.9216770871810794,-1.210538646462807,-1.3277973519507662,-1.2633886439659179,-1.2686863318600818,-0.7758848964010298,-1.020163031748087,-0.14860743121171124,0.4289118278251082,0.863800569924409,1.0183804428009124,0.9141632088584315,1.124157858638536,1.1543956062674565,1.2726212913378916,0.024462768512983676,1.3920568088723246,0.9400022899494467,-1.286985761871186,0.9672694778455337,-0.9139310151798092,1.3708479248054348,-0.6490207576303042,-1.0263111872631139,-0.5886919210924136,0.5943503654322821,0.11476357740512204,-0.7404480247380727,1
1.1263604541071384,-0.7332210160025632,-1.6566653941780665,-0.38284004141618416,-0.7647791172817244,-1.1006447421413366,0.9478841522563977,-0.8280764523118227,1.503652775404914,-0.5085112197521235,-1.0895102818345845,-0.6290995285041836,0.24582745880540566,-0.4427132187744627,-0.7234689981727506,0.09352435316312235,2.4946963511516067,1.2699605612255453,-0.9125805185093863,0.05689455729795024,-0.18884688596257745,-0.4098997541447175,-0.7674483342649548,-0.8886087753783258,-0.7115625084618761,-0.6258958841863328,-0.31687517402799803,-0.15678470524835791,0.14862863630353274,0.3944900972699979,0.5195604930258354,0.4660260910552018,0.592989207698518,3.715325719109247,-0.22882361331915185,-0.06802791623080823,0.8147203223164605,-0.18878439683079185,-1.6566653941780662,0.9002382162577475,1.8289724812555008,-0.2046090782930833,-0.5673405082277827,-0.4658513386860729,-1.065397718459893,-0.5078059636752432,0
0.9344034081900756,-0.8322544289849592,-0.5629686163125003,-0.8783472836521802,-0.5856102335226031,-0.4839916373758732,0.24141238634330622,-0.5602338330327,0.15408407422066794,-0.6248719664763439,-0.6101841810411026,-0.01853631901198177,-0.20940779659852488,1.0182399753985547,-0.6895405223801906,0.7643926469277541,-0.8209088125200321,0.2344012823673431,-0.849119781157422,-0.6652471753977464,-0.5829522837684464,-0.44531512234218656,-0.3914183913711769,0.33091572846399525,-0.8659767367382045,0.5300378792531625,0.7943894148496907,0.9545649426553006,1.0560027299203774,0.8561094953713286,0.9117750990004717,0.9013336704754064,0.8859012078952594,-0.7928949678008319,1.0889180750110627,0.8861483579268422,0.05755887417851444,1.837346282841934,-0.5629686163125007,0.23381438290794765,-0.48399299927596173,-0.3207380681370348,-0.5711166633262891,0.08049871006283578,-0.28031480598793024,-0.624126994206658,2
0.2521776909443078,-0.03998712512579167,-0.6037781975761414,0.1421257106478665,0.13106530151388265,-0.7219980988642976,-0.6805931386619151,0.9615992310532259,-0.6170980407417584,-0.043068232855241965,-0.17315155972939825,0.0005437812846597067,0.08948403775759123,-0.6455084213650515,-0.27523802903385447,-0.10378985088529873,0.27743303595142327,-0.4659769738652572,1.14227692350237,0.9703600921370117,1.276348666284516,1.2295366653297863,1.4147439500746315,1.1649583489078812,1.0727796849534763,0.8596320276880492,0.5054606217414916,0.1983210994072491,0.13337865153686307,0.005376363791913046,-0.18082273192887227,-0.2967605848095605,-0.2990609747188309,0.13536129450742748,-0.6751554754955148,0.27067484909707357,0.016021804139598736,-0.7876003466935814,-0.6037781975761406,0.435937474971338,0.5245242406422924,1.217952543632189,-0.41075063981139576,0.23375694562861563,-0.33794690450785964,-0.04252184154958386,0
0.5868055142321544,-0.4361207770553754,-0.5548067000597723,-0.6532540547096088,-0.8045944247837515,-0.9924599869193254,0.7323503931642683,0.4502633215203548,-1.0026890982229715,-0.7412327132005644,-0.5960863545471766,-0.4001383249446214,-0.46231627182293017,-0.7406980062545115,-0.7031801106385062,-0.3891365459707077,0.1402355809029417,0.3469620735475826,-0.7982401812396664,-0.0858438629131088,-0.2708553385809849,-0.24610367623142318,-0.513279946938605,-0.8325386832476445,-0.6086196896109903,-0.8401320806690091,-0.6724798424688585,-0.6582072534889138,-0.61387060202995,-0.4731610227215084,-0.3909376994152846,-0.27878917098028605,-0.16591915644758487,0.33178412134398727,-0.41798330728913424,-0.7230584203676568,-0.3459440919138082,-0.8168966260410759,-0.5548067000597727,0.07098002354095355,-0.018760504690453567,-0.32480887402703956,-0.5390248347864255,-0.2931628367531888,-0.8977598870177466,-0.7404480247380727,0
0.3092460018926228,-0.6837043095113653,-0.02428214363244503,-0.6071779239529078,-0.46616431101652206,-0.2135297493208454,0.19351599543394404,-0.0610725880125162,0.15408407422066794,-0.3921504730279032,-0.3705211306443615,-0.7245000299873368,-0.25539115573023485,0.8526928712429721,-0.34684586739001133,0.839270857694847,-0.741639171825354,-0.4659769738652572,-0.47353582540089884,-0.8795056919936279,-0.9066698598937389,-0.849640575929958,-0.8005250422046852,-0.2835190311347222,-0.5056768707601046,0.13687914504869061,0.5387985594078223,0.7244037729711109,0.7891279965036583,0.7739364087983169,0.8557444410040951,0.719622708423853,0.8592728442410101,-0.7422052060365585,0.8763790930223184,1.075278238244323,-0.39341502910114007,1.0873615315460723,-0.024282143632445283,0.06271841713008856,-0.5979903654989009,-0.662093645677064,-0.5128019300969245,-0.03125692814681148,-0.2045897675288772,-0.3914849331438284,1
-0.9384747965682709,0.8017968852245738,1.37956745183679,0.2372993577846582,0.17088060901590968,-0.018797189921225456,-0.47703347729712603,2.30081232744884,0.3468796029612744,1.1205392343869618,-0.243640692199028,0.36306568692065794,-0.1680227733799858,-0.3847717323200087,0.3555929279132417,-0.3266031213030542,0.24694471260731626,-0.6306492424437555,1.3457953231733926,0.35414052750491276,0.36329909259779347,0.524180582063528,0.611763342853543,0.28886315936598383,1.2786653226552476,0.016812705261696263,-0.13907283980756793,-0.29488140705887167,-0.3698708457632355,-0.30881484957548494,-0.3489147059180021,-0.4085827153028242,-0.4987737021257001,-0.010371770564858954,-0.6135191707187789,0.3565846930378954,-0.05815153521560759,-0.40792056635005153,1.379567451836789,-0.20156689512512702,0.14473842055902325,0.38728609811359715,-0.08307259488611203,0.03014971519012788,-0.11042822399859839,1.1206884637645642,0
-0.39891985669329055,0.306629820312594,-0.3915683750052093,0.6315901816370818,0.15097295526489618,-0.24598517588744864,-0.7165154318439364,0.4380886570076666,0.3468796029612744,-0.46196692106243537,1.0956528247239368,-0.9725413338435674,0.18145075602101118,-0.18611520733330944,-0.16953122003190857,-0.13212214685122584,-0.004583954981566675,0.1593607549138503,-0.7439686079940604,0.49657717515738614,0.5957117113544138,0.4695818894257634,0.41373831505647257,0.22812055955774568,-0.4713625978098094,0.005041485674735859,-0.05017167269735275,-0.161716730313019,-0.13349608187985582,-0.08163043375598182,-0.22284572542615477,-0.220881281974846,-0.2458042474103326,-0.02304421100592735,0.047477063266215744,0.03346110090226704,4.110390136546988,0.8998653437221072,-0.3915683750052087,0.4308504352942173,0.1938291782658385,0.5044512930931868,-0.3686474519284042,0.2067643883829639,0.00526004422972828,-0.4612775514626772,0
-0.8424962736097394,0.9998637111893657,1.3550817030786046,0.34153716179162075,0.9671867590564495,1.5390632852757347,0.6006353181635221,-1.8872722649156277,-0.6170980407417584,0.887817740938521,0.2779788880762319,0.2676651854375048,0.1929465958039389,-1.0755170244091776,1.4365302973847525,-0.9169267451074073,-0.3048939399210209,-1.0141897160949414,0.5918521607557413,-0.4959527700311413,-0.5510785531961099,-0.5338535428358592,-0.5193730247169764,-0.8185211602149741,0.849736910776557,-0.9766782278777476,-1.0058592191321651,-1.0774293839851163,-1.139995076480053,-1.11121087140607,-1.063305595371804,-1.0335885518098153,-1.0712835206920583,-0.44757096578171857,-0.8430612712666228,-0.4710989526904703,-1.3327461986954732,-0.989158748604344,1.355081703078605,-0.0034042953848209597,-0.7069040653902766,-0.6456623928119538,3.6340111241125097,-0.15190113313247905,1.0050013487215617,0.8880464027017345,2
0.7865446025512606,-0.23805395109058358,-1.0200359264652747,-0.16378958372039332,-0.5457949260205761,-0.3108960290206554,0.02587862725117639,-0.3654392008297014,-0.03871145451993881,-0.3921504730279032,-0.6947711400046581,0.4393860881071967,-0.3703495535595102,-0.4634066067939105,-0.5395050515387191,0.007515597552272139,0.08688101505075439,-0.39927428279548566,-0.5876294737013205,-0.46607728673115223,-0.2841360596527917,-0.2756164830626475,-0.26085243897750404,-0.16670633919580258,-0.5743054166606951,-0.19271500338619607,-0.23908665280656002,0.005972121885462076,0.24775353728688557,0.3413192765462845,0.2674225320421407,0.31227066162696426,0.3133913893289009,0.17021050572036536,-0.40735635818969707,-0.609259933057986,-0.2521889909688273,-0.4454198039148446,-1.0200359264652752,0.26075798187771176,-0.05008410531927901,-0.24679743024404083,-0.5094335252610336,-0.3014524635690573,-0.43847122869768795,-0.3914849331438284,0
0.11753787452085532,0.2837501394403679,0.6410182229855481,-0.06223596743052625,-0.07415001257717184,-0.2266554826558384,-0.4112397064589617,0.8219346166491545,-0.40948644629555997,0.5655619808239736,-0.1364972108451909,0.36306568692065794,-0.25539115573023485,-0.4220198307550148,-0.003298738133687288,-0.12605094057281294,-0.004583954981566675,-0.6910985562257358,0.3775411186779222,0.6595343567936905,0.7783216260917584,0.7425753526145872,0.8489581563687155,0.7911577347033384,0.40365136242271915,0.5841854893531797,0.33877093340983816,0.1079006398884602,-0.05724615804650763,-0.09854842216807254,-0.1668150674297781,-0.2927669372919441,-0.36563188385445405,-0.18144971651928218,-0.6539015772966403,-0.1139960939215317,0.38985543448983845,-0.7641633232155857,0.6410182229855474,-0.09413368532445048,0.1471005281474264,0.7652789286636694,-0.31272308274247435,0.40492256296796625,0.11510481729088472,0.5659006347646327,0
0.8462069276335875,0.20759640733019827,-1.0445216752234585,1.3582334240624294,0.4097724540280716,0.7709515231994559,-0.47703347729712603,-2.374258845423124,-0.809893569482365,-0.27578972630368276,-0.6806733135107322,0.17226468395435163,-0.7841997857449017,-0.9972960176956648,1.2421661647037552,-1.0156850339029249,-0.27897886507852987,-1.0667180853123865,0.5471397850704409,-0.03454252795353144,-0.2210526345617091,-0.3567767018485139,-0.4567013675680134,-1.0311202595438078,0.06050863291976687,-1.188560180443032,-1.205886845130149,-1.2533382779580327,-1.2619949546134104,-1.2151356573660557,-1.1473515823663687,-1.1094678546445298,-1.1112260661734323,-0.7105241049338874,-0.911073745503021,-0.5068733503912006,-0.37561342765589073,-1.2106386204714032,-1.044521675223458,-0.007835701618696846,-0.6188898826397733,-0.39971170240312554,8.056548664022158,0.044201493382159694,0.9901590056047863,-0.2751639026124136,2
0.01871641888301656,0.009529581365406346,0.10630851641120481,-0.19778017198353331,-0.1874571585023332,0.31657555126700904,-0.8961268977540449,0.9859485600786001,-0.4243025120011519,-0.043068232855241965,-0.5977780937264477,-0.32610753579367313,-1.0370037613857326,-0.17065674972112138,0.042021129176483624,-0.43619868950555735,-0.23333838735520654,-0.6869349614756931,0.1996703935210714,-0.031044937876905102,-0.08889938341582822,-0.15275923992013268,-0.2370292241107173,-0.3529386836471525,0.25818897603130675,-0.5508311486131706,-0.5489370459921336,-0.5901930392328442,-0.579626398684343,-0.5895036131135886,-0.5730373379035085,-0.581766353789341,-0.5871356424178281,-0.5399770162732025,-0.2978816308215539,-0.04655045524560293,0.36987554802167977,-0.12930267698722256,0.10630851641120458,-0.43578409574605215,-0.3534459913021395,-0.16443290920965734,-0.15706313463988372,-0.11748143406967444,0.12280545313620533,-0.04252184154958386,1
0.24958367681029214,-1.079837961440949,0.7266141516185408,-0.7960145254147967,-0.46616431101652206,-0.375806882153862,0.8281431749829927,-0.7428538007230115,-0.6170980407417584,-0.7412327132005644,0.16519627612482424,0.191344784250966,1.7218932869333017,-0.18197652972941988,-0.681868253984888,0.39809653479683893,-0.8178599801856216,0.8597390111464506,-0.894140518054345,-1.0666046783167922,-1.0776591436932526,-1.0340956186251091,-0.909330002532746,-0.47742809975332884,-0.9860766920642378,0.6242076359488444,0.849952644293575,0.93812485910643,0.842502943187002,0.6893464667378637,0.5335681575249296,0.4520483247435438,0.24682048019327812,-0.4760839567741224,0.840247466084232,0.16489033976695722,-0.37561342765589073,0.6772136206811481,0.7266141516185397,1.0031352674702287,-0.6508810354131477,-0.8102709800732342,-0.5636101719451122,0.4229299282965748,0.00830519818833919,-0.7404480247380727,2
0.4130065672531975,-0.6341876030201673,-0.6201020300815973,-0.21137640728878915,-0.46616431101652206,-0.3217145045428565,-1.0757383636641529,0.1093727151651071,-0.03871145451993881,-0.5085112197521235,0.8277941213393439,-0.5718592276142862,-0.8761665040083216,2.069464086786505,-0.681868253984888,1.4949611357634465,-0.33233343093071716,-0.31172700076641074,-0.692780646864682,0.22196414684435498,0.7633808148859755,0.6540369321209146,0.7314487992144099,1.1182332721323134,-0.7973481908376141,1.1421412977750947,1.3611343551773116,1.4970876997680331,1.6736271129704985,1.5884167080661096,1.3179973694742022,1.18687946798499,1.1122422989563776,0.008636890096743503,0.36416014642944455,0.254646893137965,1.1102269063076022,2.647095444006684,-0.6201020300815987,-0.17607104254343092,0.37971677544018034,0.8583153469134119,-0.5767830658461741,0.6127155942532414,0.31260639936096873,-0.5078059636752432,0
1.1419245389112214,-0.9808045484585531,-0.7180450251143339,-1.1729323819327266,-0.6453331947756435,-0.4407177352870687,0.3372051681620306,-0.5480591685200129,-0.4243025120011519,-0.7412327132005644,-0.8921407109196213,0.07686418247117137,-1.0600999405351623,0.1408403233739664,-0.6724910370572962,-0.14831203026032713,-1.0267049950927545,-0.6494093743071286,-0.9070916889425011,-1.003232441013785,-1.0261963495400008,-0.9824482066704668,-1.0137827644476844,-0.8465562062803149,-0.8659767367382045,-0.6188331524341566,-0.3502131116943287,-0.23898512299271132,-0.04199617327983796,-0.1758877977662011,-0.19483039642796643,-0.2528304621157785,-0.2857467928917063,-1.2427666034587599,-0.25007751151802626,-0.09091583734041542,-0.5120923720694702,-0.1782377362656938,-0.7180450251143344,-0.2708372791227627,-1.1001949788594168,-0.9662198529866862,-0.5423518254160072,-0.13543354579805417,-0.41506667083392584,-0.7404480247380727,2
-0.08763816061157012,-0.23805395109058358,0.9959573879585684,0.6640700770885266,-0.1675495047513197,-0.19189279827644315,0.37312746134405195,-0.4019631943677639,-0.6170980407417584,1.5859822212838433,-0.4551080896079172,-0.20933732197828805,0.25042579471857657,-0.39304908752778783,-0.028872966118029024,-0.9733889634966478,-0.6776136928027292,-0.8578552839001645,-0.12200404415095101,-0.6954244312563211,-0.8502267953385598,-0.8614456986624477,-0.9136822009458685,-1.1969942820970738,-0.3684197789589237,-1.2238738392039128,-1.128098323908711,-1.1777138936332274,-1.2086200079300666,-1.1885502470041989,-1.1333439178672746,-1.1034773833681049,-1.1245402480005569,-1.055848106953001,-0.5731367641409175,0.275162676765624,-1.081743618317455,-0.8028344119542785,0.9959573879585675,0.1084250423907491,-1.0456097535013156,-0.9480862631130291,1.5752769251776786,0.5918476285382631,0.2799288566662372,1.5859725858902234,2
-1.5428800897936095,0.9998637111893657,1.7795013482204673,1.2026320644578334,2.141738330366245,0.8683178028992657,-0.8123082136626608,-0.4993605104692632,0.5396751317018809,1.1205392343869618,0.7573049888697141,-0.4192184252412358,-0.3703495535595102,-0.707588585423395,2.1457888868171633,-0.6501984159424647,-0.012206035817593431,-0.674422883458293,2.2770461822741312,-0.14619837463025856,-0.08492524357568858,-0.2608600796470355,-0.23909144691189188,-0.6339571069514811,0.8840511837268523,-0.7177113969646225,-0.7058177801351893,-0.7552037464272509,-0.7358704801633073,-0.6955117275661283,-0.6850986538962618,-0.6761570989831335,-0.645229702224071,-0.30817412092996616,-0.6326476790977659,-0.46661112502191987,-0.6367035821862169,-0.8813484406055639,1.7795013482204667,-0.38365200903871666,-0.2559982668300836,-0.22577726892110775,1.6332907276778013,1.0226819509986877,1.70169231366547,1.1206884637645642,2
-0.20177478250820008,0.15807970083900025,0.4082994177621441,0.19802134468058555,-0.4064413497634816,-0.20271127379864426,0.13364550679724158,0.8520272504390394,-0.23150698326054528,0.07329251386897835,-0.4551080896079172,0.40122588751391375,0.31940083341614195,0.08703751452340203,-0.036545234513331595,-0.4478248733286996,0.4070084101638781,0.07598239107663596,0.22027690075031398,-0.17637563048883342,-0.08492524357568858,-0.2165908694001991,-0.32613541517434047,-0.5171444150125615,-0.025277049455971298,-0.5764567619210997,-0.6835924883576354,-0.5743628273896734,-0.5299956858132668,-0.4538261788219762,-0.46097602191075526,-0.45650648551422285,-0.4588311566443263,0.13536129450742748,-0.10130022412590527,-0.40249930118548566,0.7280858619495795,0.9467393906780984,0.4082994177621442,0.29226397371504026,0.17020810238180595,-0.21349083659854798,-0.18977231184117682,-0.14878868821278637,-0.32722148572323917,0.0737991889818308,0
0.6542498817165283,-0.8817711354761572,-0.4976732862906753,-0.7514490874697909,-0.5657025797715896,-0.278440602454052,0.27733467952532814,-0.13412057508864125,-0.6170980407417584,-0.7412327132005644,-0.737064619486436,-0.6863398293940809,1.009151220391794,1.2955313748591557,-0.7355741327520057,1.3735370101951874,-0.8049024427643761,0.1593607549138503,-0.902157909556537,-0.508325444933157,-0.46674597439013626,-0.1723216591533627,-0.17816066912817793,0.8145202730911222,-0.9174481461636474,1.6365325204274246,1.8945413578386023,2.023170373331895,1.9405018463872172,1.7672640141367824,1.5981506594560848,1.2607619470608962,1.0456713898207546,-0.5616229297513339,0.8976329912211928,-0.17810791775796592,0.25337649007625895,1.767035212407947,-0.49767328629067464,0.9849327849073087,-0.29194338230578515,-0.020830696022508435,-0.5831744067404707,-0.2861219005603737,-0.437879788404991,-0.7404480247380727,0
0.2573657192123354,-1.0303212549497511,-0.3262730449833844,-0.5157810088453538,0.13106530151388265,0.23002774708940033,-1.1116606568461742,0.389389998956918,0.15408407422066794,-0.7412327132005644,1.1379463042057145,0.019623881581274066,1.928818403025997,2.330200775831548,-0.5326852574095613,1.515198490024823,-0.4771529668152255,2.619022488111673,-0.9074000501541238,-0.8463107105491955,-0.7074590438166358,-0.6179650423048481,-0.5306887405910946,0.4640821972743633,-1.0375481014896808,1.3304808111664586,1.3833596469548655,1.4313273655725507,1.3000024861870918,1.5279953208800716,1.6121583239551793,1.6102061048523448,1.6314953902142377,0.7056211143555046,2.406659763341277,2.995427362145528,1.0900517580029865,2.563894010659799,-0.3262730449833849,1.496897370028345,0.1933156766161855,-0.34190625876505926,-0.5578143840794086,0.12807062838489222,0.3508041810969587,-0.7404480247380727,0
0.8877111537778196,-0.5351541900377714,-0.6772354438506942,-0.6124653487938408,-0.48607196476753556,-0.1702558472320409,-0.18965513184095292,0.20677003126660645,-0.23150698326054528,-0.6248719664763439,-0.680825539591922,1.4313452796532373,-0.8300540600368334,0.08148172083156204,-0.550077296441003,-0.1161139684859277,-0.4784292851462572,-0.7044815675607569,-0.8538826346542889,-0.535125342736719,-0.3741841516860494,-0.3410322764700529,-0.28810913534033955,-0.17521785326072697,-0.4653454576753796,-0.20861844280438435,-0.2618222680788527,-0.18624881184904493,-0.11358532231453693,-0.13903821371314742,-0.1525408066728549,-0.10050598130737105,-0.08437117677845155,-0.5926680723925827,-0.4427182064631188,0.14213064230502281,1.7363325110302552,1.316489364569217,-0.6772354438506946,-0.13257071135488904,-0.5277522590885477,-0.3588500905911125,-0.5022766317727807,-0.31705655628711304,-0.3732417735371127,-0.624126994206658,1
0.7009421361287881,-0.8817711354761572,-0.04876789239062883,-0.9689888523538868,-0.505979618518549,-0.5489024905090798,0.15759370225192265,0.1337220441904814,-0.03871145451993881,-0.6248719664763439,-0.5960863545471766,0.13410448336106867,-0.5082996309546409,1.092736172268567,-0.6665237171942829,0.5680903105924018,-0.863592465201782,-0.21167296416175344,-0.7862140939863788,-0.6531762730543164,-0.6244545371178429,-0.44826640302530907,-0.38706619295805444,0.223448051880189,-0.7630339178873189,0.39820021987920773,0.5721364970741527,0.7079636894222403,0.7662530193536536,0.5781711143155536,0.6036064800204004,0.5958196353777396,0.5663608440442688,-0.8530890598959069,0.5490690607596521,1.2636387766757666,-0.049250734492982916,1.0170504611120856,-0.04876789239062921,-0.08416069617992486,-0.6303409694270322,-0.38143008322437727,-0.56370490305337,0.18748740418405968,-0.2699108257854153,-0.624126994206658,2
0.81767277215943,-0.6837043095113653,-0.701721192608878,-0.20231225041861858,-0.5657025797715896,-0.4948101128980743,0.7802467840736306,-0.5480591685200129,-0.4243025120011519,-0.6248719664763439,-0.5678907015593248,1.7749931088713948,0.34239251298199735,0.9354664233207635,0.19362281734574402,0.39404906394456357,-0.4085542392909847,0.45535394653596123,-0.8161251315137866,-0.5445381519634468,-0.5480903909549534,-0.5382804638605427,-0.5306887405910946,-0.31155407720006295,-0.7630339178873189,-0.1715268081296677,0.3832215169649458,0.3956021019936972,0.4231283621035866,0.5080823051797496,0.575591151022212,0.6038069304129728,0.5530466622171442,-0.15927294574741271,1.36521875159643,0.20015184287699586,0.7814906662853279,0.3725323154672044,-0.7017211926088786,0.6285706073327895,-0.2621602866259184,-0.40526280134404125,-0.3669845892063361,-0.3892160211534189,-0.6584576240877474,-0.624126994206658,0
0.18732733759394954,-0.4361207770553754,-1.4118079065962228,-0.8859007477106556,0.19078826276692318,2.036713159296986,-0.39321479320574193,0.3163420118807929,-0.809893569482365,-0.5085112197521235,0.9546745597846772,0.22950498484424894,0.04350067862588125,-0.4220198307550148,-0.36560030124519527,-0.1361696177035012,-0.4771529668152255,0.5095498830301505,-0.7048067341179698,-0.855363887306768,-0.8286456235968735,-0.799468804316877,-0.7570030580734609,-0.4984543843023343,-0.9002910096884998,-0.28217627224709385,-0.17241077747389863,-0.17486879715211556,-0.10299611234651664,-0.11304955509272158,-0.12479207393249561,-0.13102421282847343,-0.08603406548483729,-0.339855222032637,0.004969266868466857,-1.043617539549828,0.18217008429526074,0.4545618976401894,-1.4118079065962226,0.6680688505080004,-0.5230191246495806,-0.7561662690624449,-0.4360390931100356,-2.0376317139474303,-0.6353157183600308,-0.5078059636752432,0
-2.2640160190495937,1.891164428030929,1.8692824270004762,1.576528535352373,0.4296801077790851,-0.14861889618763865,0.13364550679724158,2.3860349790376523,-0.03871145451993881,1.236899981111182,1.6736637109749004,-0.34289802405472414,-0.8531748244424671,-0.641369743761162,1.0972455394591518,-0.7230528912834203,0.8643332603254835,-0.7578012472955074,1.2039491658269224,0.7410129476118429,0.6123126126941724,0.4622036877179573,0.2309459817053304,-0.3886504538797499,0.7639512284008193,-0.6141246645993725,-0.8280568849117349,-0.8620642894949103,-0.8807453354466689,-0.8767758891242425,-0.8531906278853916,-0.8558712372758785,-0.8316282478038154,0.48702151674707506,-0.8409358814467354,-0.6307373940431915,-0.2925392875780595,-0.9036136129096599,1.8692824270004766,-0.6476587549967266,0.521443230744375,0.4082322447839852,1.1276459574695754,-0.027186540480321795,-0.27445351642675675,1.2370094942959784,1
0.15879318211979204,0.2571131138213963,-0.46502562127976216,-0.21137640728878915,0.09124999401185574,-0.1161634696210353,-0.010043665930844983,-0.2558672202155149,-0.23150698326054528,0.07329251386897835,0.5317397649668988,-0.037616419308596126,-0.3703495535595102,-0.4634066067939105,0.57723623711087,-0.5692489988969587,0.048770610870620616,-0.04908515467918554,0.5656414577678066,0.36681497496551424,0.2138909805399661,0.1965884262369397,0.11343662455102499,-0.3536066462980739,0.09482290587006194,-0.6235416402689408,-0.7613810095790736,-0.6483432033595913,-0.6367455791799546,-0.6375071958675318,-0.615060331400791,-0.6521952138774341,-0.6052871567426971,-0.30500601081969914,-0.4689926629664328,-0.16528555299067912,-0.037383000196149735,-0.6235411823476117,-0.4650256212797627,0.10536156638094424,-0.024922524486288056,0.13326781057730552,0.2937266113837186,-0.14980806001647332,-0.2003353887869013,0.0737991889818308,0
-1.2341924078459048,1.0988971241717618,1.0122812204640244,0.8257142079399032,1.1463556428155708,1.387604627964919,-0.10583644774956935,-0.8037271232864485,-0.03871145451993881,0.7714569942143008,0.8700876008211215,-0.7626602305806196,-0.42093124860439113,-1.013850728111223,2.0520167175412434,-0.6805544473345295,-0.22562429922634258,-0.5243418285513072,1.0405177236668588,0.14350328161206025,-0.011881277680750668,-0.3375933774082183,-0.4567013675680134,-0.8979537907334395,0.7467940919256716,-0.894279690769026,-0.8280568849117349,-0.7897279218798793,-0.7892454268466511,-0.7462656928024003,-0.7411293118926383,-0.6901348652947914,-0.6984864295325693,-0.6883473341620179,-0.5965160521596794,-0.8897491623423857,-0.6426374493346335,-1.0418920514298344,1.0122812204640235,-2.6437838430692215,-0.36640112150545256,-0.18307081440233108,1.7207371656855208,-0.21721136900460417,0.8391617554223479,0.7717253721703198,1
0.09134881463541812,1.0493804176805637,-0.10590130615972582,0.7403600640791298,0.17088060901590968,-0.18107432275424204,0.24141238634330622,-1.0959190715909464,-0.6170980407417584,0.6550962474900802,0.038315837679490955,1.6986727076848833,0.5493176290746926,-0.9517705640528795,0.8329785169542875,-0.346638102021817,1.2378152212907945,-0.4659769738652572,1.3858822806843514,1.1212463714298861,1.1269405542266888,0.860626579939484,1.1579642437004078,0.5808948892132829,1.8105365533848237,0.5535803184270829,0.06095478619041597,-0.18637685563632508,-0.31649589907989184,-0.30156428311316036,-0.40494536391437874,-0.4325446004085235,-0.43220279299007713,1.0731218871464878,-0.6262715096381036,-0.7006192820249048,-0.20946514750022854,-0.9985335579955423,-0.10590130615972729,0.5727768034969863,1.0637009727778153,1.060227319057644,0.14379765464746513,0.3548407784979785,0.1681815500920105,0.6554043416389048,0
-1.1875001534336451,0.9008302982069696,0.3430040877403192,0.5945782077505519,0.6884796065422605,0.5762189637998357,-1.614572761394477,1.558157792174909,0.3468796029612744,0.6550962474900802,2.829685483476828,-0.34289802405472414,-1.313008415759568,-0.5006547052289166,0.4749393251735031,-0.6076999719935741,0.4070084101638781,-0.7327877381443431,2.733420775475818,0.2793009329756472,0.15246764558285927,0.06378079549643077,0.15695860868224928,-0.2952003003286141,1.3816081415061332,-0.6258958841863328,-0.6658122549355924,-0.7075275041355258,-0.7701829458883139,-0.7293477043903097,-0.7075109170948124,-0.6921316890535997,-0.6718580658783201,0.08783964285342093,-0.7771741868501121,-0.47622789859738507,-0.6901083865219654,-0.978612088039246,0.3430040877403204,-0.6436670221077813,0.10345288792693169,0.08401105930824844,0.29363669677986676,0.04214265465084106,0.49136599817668464,0.6554043416389048,0
1.3183175000241976,-0.7332210160025632,-1.3546744928271273,-0.9047844078568444,-0.6851485022776705,-0.6029948681200854,-0.7644118227532986,-0.1828192331393909,-0.6170980407417584,-0.7412327132005644,-0.10266242725976861,0.36306568692065794,1.2160763364844893,1.1341229483074626,-0.5795713420475211,1.3532996559338109,0.10974725755883466,2.0687252867860586,-0.8028655994140078,1.3505935159550548,1.500460834371257,1.2221584636219802,0.9011845373261849,1.0364643877750699,-0.7801910543624665,0.9538017843837312,0.8721779360711287,1.1682860287906194,1.3533774328704353,1.5038267660056563,1.7662426334452148,1.630174342440428,1.5915528447328635,0.42049120443146604,1.8540584101705417,0.7161238011126183,2.668460419481777,2.2357756819678603,-1.3546744928271277,1.4552669232660018,1.1628067911608209,1.5103844358396161,-0.5617766990096834,0.29130497742174033,-0.16106673786767112,-0.7404480247380727,0
1.4921164470031583,-0.931287841967355,-1.7301226404526193,-1.1699109963093364,-0.6453331947756435,-0.7219980988642976,-0.05794005684020717,-0.3654392008297014,-0.6170980407417584,-0.7645048625454083,-0.5819885280532506,-0.07959263996119652,-0.08157405821237045,-0.5917056125144871,-0.6426544377422309,0.8230809742857459,-0.7927071134267333,-0.2533621460803606,-0.7698709497703724,1.1484059017026036,0.28029458589900047,1.0819726311736655,0.6269960372994716,1.258408502459017,0.0261943599694716,2.6959422832538458,1.93899194139371,1.7601290365499642,1.3686274176371052,0.8899454721955101,0.6036064800204004,0.5359149226134915,0.32670557115602555,-1.2902882551127661,-0.6177699503585539,-0.2710700623207955,-0.03144913304773314,-0.773538132606784,-1.7301226404526202,-2.6437838430692215,-0.24316072558876162,0.8897715742452666,-0.5636669453633988,-0.33454237813532584,-0.7239032364600644,-0.7637122308443557,1
-1.6829568530303851,3.32714891627567,-0.02428214363244503,2.6030443008992,1.7037699478439488,0.8683178028992657,-0.7883600182079797,-0.6211071555961368,0.3468796029612744,2.0514252081807247,1.786446322926308,0.07686418247117137,-0.02547436007168413,-0.7034499078195054,0.295919729283111,-0.10986105716371163,1.1844606554386072,-0.24085539150477855,1.7343304498180714,1.510532972005502,1.6747702984387225,1.8197928019542702,1.7803286167769157,1.2116834256834492,2.205150692313219,0.8360895885141288,0.20541918274451565,0.05036034746741286,0.041878742936845216,-0.1565529538666689,-0.23685338992524893,-0.2807859947390943,-0.31237515654595555,0.7119573345760392,-0.5136258491840692,-0.45122428730117564,0.26524422437309214,-0.7383825973897904,-0.024282143632445283,0.20151340483261754,1.2850201837782063,1.611192392606642,-0.2158384654908984,-0.016501586173896278,0.7849978077277857,2.0512567080158823,0
0.9836896767363473,-0.5351541900377714,-0.5629686163125003,-0.8979862902042166,-0.744871463530711,-0.8085459030419065,1.1274956181665061,-0.2923912137535774,-0.6170980407417584,-0.7412327132005644,-0.9203363639074733,1.164429899379193,-1.6119002501156843,-0.9807413072801064,0.09985064806982433,-0.8566194294085053,-0.696668894892796,-0.7161120653769002,-0.32243883170574583,-0.5475558775493043,-0.6627694174100058,-0.7596265150947242,-0.8962734072933788,-1.2297018358399712,-0.5743054166606951,-1.3298148154865548,-1.1392109697974877,-1.097157484243761,-1.05612016026337,-1.0193703628832922,-0.9232289503808624,-0.8818299461403861,-0.8715707932851893,-0.9132831519909818,-0.7176632718932637,-0.5916291815029666,-0.624835847889384,-0.9856431950826448,-0.5629686163125007,-0.657218570313409,-1.2111113351844385,-1.1759773783007457,0.6944272335084763,-0.39189707541195845,-0.8603559189456643,-0.7404480247380727,0
0.488232977139611,-0.4856374835465734,-0.6201020300815973,-0.25216511320455715,-0.5258872722695626,-0.3217145045428565,-1.0038937773001095,0.011975399063607768,-0.03871145451993881,-0.6248719664763439,0.48944628548512126,-0.6290995285041836,-1.4509584931546984,1.73423120087145,-0.6920979451786248,0.8898642433482883,-0.1875138950462088,-0.15330810947570345,-0.8478863363109309,0.15557418395549016,0.7285189220724825,0.6451830900715473,0.7227444023881652,0.97805804180561,-0.7973481908376141,0.8360895885141288,0.9055158737374597,0.8888046084598178,0.9187528670203503,0.8488589289090043,0.7156677960131534,0.691667175800537,0.6861884804883901,0.11635263384582475,0.6170815349960502,0.23541334598703473,3.3567890086980916,2.212338658489865,-0.6201020300815987,-0.5432902092883403,0.33247462367211583,0.7261991921196239,-0.5730391251914121,0.6047726425167933,0.3056306726900804,-0.624126994206658,0
-0.40670189909533383,0.009529581365406346,0.8082333141458216,-0.17058770137302132,-0.2272724660043602,-0.2892590779762531,0.5168166340721385,1.0711712116674124,-0.03871145451993881,-0.5085112197521235,-0.27183634518687994,-0.3047378234614412,-0.945141542705887,-0.053677524008843285,2.282184769400319,-0.5024657298344162,1.3826347571753028,-0.16998378224314625,-0.18984351070795846,0.09521967223834042,-0.1081665054513507,-0.21216394837551555,-0.28261343104311615,-0.7203984989862817,-0.26547696010803795,-0.7341911043863669,-0.6835924883576354,-0.686155395521994,-0.6672455487132938,-0.6713431726917132,-0.5450220089053203,-0.4904524894139636,-0.4854595202985755,1.1143073185799603,-0.42435947674879654,-0.35120984211633827,-0.9749340096459577,-0.9352535946049542,0.8082333141458218,-0.5173609848726312,0.7761400489722035,-0.17692759824105161,1.1551045268989213,-0.19443384801135422,-0.44515625273480985,-0.5078059636752432,0
0.8410188993655598,-0.28757065758178146,-0.7506926901252471,-0.16378958372039332,-0.4064413497634816,-0.029615665443426576,-0.5608521613885096,0.3406913409061683,-0.4243025120011519,-0.27578972630368276,-0.7376280817762509,2.174912621164121,-1.0634748190738512,-0.18345390322083158,-0.4900646522859305,-0.05119832322937492,-0.1901985199115946,-0.6056210238931165,-0.6697848256126794,-0.4668948572482119,-0.38733467163867047,-0.34136426627101707,-0.24010707415787239,0.19111851093937707,-0.259022511672746,0.04876863494474017,0.01372008412373181,0.02794179927036833,-0.05555190428457256,-0.21884019023978377,-0.22095852326367438,-0.2549295930706854,-0.2573856479639506,-0.10190743287350518,-0.5242811418226234,-0.4627644155917339,2.0727802753796207,0.9116146238005486,-0.7506926901252475,-0.2653418706049648,-0.30898945436802133,-0.3166934901294941,-0.48880660102345996,-0.2843022259888433,-0.2292969836648687,-0.2751639026124136,1
0.44413473686136695,-0.9808045484585531,0.06549893514756369,-0.8859007477106556,-0.5258872722695626,-0.14861889618763865,0.7443244908916087,-0.2071685621647652,-0.6170980407417584,-0.8575934599247846,-0.03217329479013883,0.5538666898869642,2.135743519118692,1.5355746758847508,-0.7082949562353745,1.6973346783772116,-0.9748748454077727,0.12600940937896468,-0.9198270069825212,-0.8463107105491955,-0.7473012070320565,-0.6164894019632869,-0.48716675645987034,0.7210701195399869,-1.071862374439976,1.5659052029056635,1.7389643153957262,2.0724906239785073,1.902376884470543,2.0113664183683757,1.7802502979443093,1.9596502626437937,1.7779513903126083,-0.6439937926182783,1.3227109551986813,0.04948905686137559,-1.0283388139817065,1.3568873015430227,0.06549893514756246,1.4720173734763868,-0.4151837782224761,-0.2702600751009772,-0.5812468632214898,-0.3374312523547738,-0.43027652325079024,-0.8567690552694875,0
0.7787625601492173,-0.5846708965289693,-0.9710644289489057,-0.6192634664464688,-0.7249638097796975,-0.6029948681200854,0.34917926588937087,0.29199268285541863,-0.6170980407417584,-0.7412327132005644,-0.5960863545471766,-0.037616419308596126,0.7332510656015334,0.5588467613668128,-0.7261969158244138,2.6687276829232847,-0.09604892501388775,2.5239711533372486,-0.9055498828843874,0.010723355834330867,0.16076809625273858,0.34415246039306063,0.4920778864926762,1.4219462711735047,-0.9689195555890904,1.8719569121666293,2.2279207345019096,2.467052629151404,2.649626138037356,2.905602948721739,2.92887878687003,3.07787156757643,2.8430859364825767,0.867194729979127,1.301457056999807,-0.06911781723602779,2.496378272177698,2.411553358052828,-0.9710644289489062,0.976480786541402,0.999615966901136,0.7008861809490488,-0.5863139515396575,-0.5390748048219186,-0.8329920701715793,-0.7404480247380727,0
0.5115791043457409,0.10856299434780224,-1.1261408377507391,0.3188767696161942,-0.2670877735063871,-0.5056285884202755,-1.327194415938304,0.6207086246979782,-0.23150698326054528,-0.27578972630368276,-0.48330374259576897,-0.7435801302839782,-0.4163329126912202,-0.4468518963783522,-0.3860596836326686,-0.2919972455161003,0.8109786944732962,-0.28671349161524634,0.09076519186875426,0.8043851849148499,0.8032229781013962,0.6983061423677508,0.479021291253309,0.3262432207864382,0.0261943599694716,-0.16917256421227547,-0.27242459047289047,-0.3918778999972087,-0.40037081529657487,-0.3813205141987306,-0.3068917124207196,-0.35866212133261727,-0.3922602475087033,0.8957077209715308,-0.3563470025123984,-0.03956226644743149,0.6568794561685812,-0.25323621139528,-1.12614083775074,0.26158014320808165,0.7119523427655933,0.6648410451593709,-0.41377720706880355,0.3867667487613305,-0.012016630215097784,-0.2751639026124136,0
0.3689083269749534,-0.7827377224937612,-1.1424646702561951,-0.5913156494301093,-0.14764185100030616,0.3057570757448079,-0.6925672363892553,1.3146645019211607,-0.03871145451993881,-0.7412327132005644,0.5740332444486766,0.03870398187791554,0.27341747428443197,0.2815553619062117,-0.5846861876443894,-0.057243936084132786,-0.32471135009469043,0.33445531897200054,-0.8913652671497403,-0.4509886588018648,-0.3322786735380917,-0.26381136033015784,-0.25650024056438153,0.013185206390133578,-0.9002910096884998,0.1839640233965314,0.06095478619041597,-0.033484078631827605,-0.049621165663172796,-0.023625902057385243,-0.08276908043521311,-0.07910679509945824,-0.0993482473119619,-0.05472531210859849,-0.10130022412590527,0.04628346566955384,0.6450117218717485,0.337376780250211,-1.142464670256195,0.7308737493445341,-0.26832230642175287,-0.27958592132171495,-0.518665418007651,-1.080004958897275,-0.7077212326792987,-0.7404480247380727,0
-0.4819283089817474,0.20759640733019827,0.2940325902239516,-0.08221217188885732,0.33014183902401756,-0.05125261648782858,-0.9919196795727687,0.9615992310532259,-0.4243025120011519,1.236899981111182,1.5608810990234927,-0.38105822464797995,-0.08065439102973594,-0.24082852525672965,0.2688962950463232,-0.7698011796272,-0.08774085690261856,-0.5264262876472375,0.655467078713517,0.2542538106130301,0.3433780109900831,0.3043101711709078,0.4167848539456583,0.001503937196241863,0.5752227271741953,-0.31513568709058243,-0.5613533835810897,-0.7387636628783802,-0.9112453049800082,-0.9226961433856314,-0.9372366148799566,-0.9277568925929764,-0.9514558842479368,-0.31767845126076755,-0.6092683910790041,0.024164886445984104,0.09968933093227127,2.2392912354895596,0.2940325902239525,0.08780123565550894,-0.1865214936320492,0.21542407490285428,0.524299201212203,0.404378229411291,0.2907790211239477,1.2370094942959784,2
0.46488684993348117,-0.5351541900377714,-0.04876789239062883,-0.510493584004421,-0.3467183885104411,-0.8950937072195153,0.30128287498000866,0.3528660054188555,-0.23150698326054528,-0.6248719664763439,-0.5960863545471766,0.07686418247117137,-0.6002663492180609,-0.12403504327496594,0.09985064806982433,-0.5166318778173797,-0.3780659159468777,-0.6327337015396859,1.610985965168967,-0.11602111877168368,-0.23433335563351593,-0.3198856933094837,-0.3696573993055648,-0.5989132993698051,0.3864942259475715,-0.536434615325435,-0.528015445914759,-0.5546347271310285,-0.5909956248799455,-0.5287486989326634,-0.5170066799071319,-0.4804683706199222,-0.4588311566443263,-0.43489852534065015,-0.4009801887300347,0.01422755375133673,-0.04331686734456632,-0.7993188584325792,-0.04876789239062921,-0.13980467763403998,-0.5096680817586058,-0.2795859213217147,-0.06283383721808866,0.2933835671992629,-0.434282820643251,-0.624126994206658,1
0.5089850902117252,-1.0303212549497511,-0.3915683750052093,-0.8028126430674246,-0.5856102335226031,-0.6246318191644876,0.7203762954369275,-0.15846990411401554,-0.03871145451993881,-0.8343213105799406,-0.17315155972939825,-0.781740330877234,0.5953009882064026,2.578521432064922,-0.7824602173899655,1.636622615593082,-0.7210595535680817,1.2307727302220546,-0.9222013883120164,-0.8282043570340507,-0.7489612971660323,-0.6710880946010517,-0.5568019310698292,0.14167916752294535,-1.0375481014896808,0.8831744668619695,1.2388952504007662,1.2340463629861025,1.3686274176371052,1.7213437598753936,1.6401736529533677,1.580253748470221,1.4450968446344932,-0.339855222032637,2.27913637414803,0.37581824018882554,0.18810395144367734,0.8647098085051136,-0.3915683750052087,0.6894645334743196,-0.12402834286929376,-0.3926062957587539,-0.5900245483782378,-0.22479275949305075,-0.6278379884625049,-0.8335048491632046,0
0.975907634334304,-0.7332210160025632,-0.8976071826743528,-1.1291222903935683,-0.7249638097796975,-0.5813579170756832,0.08574911588787938,0.2798180183427304,-0.809893569482365,-0.7412327132005644,-0.3000319981747317,0.07686418247117137,0.5953009882064026,0.8940796472818677,-0.6128178384271654,1.2419942074962398,0.08688101505075439,2.089569877745362,-0.7834388430817738,1.220831315763183,1.409155877002585,1.1483764465439197,0.8228449658899809,0.9430142342239339,-0.7801910543624665,0.8360895885141288,0.7943894148496907,0.9956651515274774,1.2390025471204131,1.3829839916335802,1.6261659884542732,1.5503013920880968,1.4850393901158667,0.4521723055341372,1.917820104767165,0.013586435512972287,2.8820796368247708,1.5209464658889922,-0.8976071826743532,0.8591372751374562,1.093484068457682,1.3967719441822126,-0.5649640054042907,-0.328098386586859,-0.6582557482630266,-0.7404480247380727,0
1.2482791184058117,-0.5846708965289693,-0.9710644289489057,-0.9455731137726124,-0.665240848526657,-0.8842752316973141,0.9957805431657598,-0.7550284652356988,0.5396751317018809,-0.6248719664763439,-0.8780428844256954,1.1262696987859373,-0.899158183574177,-0.5864081051815084,-0.7802437842979892,-0.6350204002464324,-0.14841262035739158,-0.27212227794373395,-0.8931537621771523,-0.6773180777411764,-0.7572617478359116,-0.7684803571440916,-0.8492696644316565,-0.9960764519621319,-0.8659767367382045,-0.936656081282083,-0.9058454061331731,-0.7650677965565733,-0.6977455182466331,-0.6882611611038039,-0.6850986538962618,-0.6901348652947914,-0.6718580658783201,0.17021050572036536,-0.5412559168426059,-0.4396841590106175,-0.45394047401498866,-0.4313575898280471,-0.9710644289489062,-0.10351412397269162,-0.5023250081685697,-0.8127874782597825,-0.5652491787175634,-0.28216489593564537,-0.8172196429608943,-0.624126994206658,0
0.036874517821118794,-0.33708736407297946,0.6041854078276189,0.2592044035542374,-0.06801123599625224,-0.4839916373758732,0.19351599543394404,-0.2071685621647652,-0.6170980407417584,1.7023429680080637,0.6163267239304545,0.2867452857341191,1.583943209538171,0.3726062691917822,-0.42783092267376016,-0.8262633980164406,-0.7759385355874744,-0.837010692940861,0.23745856656508185,-0.8251866314481932,-0.7805030097115736,-0.8452136549052743,-0.8527514231621546,-0.8488924601190933,-0.4542054613346617,-0.9178221299429465,-0.9280706979107269,-0.881792389753555,-0.9341202821300129,-0.9565321202098127,-0.9512442793790508,-0.9477251301810594,-0.9780842479021861,-1.0146626755195287,-0.4434879851277836,-0.3255651125817647,-1.0936113526142879,0.17331761590424127,0.6041854078276179,0.9634503683508151,-1.0503853188430874,-0.8853958524069571,-0.10650593802407168,0.6785737405025281,0.13878220510677863,1.702293616421638,2
0.7216942492009023,-0.8322544289849592,-0.5384828675543164,-0.49009923104653697,-0.744871463530711,-0.5813579170756832,0.6964280999822464,-0.4384871879058264,-0.23150698326054528,-0.7528687878729864,-0.765260272474288,0.057784082174557015,1.4000097730113301,1.3534728613136098,-0.5778663935152317,1.2723502388883048,-0.1036710058499145,3.702941217995459,-0.8870482101870217,0.8224915384299947,1.243146863604999,1.2000238584985623,0.8968323389130624,1.1182332721323134,-0.6600910990364331,1.0715139802533336,1.338909063399758,1.3655670313770676,1.460127326237123,1.6005009855033174,1.6401736529533677,1.6201902236463865,1.3918401173259947,0.28109435957971396,1.5565038353862999,0.36575268384650533,1.6300336685088885,0.9233023672001028,-0.5384828675543167,1.2470399900894238,1.120186154239632,1.2849358041859025,-0.5604096750229127,-0.20838907572288537,-0.5807303344475272,-0.7520801277912142,0
0.5608653728920125,-0.28757065758178146,-0.7915022713888867,-0.19098205433090532,-0.46616431101652206,-0.6029948681200854,0.8999877613470355,-0.8037271232864485,-0.6170980407417584,-0.6248719664763439,0.024218011185565,0.36306568692065794,0.1354673968893012,-0.8772743671828672,-0.561669382458482,0.4608323330071063,1.2301931404547677,0.30527289162897536,0.577975906232717,0.7802433802279901,0.911128836809827,0.9786778072643809,1.2406560135497342,1.3518586560101526,1.0556225484783286,0.9773442235576516,0.9388538114037901,0.823044274264335,0.758628026970319,0.6071733801648518,0.35146851903670573,0.25236594886271596,0.18557524378850485,1.421613999275869,-0.31383920611464955,-0.23901415040257837,-0.47055530203055473,-0.9118165711269585,-0.7915022713888874,0.5233576716050532,1.2916957052236935,1.0572223241642946,-0.5390384800590055,-0.3225779294740644,-0.672933065031581,-0.624126994206658,0
-0.5908769026103498,-0.28757065758178146,0.2858706739712237,0.29243964541152984,-0.48607196476753556,-0.3866253576760631,1.3909257681679976,0.5720099666472285,-0.6170980407417584,0.4223747540416395,0.5881310709426026,-0.17117712138503222,-1.0600999405351623,-0.860719656767309,-0.21556483040372373,-0.08152876119778452,-0.11891516752196801,0.20521885502431825,0.022925725311746782,0.45432901695538136,0.42970269795682786,0.21134482965255175,0.20048059281347358,0.15569669055561583,0.18060858824580012,0.06625182752692904,0.08318007796796976,0.024056213789219738,-0.06487115042984247,-0.11546641058016305,-0.18082273192887227,-0.2528304621157785,-0.27243261106458183,-0.18778593673981653,-0.28833452827600026,-0.42160462468874293,-0.5358278406631364,-0.9047854640835596,0.2858706739712245,-0.4849769910563025,0.08393982524012251,0.381068867299772,-0.395110066076347,-0.7243399258503483,-0.9058123966507626,0.42276228057607523,1
-1.0785515598050428,0.7522801787333758,0.9061763091785597,1.8975507578375839,1.7834005628480027,2.231445718696606,-0.6087485522978717,-1.509857665022318,0.4432773673315778,1.236899981111182,0.47534845899119527,2.872098875927724,-0.1600401743892548,-1.0179894057151126,2.461204365290711,-0.7635275998061734,-0.7904204891759251,-0.7411255745280646,1.6171531894014222,-0.5505736031351618,-0.6543361595294083,-0.6755150156257353,-0.6525502961585227,-0.9493513751865641,1.2615081861800999,-0.9813867157125318,-0.878063791411231,-0.927824623690393,-0.9081953080266743,-0.8985275885112162,-0.8335798975866597,-0.8119411145820963,-0.8049998841495662,-1.2300941630176914,-0.7112871024336013,-0.8192261561223081,-1.1707516255437025,-0.8684580776926665,0.9061763091785597,-2.6437838430692215,-0.9933866357316178,-0.7101069507833553,2.7118488478908747,-0.3168858836773273,1.6920652203146724,1.2370094942959784,1
0.3014639594905795,-0.33708736407297946,-1.1424646702561951,-0.37302053814016595,0.05143468650982872,-0.20271127379864426,-3.3987133227682165,2.7269255853929,0.15408407422066794,-0.8575934599247846,2.3503593826833455,-0.09485672019849344,-0.9221498631400316,-0.6868951974039471,-0.598325775902705,-0.4377061961980113,0.16310182341102195,-0.7744769200629502,-0.16517461377813758,0.9492360130360091,0.7119180207327239,0.8016009662770356,0.8489581563687155,0.19307675197606972,-0.11106273183170946,0.12981641329651464,-0.4502269246933208,-0.401741950126531,-0.4308707848299142,-0.43207447943500255,-0.44696835741166113,-0.5224016695548961,-0.4721453384714509,-0.23847569850409012,-0.6794062551352896,-0.37364898045909034,-0.9868017439427907,-0.7711944302589844,-1.142464670256195,-0.07409044701104074,0.1501815380453438,0.7216102836618004,-0.48160521933837697,0.6890666700153942,0.5600373557511465,-0.8567690552694875,0
-1.2756966339901332,0.15807970083900025,1.8447966782422909,-0.14717196279174707,0.3102341852730043,2.6100923619736447,-3.5902988864056646,2.288637662936153,1.6964483041455203,0.3060140073174192,1.7723484964323817,0.03870398187791554,1.055134579523504,0.7492259311457329,-0.34769834165615604,-0.3952077522491206,0.3460317634756641,0.4261715191929361,-0.38411107403029804,0.6142684730058283,0.5625099086748966,0.4179344774711211,0.3702163309252483,0.07860031387592883,0.009037223494323966,-0.09148251493833791,-0.27242459047289047,-0.41982604203028884,-0.438495777213249,-0.44415875687221007,-0.3629223704170963,-0.37263988764427525,-0.3922602475087033,1.164997080344234,-0.09917483430601787,1.9792549543380453,0.6687471904654144,0.14988059242624546,1.8447966782422904,0.33843278459322035,0.38587879523601515,0.46848017195605524,-0.36878770792258236,0.21741468514250603,2.903706028142254,0.30644125004466044,0
0.3844724117790363,0.35614652680379205,-1.1424646702561951,-0.6849786037552061,-0.3666260422614546,-0.3000775534984542,-0.36926659775106085,0.9615992310532259,0.15408407422066794,0.18965326059319867,0.7291093358818622,-0.38105822464797995,-0.8531748244424671,-0.5461801588717019,0.37264241323613617,-0.6238898554026753,-0.17989181421018205,-0.2533621460803606,0.6828187181844558,0.9854487200662991,0.7285189220724825,0.6097677218740782,0.548656465863268,-0.0849374548385589,0.40365136242271915,-0.486995493060202,-0.6280292589137509,-0.7223235793295094,-0.8044954116133207,-0.7486825482898419,-0.6850986538962618,-0.7140967504004907,-0.6718580658783201,-0.400049314127712,-0.594390662339792,1.0175775967915321,-0.12045714027398094,-0.9879868974304443,-1.142464670256195,-0.02765020491360356,-0.058813633363377894,0.6128087444198568,0.25159679573430294,-0.6975410059010838,-0.7590172364842286,0.19012021951324545,0
0.1899213517279615,-0.3866040705641775,0.6776426541021717,0.2561830179308473,-0.12773419724929266,-0.47317316185367203,0.20549009316128486,-0.19499389765207806,-0.6170980407417584,1.8187037147322842,0.6868158564000844,1.5269518050151913,0.8482094634308087,0.269139329094543,-0.46278236758569385,-0.8485244877039546,-0.8163355640184161,-0.8745309566676075,-0.018968228899321427,-0.942877929296635,-0.9166304006975942,-0.9632648822301713,-1.0050783676214397,-1.0451377825764783,-0.5914625531358427,-1.080264960242998,-1.016971865020942,-0.9574167740783603,-0.9951202211966914,-1.0121197964209678,-0.9932672728763331,-0.9876616053572249,-1.0047126115564353,-1.1350508597096785,-0.4498641545874459,-0.40570489237730745,-1.271627367066783,0.14988059242624546,0.6776426541021718,0.52336825937739,-1.1299780745392838,-1.0268378534214835,-0.10982192278240613,0.6975444180371635,0.15887691896747516,1.818614646953053,2
-0.5286205633940071,0.306629820312594,0.40013750150941624,0.37326171083721815,-0.3268107347594277,-0.19189279827644315,-0.06991415456754745,0.8642019149517265,-0.809893569482365,-0.27578972630368276,0.010120184691639042,-1.1442622365132593,-0.23239947616437945,-0.8151942031245237,0.025685386915233272,-0.5571065863401328,0.3765200868197711,-0.44513238290595364,2.3572200972960493,0.7621370267128449,0.8447252314507927,0.5507421082116298,0.6182916404732269,0.14167916752294535,1.7933794169096762,-0.4257851512080086,-0.4391142788045439,-0.543126668646819,-0.5986206172632804,-0.6181723519679997,-0.6430756603989793,-0.6621793326714756,-0.6585438840511955,0.19238727649223514,-0.6454000180170907,-0.3800601628427337,-0.5773649107020519,-0.7313514903463918,0.4001375015094162,-0.02613254994309864,0.3453121649134378,0.6513703783960831,-0.06891030978232629,-0.03191849678303046,-0.21887947834766597,-0.2751639026124136,0
-1.0137012064546844,0.5046966462773861,1.2816244568040518,0.01296147524793467,0.6884796065422605,0.7276776211106514,-0.40518889093308275,0.3528660054188555,-0.809893569482365,0.5387355007658597,1.4903919665538632,-0.15209702108839074,0.1584590764551566,-0.9310771760334317,0.6965826343711315,-0.8707855773914688,-0.522885451831386,-0.988342423305405,0.23569496133145204,-0.7406903150441835,-0.7722025590416943,-0.8171764884156114,-0.8135816374440525,-0.9633688982192345,0.3521799529972762,-0.993157935299492,-0.9280706979107269,-0.9886529328212146,-1.05612016026337,-1.0242040738581755,-0.9932672728763331,-0.9816711340808001,-1.0047126115564353,-0.9006107115499133,-0.7559202886512376,-0.6012459550784317,-1.212288695582618,-0.7583040673460867,1.2816244568040511,-0.005978091934798909,-0.9072724090848301,-0.8651158376094791,1.663975761555285,0.15638404801529637,0.61682513511633,0.5390833111074899,1
-0.8502783160117828,1.841647721539731,0.7755856491349099,0.9140897374240671,1.7435852553459756,0.403123355444618,-0.35729250002372054,-0.2315178911901406,0.9252661891830941,0.3060140073174192,0.2779788880762319,0.9354686958196039,-0.12833418577412492,-0.19397869478069954,0.6155975790873827,-0.5678323840986623,0.10060076055560264,-0.6064695169309634,0.7518916295879543,-0.0985183103737103,0.04588985898160907,-0.1369062909558939,-0.04933559609975397,-0.41434924610631213,0.5580655906990476,-0.3692832971905996,-0.4835648623596514,-0.5760068357445604,-0.6519955639466242,-0.596420652581026,-0.615060331400791,-0.5982809723896106,-0.5786587930884478,-0.004035550344324895,-0.2649552402572383,-0.12904462085437501,0.11511738551815448,-0.2977665560034717,0.7755856491349098,-2.6437838430692215,-0.11026649865859657,-0.08374315068621715,0.31565370333447434,0.37852416900055114,0.6271626309545709,0.30644125004466044,2
-0.326287460940889,0.9503470046981677,0.693966486607629,0.3324730049214502,0.5690336840361795,-0.4839916373758732,0.34917926588937087,-0.28021654924089023,-0.4243025120011519,0.5387355007658597,-0.14495590674154632,0.3821457872172994,-0.7841997857449017,-0.698069626934449,0.8108141860345246,-0.48020464014690206,0.31706785629876233,-0.5034972375920036,1.7537572061503053,0.4000099564099467,0.24045242268357978,0.18183202282132738,0.20048059281347358,-0.26015649274693836,1.3129795956055428,-0.22332017431229267,-0.4391142788045439,-0.5891589025836569,-0.6291205867966198,-0.5843363751438184,-0.615060331400791,-0.5882968535955693,-0.538716247607074,0.24624514836677577,-0.666653916215965,-0.7583199234776956,-0.612968113592551,-0.9165039758225576,0.69396648660763,-0.4051866953405385,0.13066847535853404,0.19736449968174263,0.2920871487220391,0.6464867207098062,0.10809661851713682,0.5390833111074899,1
-1.4909998071133221,1.1979305371541575,1.3550817030786046,1.0870640643631573,2.5000760978844885,1.376786152442718,-0.35729250002372054,-0.8159017877991356,0.15408407422066794,1.1205392343869618,0.3484680205458617,-0.4192184252412358,-0.8071914653107563,-0.7117272630272845,1.1483939954278355,-0.7028155370220438,-0.522885451831386,-0.5618620922780537,1.0898555175265006,-0.6048926636805966,-0.636075168055674,-0.7006009014322759,-0.7091288755291143,-0.7437610373740655,0.5237513177487524,-0.8683830076777137,-0.8502821766892887,-0.8324721391069432,-0.8426203735299949,-0.7994365135261139,-0.7551369763917325,-0.7280745167121486,-0.7384289750139432,-0.8942744913293791,-0.49662273062496964,-0.37685457165091196,-1.0283388139817065,-0.4454198039148446,1.355081703078605,-0.538865881978161,-0.7700134181326154,-0.7072425837298432,1.0824264633900686,0.13993658372682796,1.2376387515680467,1.1206884637645642,2
0.06540867329527629,0.009529581365406346,-0.2854634637197447,0.556810887458174,-0.5258872722695626,-0.10534499409883419,-0.8003341159353204,0.8276779214136639,-0.4243025120011519,-0.043068232855241965,-0.5396950485714728,0.11502438306445432,0.2044424355868666,-0.5461801588717019,-0.11241544420021213,0.02572921638751098,0.33078760180361055,-0.3242337553419929,1.046684947899314,0.81645608725828,0.9775324421688615,1.2000238584985623,1.17972523576602,1.1415958105200974,0.9698368661025905,0.8360895885141288,0.36099622518739194,0.1785929991486041,0.21725356775354623,-0.030876468519709866,-0.1668150674297781,-0.2967605848095605,-0.31237515654595555,-0.016707990785393294,-0.6071430012591166,-0.07027183006508365,0.2059055528889271,-0.6516656105212064,-0.285463463719745,0.41416063657175844,0.5183622208464577,1.0014596849364858,-0.3834427488752386,0.015555914490450512,-0.05788525895262112,-0.04252184154958386,0
0.4181945955212251,-1.0303212549497511,0.41646133401487206,-1.0747373491725443,-0.5457949260205761,-0.7111796233420965,2.145293924990451,-1.6316043101491924,-0.4243025120011519,-0.7412327132005644,-0.03217329479013883,-0.28565772316482685,2.0897601599869824,1.6142095503586524,-0.7577384636717686,1.9199455752523533,-1.1296030863791158,-0.2158418823536142,-0.9397779773745137,-0.5747154078220217,-0.3256383130021882,-0.02475762499724175,0.23529818011845288,2.309722729909294,-1.071862374439976,2.790112039949528,2.7057645077193153,2.6643336317378523,2.1540016331205925,2.228883412238113,2.172464903918945,2.458856202345863,2.3238328452247177,-0.7073559948236203,0.8763790930223184,-0.3960881188018423,-1.2300902970278675,0.3490952919892088,0.4164613340148722,1.3170064060705624,-0.37461714789989875,0.2915111377196693,-0.5877242934417339,0.0014987578996565692,-0.5394377225627047,-0.7404480247380727,0
0.8150787580254181,-0.3866040705641775,-1.7056368916944356,-0.3783079629810989,-0.0082882747432117,-0.2135297493208454,1.2711847908945926,-0.6211071555961368,0.3468796029612744,-0.6248719664763439,-1.4419559441827332,-0.4001383249446214,-0.0447873709070023,-0.5751509020989288,-0.6342660909633666,0.07854871100970383,0.35441605239529345,0.052969962657564824,-0.6434305185565754,0.363978312914808,0.23626899554596067,0.355662455057238,0.24626572011952153,0.31409470082479063,-0.40273405190921896,0.5559345623444749,0.34543852094310457,0.3357601978758081,0.3148534702602318,0.23594437729383438,0.12454435415138022,0.045894372201940044,0.012490880035884772,0.4927241149455555,-0.3265915450339743,1.14131341679585,0.11760960972048952,-0.43909180757578553,-1.7056368916944364,-0.04878591835364211,0.364856037699226,-1.6276888027861742,-0.5335249375908597,-1.4349618441284715,-1.296309325161867,-0.624126994206658,0
0.5764294576960992,-0.6837043095113653,-1.0853312564870996,-0.6328597017517248,-0.5657025797715896,-0.8085459030419065,0.7084021977095872,-0.6211071555961368,-1.0026890982229715,-0.6248719664763439,-0.48330374259576897,-2.8233110626168414,0.4343592312454173,-0.7531140390661802,-0.6861306253156118,0.3839303868138753,0.06401477254267413,0.3136107280126969,-0.5722114131201824,-0.0858438629131088,-0.005240917144847372,0.034267988665206424,0.13084541820351464,0.3589507745293358,-0.4747940251048389,0.4123256833835601,0.3165456416322844,0.4284822690914385,0.40787837733691695,0.2591461899732728,0.12734588705119906,0.026724864117380374,-0.12331377460078607,0.10684830351502338,-0.30321225701521237,-0.9410386214115332,-0.6011003792957178,-1.0102520697345403,-1.0853312564871,0.818831697417505,0.20409921125889607,0.09707464548253651,-0.5642756852328726,-0.2770934054182974,-0.7622864491844414,-0.624126994206658,0
0.5167671326137685,-0.4856374835465734,0.22057534394939876,-0.10260652484674147,-0.5258872722695626,-0.2243482248430465,-0.38124069547840167,0.18242070224123108,-0.23150698326054528,-0.27578972630368276,-0.8216515784499917,1.641432406794986,-0.18641611703266947,0.24844594107509516,-0.35366566151916917,-0.5085369361128291,-0.6143504218637071,0.10099590022780032,-0.23918130456760028,-0.23673014220598315,-0.19781137268604698,-0.1442844926636998,-0.19992166119379007,-0.36762416933074443,-0.3855769154340713,-0.4775785173906338,-0.4391142788045439,-0.5760068357445604,-0.568120647729941,-0.5843363751438184,-0.6010526669016969,-0.6162523862188851,-0.6319155203969463,-1.017830785629796,-0.277707579176563,0.19309954225498813,0.5738053160907503,0.3865945295540019,0.22057534394939848,0.04351246864726641,-0.5651262599211166,-0.25767758416823516,-0.32855933975962986,0.4413269328824938,0.1803494593732372,-0.2751639026124136,1
0.6957541078607568,-0.6837043095113653,-0.4160541237633945,-0.9485944993960027,-0.505979618518549,-0.3866253576760631,0.3252310704346898,0.07284872162704459,-0.4243025120011519,-0.65978019049361,-0.6383798340289545,-0.25322155266056073,-0.21124713096379308,-0.4385745411705731,-0.4525526763919571,-0.5935338240106105,-0.7911826972595278,-0.16998378224314625,-0.8062575727418582,-0.8764879664077704,-1.0162358087361458,-0.9617892418886099,-1.0442481533395414,-1.0591553056091487,-0.5399911437103998,-0.7883387144863839,-0.7169304260239661,-0.5940909276483181,-0.6367455791799546,-0.5746689531940523,-0.5450220089053203,-0.4804683706199222,-0.5653446112613232,-1.2586071540100952,-0.3712247312516105,-0.08514577319513635,-0.10265553882873138,-0.6411189499561084,-0.41605412376339485,-2.6437838430692215,-0.992359632432312,-0.9937533037336268,-0.34936583913317487,-0.27072269884476935,-0.5052609453418929,-0.6590233033660824,1
0.40522452485115423,-0.33708736407297946,-0.7996641876416146,-0.503695466351793,-0.14764185100030616,-0.6246318191644876,-0.29742201138701807,0.09719805065241996,-0.4243025120011519,-0.6132358918039218,0.46125063249726933,-1.1633423368098736,-0.18641611703266947,-0.5503188364755914,0.4237908692048197,-0.1847392679308048,-0.36663279469283755,0.5345633921813148,-0.7294756310477907,0.3577617982079419,0.38820044460743136,0.07853719891204282,-0.07806010562636186,-0.23679395435915432,-0.5914625531358427,-0.4352021268775768,-0.29464988225044425,-0.29488140705887167,-0.3012459143132222,-0.212140630077824,-0.23685338992524893,-0.17695115928106392,-0.125976610966211,-0.27649301982729535,-0.25007751151802626,-0.6172739110375403,0.8230277363242436,-0.3774524358286572,-0.7996641876416142,0.3166116873176407,-0.08140770594810474,0.23451985525960362,-0.1377356085572774,0.15009877438469194,-0.32005498144686284,-0.6124948911535165,0
0.8669590407057054,-0.6837043095113653,-0.758854606377975,-0.503695466351793,-0.6851485022776705,-0.364988406631661,-1.4589094909390496,0.04849939260167029,-0.4243025120011519,-0.6248719664763439,-0.20134721271725015,-0.648179628800825,-1.1980500179302926,1.8335594633647996,-0.7611483607363474,2.8103891627529203,-0.5076412901593326,0.5679147377162004,-0.9181926925609205,-1.0062501665996424,-0.9099900401616907,-0.7124060241647656,-0.5176321453517273,0.6977075811522025,-0.9860766920642378,1.4246505678621406,2.239033380390686,2.6643336317378523,2.962250825754084,2.9901928907821924,2.8168174708772766,2.830265421484203,2.9229710274453247,0.414154984210932,2.483173796857225,-0.7519087410940521,0.591606917536,3.841211790210564,-0.7588546063779754,-0.35057596932825086,0.18612665352104532,-0.2824724927709909,-0.5896109955530433,0.9661282137834885,0.5921210743850334,-0.624126994206658,0
-0.5934709167443654,0.8017968852245738,0.3266802552348634,0.42235922721730934,0.788017875297328,0.2408462226116012,-0.656644943207234,1.1807431922815987,-0.4243025120011519,1.5859822212838433,-0.6665754870168062,-0.9725413338435674,-0.9681332222717424,-0.41788115315112523,0.7903548036470512,-0.6967443307436307,0.4984733801961992,-0.6243958651559645,1.5184776016821389,1.492426618490357,1.3925549756628264,1.4656391199795797,1.1753730373528977,0.5108072740499314,1.0727796849534763,-0.0702943196818095,-0.4391142788045439,-0.7108155208453001,-0.7892454268466511,-0.7897690915763478,-0.8671982923844858,-0.8498807659994537,-0.8582566114580646,0.17971483605116675,-0.5965160521596794,0.379337979317446,1.4164144511658943,-0.513387172001032,0.32668025523486216,-0.43909445507510625,0.5394157884822258,1.2112172102505447,0.7565942122721966,-0.17222769072383395,-0.017860426416717687,1.5859725858902234,0
-0.4508001393735779,0.35614652680379205,0.26138492521303847,-0.30655005442558114,-0.12773419724929266,-0.04043414096562746,-0.6925672363892553,1.5703324566875962,0.3468796029612744,-0.6248719664763439,1.025163692254307,-0.5909393279109277,-0.32436619442780024,-0.6082603229300454,0.5005135531578448,0.18358057962624794,1.6341634247641859,0.13851616395454672,-0.41494719519257417,1.6342597210256589,1.4257567783423435,1.0967290345892773,1.3364043786384279,1.0948707337445296,0.3864942259475715,0.8596320276880492,0.37210887107616886,0.4284822690914385,0.30875347635356426,0.29298216679745404,0.16936888054848157,0.23239771127463307,0.26013466202040275,1.592691945230292,-0.5136258491840692,-0.4826390809810284,-0.5476955749599693,-0.7301796391724918,0.26138492521303835,-0.04750113192780187,1.6321472989435526,1.4667898054902926,-0.249277497903426,-0.1250888925527233,-0.1808620118914545,-0.624126994206658,0
0.35334424217086685,-0.6341876030201673,-0.47318753753249154,0.06054829881633051,-0.7249638097796975,-0.4298992597648676,0.40904975452607384,-0.19499389765207806,1.1180617179237005,-0.7412327132005644,-1.202292893785992,-1.4495438412593602,-0.46231627182293017,-0.5420414812678123,-0.4764219558440095,-0.5471093333350128,-0.3628217542748242,-0.5118350739757251,-0.039036376551730846,-0.41175822618571734,-0.3937020084951983,-0.3420202984329019,-0.31307881993497316,-0.11998126242023467,-0.35126264248377603,-0.030272173086144726,-0.02794638091979896,-0.09760040447242338,-0.13349608187985582,-0.22422490751503157,-0.3068917124207196,-0.30674470360360206,-0.3256893383730802,-0.42856230512011584,-0.6092683910790041,-0.30953715662265613,-1.0283388139817065,-0.4489353574365439,-0.4731875375324907,0.04960393010307797,-0.6806641310930145,-0.3407960389768761,-0.24609324511146322,-0.20727671755710173,-0.4799427632642483,-0.7404480247380727,1
1.0822622138288944,-0.3866040705641775,-1.0445216752234585,-0.524089819309677,-0.5856102335226031,-0.2568036514096498,-3.8297808409524756,-0.09759658155057872,-0.4243025120011519,-0.6248719664763439,1.9697180673473451,-0.5336990270210304,-0.6765987253767,-0.5279699774145877,-0.24165054294775234,-0.47575242220939923,-0.5683130536141054,-0.1666486476896579,-0.47341248091624966,-0.5970465771573673,-0.8206771909537894,-0.9024685001578494,-0.9754834184122069,-1.035325516453609,-0.6007274068324224,-0.9154678860255544,-0.6502545506913047,-0.6309167147977884,-0.6306455852732866,-0.5253651012502453,-0.4522912699213169,-0.43014841189795355,-0.3861357238682259,-0.3170448292387142,-0.47154313075029775,-0.4321830756217547,-0.15178795881762022,-0.5902606090088577,-1.044521675223458,-2.6437838430692215,-1.8170432817748357,-1.6276888027861742,0.004715188962341524,4.083735729405775,3.9171625788225146,-0.624126994206658,0
0.07059670156330392,0.15807970083900025,-0.15487280367609488,-0.16378958372039332,-0.10782654349827926,-0.6246318191644876,0.10969731134256047,-0.09759658155057872,-0.6170980407417584,-0.15942897957946245,-0.046271121284064784,-1.3350632394795656,-0.1404327579009595,-0.6662018093844994,0.1509991040385078,-0.4680622275900761,0.04114853003459386,-0.2575310642722214,0.34053777328319085,0.3064604632483645,0.031281065802621584,0.1228064091588792,-0.03453812149513756,-0.376969184685858,0.09482290587006194,-0.5529143227471791,-0.6724798424688585,-0.6302591114558337,-0.5604956553466062,-0.5214981324703387,-0.5170066799071319,-0.5503572021782119,-0.4854595202985755,-0.3493595523634384,-0.4498641545874459,-0.3576210244999818,-0.12045714027398094,-0.670415229303603,-0.15487280367609513,0.16604593089335412,-0.08654272244463353,0.020321450792811637,-0.07675056119666573,0.34600765344509726,-0.19729868255501828,-0.15884287208099884,0
-0.982573036846515,1.2474472436453554,1.6733964369350014,0.5636090051108018,1.186170950317598,1.5066078587091312,-0.29742201138701807,-0.2558672202155149,-0.6170980407417584,0.887817740938521,-0.3564233041504355,1.469711504125294,0.4343592312454173,-0.9434932088451004,1.1910177087350715,-0.880904254522157,-0.35519967343879744,-1.017107958829244,0.43612974888624684,-0.6471408218826015,-0.6725971510031428,-0.7301137082635001,-0.7047766771159918,-0.8862725215395475,0.5580655906990476,-0.9672612522081796,-0.9836339273546114,-0.998516982950537,-1.05612016026337,-1.0314546403204998,-1.0072749373754273,-1.0056330191864995,-1.0313409752106846,-0.7327008757057571,-0.8005534748688738,-0.7262640115594785,-1.2360241641762841,-0.8286151377800738,1.6733964369350007,0.055384826781814174,-0.7696026168128932,-0.7728935805377367,2.5412133877420513,-0.05788621234717374,1.028974076176121,0.8880464027017345,1
-0.20436879664221574,-0.9808045484585531,1.3958912843422457,-0.8368032313305647,-0.10782654349827926,-0.2892590779762531,0.20549009316128486,-0.15846990411401554,-0.809893569482365,-0.6248719664763439,1.236631089663196,0.15318458365771015,1.6759099278015908,-0.26475008180721127,-0.6170802097578891,0.20179419846148663,-0.8277686852724563,0.9055971112569186,-0.8845813204940396,-1.0605692271450773,-1.0660385127554215,-1.025241776575742,-0.909330002532746,-0.5171444150125615,-0.9174481461636474,0.47353602523575333,0.738826185405806,0.823044274264335,0.7357530498203143,0.5274171490792816,0.33746085453761154,0.22441041623939995,0.020479389132159694,-0.5489504893102655,0.7382287547296346,0.10398410712234454,-0.4349520991400558,0.5131544563351785,1.3958912843422473,0.7791005517895042,-0.6981231871812124,-0.831513185353804,-0.5422025171431264,0.9369655698550236,0.4670264029228759,-0.624126994206658,2
0.14582311144972113,-1.079837961440949,0.6694807378494438,-0.8707938195937046,-0.7647791172817244,-0.1594373717098398,0.4808943408901171,-0.633281820108825,-0.6170980407417584,-0.7412327132005644,0.4330549795094174,-0.9725413338435674,3.4232775748065767,3.2820966247261487,-0.6042930957657182,2.1223191178661187,-1.086919433697366,-0.1991662095861714,-0.9225097495236393,-0.5716976822361642,-0.161289389738578,0.21134482965255175,0.4442037039483297,3.150774111869515,-1.0138451164113527,3.2609608234279372,4.183746410926641,3.749379145963317,3.473125315437517,3.292299826712383,3.839376979311149,4.415743485977976,4.320960119293408,-0.529941828648663,5.042143140001706,-0.009493821068143766,-0.8799921352712937,0.7709617145931309,0.6694807378494438,1.986407103070988,-0.24162022063980293,0.6507042465231735,-0.5722188272375419,0.3974150969649975,0.16064850792409993,-0.7404480247380727,0
-0.10060823128164104,-0.13902053810818757,0.02468935388392402,-0.19098205433090532,-0.4462566572655086,-0.570539441553482,0.6245835136182032,0.4502633215203548,-0.23150698326054528,-0.5085112197521235,-0.4551080896079172,-1.5640244430391548,-0.08873179613483748,-0.5047933828328062,-0.7696731033977947,0.8372471222687095,0.8414670178174032,1.2474484029894974,-0.3748602376816152,0.6897116126522654,0.7949225274315169,0.6392805287053026,0.8184927674768584,0.9313329650300418,-0.2311626871577427,0.8831744668619695,0.9833043949588978,1.0532054439485248,1.0407527451537077,0.9020297496327174,0.8557444410040951,0.6896703520417288,0.6728742986612655,1.0224321253822142,-0.19269198638106533,-0.40891048356912907,-0.8799921352712937,-0.621197479999812,0.024689353883924816,-2.6437838430692215,1.20542742808201,0.9165648784667516,-0.5858702975314973,-0.2244764773498482,-0.6094835531738089,-0.5078059636752432,0
0.7657924894791464,-0.5351541900377714,-0.709883108861606,-0.28615570146769714,-0.48607196476753556,-0.3325329800650576,-3.7579362545884325,0.9250752375151633,-0.03871145451993881,-0.6248719664763439,1.419902834084233,-0.6100194282075692,-0.945141542705887,-0.47085622648091174,-0.5713875890925317,-0.4543008266923401,-0.8901173065111551,-0.34257699538617997,-0.720348139183757,-0.8644170640643405,-0.8937543586514067,-0.9172249035734614,-0.9754834184122071,-0.9900021919813081,-0.7561710632972598,-0.8810959248316306,-0.699150192601923,-0.5888301009126795,-0.485770729989925,-0.4997464330833651,-0.44416682451184225,-0.4469217314719432,-0.4508426475480515,-1.0419084224678257,-0.12637982400057735,-0.15053983350829922,-0.5002246377726375,-0.1458946438660598,-0.7098831088616064,-2.6437838430692215,-1.8170432817748357,-1.6276888027861742,-0.40822910887419095,3.220737651026823,2.748222377831388,-0.624126994206658,0
0.023904447151047878,-0.4361207770553754,-0.6364258625870531,1.4541624176050694,-0.3865336960124681,-0.5597209660312809,-0.44111118411510414,0.4137393279822923,-0.4243025120011519,-0.6248719664763439,-1.3432711587252515,-0.5336990270210304,-0.3703495535595102,-0.35580098909278174,-0.5395050515387191,0.15929575451259603,-0.31708926925866365,-0.10745000936523551,-0.3871946861465257,-0.031524802367674125,0.09270440075972843,0.1228064091588792,0.16131080709537177,0.17205046742706423,-0.3684197789589237,0.20750646257045222,0.18319389096696184,0.15557688218018506,0.15625362868686757,0.18905738083746865,-0.13879973843158977,0.15851523219872676,0.08705029826778266,-0.22263514795275471,-0.3223407653941993,-0.22939737682711334,0.817093869175827,-0.1899562480046916,-0.6364258625870525,0.15154720925970697,-0.13121736596443395,0.13297175196712321,-0.5197503878434931,0.1457155296331522,-0.2818564873707351,-0.624126994206658,0
-1.0941156446091294,0.9998637111893657,1.2897863730567798,0.46843535797401015,0.9074637978034089,1.149598166476495,0.8041949795283116,-0.7550284652356988,0.3468796029612744,0.7714569942143008,-0.6242820075350285,-0.8008204311738755,-1.037108260969307,-0.8441649463517508,1.8559476363279568,-0.5348454966526186,-0.21038013755428908,-0.6243958651559645,2.2647117338092206,0.6504811800361182,0.42970269795682786,0.18183202282132738,0.16131080709537177,-0.27183776194083026,1.295822459130395,-0.6047076889298043,-0.6502545506913047,-0.6993074623610905,-0.659620556329959,-0.7245139934154267,-0.6710909893971676,-0.6781539227419418,-0.6585438840511955,-0.7390370959262914,-0.7006601533341641,-0.48905026336467183,-0.19759741320339558,-0.8098655189976772,1.2897863730567791,-0.651291194910275,-0.1948915705213911,0.3088305664153258,1.0019333080969997,-0.45008369906389445,0.27540685236808227,0.7717253721703198,1
-0.28737724893067257,0.45517993978618804,0.9633097229476567,-0.6342193252822504,0.0116193790078017,-0.9383676093083198,1.4507962568047001,1.107695205205475,-0.809893569482365,-0.3921504730279032,-0.15905373323547228,0.8782283949297066,0.5263259495088373,-0.8317489135400821,-0.005003686665976761,-0.666388299351566,2.7469872268240922,-1.2818342640123994,-0.8950656016892133,0.8798283245612871,0.4961063033158622,0.8753829833550958,0.8663669500212052,0.4640821972743633,0.2835514070966859,0.1863182673139234,0.12763066152307737,0.1226967150824438,0.12575365915352824,0.20597536924955936,0.21139187404576407,0.1006073431932867,0.10036448009490728,2.0045462595650148,-0.11830334268500482,0.6854783493188029,-0.779116393748213,-1.1133749730377211,0.9633097229476577,0.2686552401700435,1.7036780787401984,0.7092498366866952,0.0411041096659809,-0.21177411000552138,-0.8333343739854644,-0.3914849331438284,0
1.1523005954472803,-0.23805395109058358,-1.0934931727398276,-0.517291701657049,-0.24718011975537363,-0.8842752316973141,-0.7165154318439364,0.18242070224123108,-0.6170980407417584,-0.5085112197521235,-0.4551080896079172,1.164429899379193,-1.7498503275108146,-0.5379028036639227,0.04017744943969361,-0.5915100885844728,-0.40093215845495794,-0.7161120653769002,-0.32552244382197343,-0.16128700255954598,-0.06998443236990574,-0.010001221581629706,-0.06500351038699469,-0.18306011606725137,-0.0767484588814142,-0.494058224812378,-0.6058039671361972,-0.7108155208453001,-0.7434954725466422,-0.7607668257270495,-0.7271216473935442,-0.6781539227419418,-0.6186013385698217,-0.6503300128388126,-0.4902465611653073,-0.2454253327862219,1.428282185462727,-0.2837043419166744,-1.093493172739827,-0.6414859677123895,-0.5035060619627711,-0.16301284356248977,-0.023395335447913862,0.533720156486244,-0.22552297579693698,-0.5078059636752432,1
-1.1693420544955464,0.9008302982069696,1.265300624298596,1.1210546526262974,2.042200061611178,1.192872068565299,-0.7763859204806394,-0.9376484329260103,0.5396751317018809,1.0041784876627413,0.4330549795094174,0.21042488454760747,-0.6002663492180609,-0.8110555255206342,1.9241455776195346,-0.6704357702038413,0.16310182341102195,-0.7161120653769002,1.5678153955417806,-0.32726190978170777,-0.3007369609925503,-0.3789113069719321,-0.3696573993055648,-0.7040447221148328,0.7467940919256716,-0.8118811536603044,-0.7613810095790736,-0.7880839135249922,-0.7816204344633162,-0.7196802824405436,-0.699106318395356,-0.6961253365712162,-0.6718580658783201,-0.18144971651928218,-0.6751554754955148,0.5912339682792447,-0.9927356110912072,-0.8344743936495727,1.2653006242985951,-0.41164597610677367,-0.21491813485785327,-0.4043006108609488,1.5649992237098678,0.6002761440702472,1.677749217651988,1.0043674332331491,2
0.6309037545103985,-0.3866040705641775,-0.8567976014107116,-0.20457828963616131,-0.665240848526657,-0.5489024905090798,0.09772321361521967,-0.00019926544907938006,-0.23150698326054528,-0.5085112197521235,-0.5537928750653988,-0.17117712138503222,0.08948403775759123,0.00012528484172109644,-0.6332772208146388,0.009539332978409821,0.2393226317712895,0.5262255557975932,-0.7233084068153354,0.15557418395549016,0.3798999939375521,0.3146396535618363,0.26576356901031,0.27718189017209216,-0.7287196449370237,0.059189095774753044,-0.06128431858612965,0.21476118295611973,0.45362833163692595,0.47666318384300965,0.3794838480348937,0.4041245545321451,0.30007720750177663,0.48702151674707506,0.19200357101856177,-0.37396953957827245,0.026702765006748428,0.6408862342902549,-0.8567976014107123,0.5140007299666425,0.37252775234504043,0.3628612627735694,-0.5379663476543302,-0.21046242321005393,-0.5454162460927756,-0.5078059636752432,0
0.975907634334304,-0.8322544289849592,-1.0445216752234585,-0.7688220548042847,-0.705056156028684,-0.9059121827417164,0.0019304317964952968,-0.7672031297483859,-0.03871145451993881,-0.8343213105799406,-0.10266242725976861,-1.354143339776207,0.618292667772258,-0.13231239848274506,-0.5164882463528114,-0.5085369361128291,-0.4542867243071453,1.1098741026580936,-0.9144923580214473,-0.20957061193326582,-0.49994777706965343,-0.8953854265183555,-1.2400970819300507,-1.63854625762619,-1.1061766473902712,-1.5181543288779187,-1.1836615533525954,-0.9853649161114405,-0.83499538114666,-0.5263318434452218,-0.23685338992524893,-0.1170464465168156,0.007165207305035071,0.4521723055341372,-0.03753852952928203,-0.4409663954873462,1.1493904294871515,0.12644356894824987,-1.044521675223458,0.9270063718027101,-0.4264808145148394,-0.6766005175759896,-0.42132687198158797,0.4978810544001587,-0.2705077727857323,-0.8335048491632046,0
0.6283097403763865,-0.7332210160025632,-1.0281978427180025,-0.5233344729038293,0.11115764776286925,-0.018797189921225456,-0.2375515227503151,0.1093727151651071,0.15408407422066794,-0.7412327132005644,-0.3000319981747317,-0.2474975225715439,0.25042579471857657,0.24844594107509516,-0.6290148494839152,-0.0106980212829667,-0.40093215845495794,0.6721376925127184,-0.8953739629008363,-0.7527612173876135,-0.6626366101992877,-0.5943547968398687,-0.5089277485254825,-0.13399878545290514,-0.9689195555890904,0.05683485185736105,0.049842140301639075,0.00761613024034911,0.049503735320180056,-0.00429105815785305,-0.04074608693793077,-0.029186201129251285,-0.032777338176338794,-0.24481191872462418,0.02622316506734121,1.5529113258257579,0.43139250452875416,0.477998921118185,-1.0281978427180032,0.6762684730014586,-0.36845512810406394,-0.5635801431389504,-0.535593607820587,-0.5800395603295395,-0.46886123283120973,-0.7404480247380727,0
0.975907634334304,-0.7332210160025632,-0.47318753753249154,-0.524089819309677,-0.4263490035144951,-1.1114632176635375,-1.4110131000296875,0.1580713732158568,-0.6170980407417584,-0.5085112197521235,0.1510984496308983,0.17226468395435163,-1.2900167361937132,-0.7655300718778489,-0.08769369048201507,-0.6704357702038413,-0.4466646434711185,-0.6327337015396859,0.7506581847414633,-0.4177936773574324,-0.516548678409412,-0.6179650423048481,-0.6743112882241349,-0.8886087753783258,0.0261943599694716,-0.7836302266515999,-0.7724936554678504,-0.7979479636543146,-0.7892454268466511,-0.7704342476768156,-0.7411293118926383,-0.7160935741592991,-0.7384289750139432,-0.6725067836106824,-0.719788661713151,-0.3984602562837904,-0.9333969396070422,-0.9176758269964573,-0.4731875375324907,-0.47169692922059286,-0.6822046360419731,-0.5980709712251722,-0.017900278975451066,2.099711506362387,0.6453238023019028,-0.5078059636752432,1
0.760604461211115,-0.4361207770553754,-0.8731214339161675,-0.42891617217288497,-0.6851485022776705,-0.6787241967754931,0.3611533636167117,-0.04889792349982905,-0.4243025120011519,-0.5085112197521235,-0.6947711400046581,-0.037616419308596126,-0.6002663492180609,-0.4634066067939105,-0.675900934121875,-0.10176611545916105,-0.24086846089839611,-0.34507834630129647,-0.8281512187670742,-0.8704525152360555,-0.8319658038648253,-0.821603409440295,-0.7918206453784404,-0.680682183727049,-0.8316624637879093,-0.5340803714080428,-0.4391142788045439,-0.17980082221677682,0.019003765786840716,0.1286359936514306,0.12734588705119906,0.25635959638033246,0.24682048019327812,0.1512018450587629,-0.22032205403960206,-0.6025281915551604,-0.5898260317137266,-0.0048037625285257905,-0.8731214339161671,0.06732218207845221,-0.46139892669123517,-0.7576465621133557,-0.5459523620280562,-0.2730743468672744,-0.6814978998227773,-0.5078059636752432,0
0.9395914364581033,-0.5846708965289693,-0.9057690989270807,-0.6124653487938408,-0.8045944247837515,-0.8085459030419065,0.14561960452458186,0.20677003126660645,-0.809893569482365,-0.6248719664763439,-0.6806733135107322,0.2867452857341191,-0.3703495535595102,-0.09920297765162853,-0.7611483607363474,0.3313132657342965,-0.012206035817593431,-0.032409481911742734,-0.9206595822539027,-0.8312220826199082,-0.7987640011853081,-0.5559881479592773,-0.4784623596336255,-0.21343141597137047,-0.9517624191139428,-0.1103164662774743,-0.09462225625246035,0.23448928321476442,0.6137531716869573,0.6796790447880975,0.7156677960131534,0.8434257814699662,0.8859012078952594,0.6739400132528337,-0.11617795286511742,-0.5179005840910673,0.4302057310990707,0.3549545478587076,-0.9057690989270801,0.22734501100732765,-0.148676422052632,-0.5669848171560453,-0.580734361069834,-0.1422244509076224,-0.6687249965776582,-0.624126994206658,0
0.8124847438914024,-0.8322544289849592,-0.7996641876416146,-0.36773311329923314,-0.7249638097796975,-0.6570872457310909,0.3252310704346898,-0.4384871879058264,-0.23150698326054528,-0.7645048625454083,-0.7934559254621398,-0.28565772316482685,1.8598433643284316,1.8542528513842476,-0.6443593862745202,1.171163467581422,-0.08842684417786098,3.4944953084024233,-0.8799559023196981,1.1604768040460334,1.4589585810218606,1.509908330226416,1.1144422595691839,1.3284961176223689,-0.6086196896109903,1.3775656895142994,1.5167113976201883,1.5464079504146453,1.6583771282038287,1.7696808696242237,1.7242196399479328,1.7000631739987178,1.3918401173259947,0.417323094321199,1.8540584101705417,-0.1377174687410122,1.487620856946892,0.8764283202441112,-0.7996641876416142,1.6472945267339576,1.145861236722276,1.5529428610533023,-0.5686872642980781,-0.03437947451924961,-0.48710475093727684,-0.7637122308443557,0
0.010934376480973274,0.2571131138213963,0.9633097229476567,-0.6517433618979136,0.0116193790078017,-0.6029948681200854,-0.884152800026704,1.205092521306974,-0.809893569482365,1.1205392343869618,-0.27183634518687994,-0.26657762286818537,0.5033342699429827,0.19050445462064122,-0.33832112472856407,-0.771622541510724,-0.14940349086607504,-0.46180805567339644,0.07226351917138858,0.2672300306322173,0.3798999939375521,0.6983061423677508,0.6618136246044511,0.4874447356621476,0.06050863291976687,-0.2609880769905655,-0.6613671965800816,-0.8653523062046844,-0.9341202821300129,-0.9879512415465526,-0.9792596083772389,-0.9796743103219917,-1.0047126115564353,-0.5489504893102655,-0.445613374947671,0.3129886528291202,0.6034746518328328,-0.4840908926535374,0.9633097229476577,0.2559371655707456,-0.2092696167116715,0.30017085206749755,-0.0964583739974925,1.1757442645149587,0.4158382820883174,1.1206884637645642,2
-0.5208385209919638,0.40566323329499004,-0.21200621744519185,0.624792063984454,-0.06801123599625224,0.35984945335581353,-0.38124069547840167,0.8398525859263511,-0.03871145451993881,-0.043068232855241965,0.3061745410640838,-0.5336990270210304,0.31940083341614195,-0.33924627867722346,-0.05188977130393661,-0.0026030795784161205,1.7103842331244534,0.16769859129757184,0.26344747037750055,0.9281119339350067,0.9775324421688615,0.9417867987253506,0.7096878071487976,0.8612453498666903,0.40365136242271915,0.36759504895311135,0.14985595330063115,0.022412205434332703,-0.04199617327983796,-0.06954615631877425,-0.0687614159361191,-0.1290273890696652,-0.16591915644758487,1.7510974507436468,-0.42010869710902166,0.449546837600725,0.7755567991369113,-0.02003782778922307,-0.2120062174451932,0.46364618114637973,1.5012043782820685,0.9053146512798294,-0.3594458731753952,-0.6005120980617157,-0.2936321721648873,-0.04252184154958386,0
-0.08763816061157012,-0.33708736407297946,0.9714716392003846,0.31132330555771864,-0.08791888974726575,-0.4839916373758732,-0.36926659775106085,0.1093727151651071,-0.6170980407417584,1.7023429680080637,1.208435436675344,0.6111069907768615,1.1011179386552141,0.48435056449680053,-0.26500833784011774,-0.8222159271641653,-0.7545967092465995,-0.8703620384757467,0.22027690075031398,-0.8795056919936279,-0.8452465249366321,-0.9381789964236306,-1.0050783676214397,-1.0428015287377,-0.488519734284957,-1.0190546183908047,-0.9502959896882807,-0.927824623690393,-0.9646202516633521,-0.9807006750842279,-0.9792596083772389,-0.967693367769142,-0.9780842479021861,-1.0780248777248709,-0.49874812044485706,-0.2326029680189351,-1.152950024098453,0.13816208068724767,0.9714716392003835,0.5843746304128824,-1.0591148468871863,-0.9717709519276018,0.08553966969343896,1.2255660784487934,0.5617366222232909,1.702293616421638,2
0.7580104470771031,-0.9808045484585531,-0.5058352025434033,-0.9455731137726124,-0.6851485022776705,-0.6895426722976943,0.7443244908916087,-0.2558672202155149,0.5396751317018809,-0.7412327132005644,-0.5960863545471766,-0.4001383249446214,0.29640915385028654,1.427969058183622,-0.7431611537206938,1.3128249474110578,-0.7233461778188897,0.2969350552452538,-0.8959906853240817,-1.0424628736299322,-1.0676986028893973,-1.0370468993082318,-1.0486003517526639,-0.5778870148207996,-0.9740666965316347,0.02622968093126446,0.5832491429629296,0.9052446920086884,1.0331277527703726,1.2863097721359193,1.4300586854669552,1.5003807981178898,1.644809572041362,-0.206794597401419,2.85299162551764,1.0496335087097493,-0.6485713164830499,2.3178052641408455,-0.5058352025434049,0.5374827885722697,-0.42134579801831057,-0.7774306787387782,-0.5839367768611804,-0.2120176775927368,-0.6557208079639837,-0.7404480247380727,1
-0.2432790086524285,0.306629820312594,0.09814660015847687,-0.32694440738346514,-0.4263490035144951,-0.3541699311094598,0.6126094158908629,0.75462993433754,0.7324706604424877,-0.6248719664763439,0.26388106158230595,-0.5909393279109277,-0.46231627182293017,-0.7282819734428428,0.057226934762588104,0.19774672760921141,1.7103842331244534,0.025955372774307244,-0.5598769646552719,1.2178135901773257,1.0439360475278958,0.860626579939484,1.2145428230709998,1.0481456569689616,0.4379656353730144,0.8360895885141288,0.37210887107616886,0.4284822690914385,0.4002533849535819,0.35340355398349205,0.19738420954666988,0.27033736269199043,0.2335062983661535,1.5610108441276211,-0.5200020186437315,-0.6365074581884705,-0.5773649107020519,-0.9563469157351502,0.09814660015847661,-0.09109543118204204,1.55512205149562,1.16399586192649,-0.36768240032160604,-0.467675882746737,-0.6726596270957647,-0.624126994206658,0
-0.2510610510544718,0.9008302982069696,0.759261816629454,0.35966547553196215,0.5093107227831392,-0.6462687702088897,-0.6925672363892553,0.18242070224123108,-0.4243025120011519,0.5387355007658597,0.7009136828940102,0.9927089967095012,-0.3933412331253656,-0.2523340489955425,-0.002446263867542612,-0.38104160426615713,0.12499141923088818,-0.46180805567339644,0.7568254089739185,0.2279995980160698,0.18068917786044894,0.4769600911335693,0.6618136246044511,0.34726950533544365,0.6266941365996381,-0.08206553926876971,-0.21686136102900622,-0.36557376631901556,-0.41562080006324453,-0.4997464330833651,-0.5590296734044145,-0.5403730833841706,-0.43220279299007713,-0.04838909188806415,-0.2968360875555501,-0.21657501205982654,0.8823664078084087,-0.14308220104870042,0.7592618166294539,-0.1977785794938693,0.013076597588025164,0.2613871741336345,-0.2116680939318163,1.5410606566261378,0.6722692981873093,0.5390833111074899,1
0.20807945066606373,-0.18853724459938556,0.19608959519121352,-0.47650299574128097,-0.3666260422614546,-0.5597209660312809,-0.7524377250259583,0.5720099666472285,-0.4243025120011519,1.8187037147322842,-0.03217329479013883,-0.6672597290974666,-0.1496294297273013,0.5909215127969569,-0.4291096340729772,-0.6518174042833749,-0.42661857087236815,-0.19666485867105488,-0.3791772946443339,-0.13684342531410026,-0.27019130252739443,-0.15608961539618948,-0.2791316723126183,-0.41668549994509063,-0.33410550600862843,-0.3692832971905996,-0.5613533835810897,-0.6927314289415423,-0.7816204344633162,-0.8018533690135553,-0.7971599698890149,-0.823922057134946,-0.8582566114580646,-0.36520010291477384,-0.09492405466624289,0.23188719567603086,0.2308277949122761,0.17683316942594055,0.1960895951912123,0.07123911533963796,-0.5340594101171174,-0.3022344050006499,-0.29945891967699084,0.8722172681768616,0.25286048929155347,1.818614646953053,2
-1.5558501604636805,2.336814786451711,0.5715377428167072,1.2910075939419974,0.7681102215463146,0.803406949766059,1.4268480613500194,-1.1689670586670704,0.15408407422066794,2.2841467016291657,1.5890767520113447,-0.2474975225715439,0.5907026522932317,-0.9103837880139838,0.46641458251205586,-0.6323895441924534,0.5823162693924935,-0.31506213531989924,1.4136347897304,0.6287535558179443,0.6156327929621241,0.6200972042650067,0.7932500166807483,0.097290344586156,1.4159224144564286,0.01916694917908826,-0.33910046580555187,-0.5332626185174967,-0.7053705106299679,-0.6882611611038039,-0.8251752988872033,-0.8319093521701793,-0.8715707932851893,0.5535518290626844,-0.6305222892778785,-0.22779458123120236,-0.11155633955135606,-1.039548349082035,0.5715377428167059,0.40548643933536827,0.4100133727697004,0.5501923483663304,0.33484925980671715,-0.773565280558922,-0.2503759018220082,2.283898769078712,0
-0.13951844329185747,-0.03998712512579167,0.12263234891666068,1.6732128753008595,-0.4263490035144951,-0.375806882153862,0.9478841522563977,0.3163420118807929,-0.4243025120011519,-0.3921504730279032,-0.6524776605228803,2.57635732132993,0.8482094634308087,-0.5710122244950393,-0.20533513920998703,-0.1118847925898493,1.0396411195540989,1.0431714115883224,0.053761846474022906,0.17971598864234997,0.11428557250141455,-0.010001221581629706,-0.099821097691974,-0.3395891232654037,0.11198004234520957,-0.5128921761515144,-0.4835648623596514,-0.3935219083520957,-0.308870906696557,-0.36440252578663984,-0.20883806092706061,-0.20690351566318815,-0.125976610966211,1.1491565297928983,1.0697895666320758,-0.001800402207771825,-1.200420961285785,-0.4791691177231582,0.12263234891666053,0.6837303911468386,0.8624083261138866,0.046522637793933036,-0.38547147025082923,-0.4694014771741382,-0.6882435614066623,-0.3914849331438284,1
0.33259212909875263,-0.03998712512579167,-0.587454365070684,0.09453888707947036,0.11115764776286925,0.27330164917820454,0.0378527249785172,-0.8646004458498853,-0.03871145451993881,-0.043068232855241965,-0.243640692199028,0.5538666898869642,-0.28298117120926036,-0.2937208250344382,-0.4431754594643652,-0.0106980212829667,0.04114853003459386,0.459522864727822,-0.3717766255653876,-0.16128700255954598,-0.27749569911688815,-0.20773702735083177,-0.2956700262824835,-0.4096767384287554,-0.41989118838436645,-0.296301735751446,-0.17241077747389863,-0.24720516476714666,-0.2554959600132132,-0.22422490751503157,-0.2928840479216254,-0.3007542323271772,-0.36563188385445405,-0.15927294574741271,-0.5200020186437315,-0.7070304644085482,0.22964102148259302,-0.4020613104805525,-0.5874543650706846,-2.6437838430692215,0.022319627281777044,-0.24450297601512888,-0.4783071013437546,-0.3149689554685244,-0.02884219174116769,-0.04252184154958386,0
-2.5649216585952552,2.4853649059253047,2.5059118947132695,2.1815610064362643,3.316289901676041,3.8217616204601694,0.14561960452458186,-2.2525122002962497,0.3468796029612744,1.5859822212838433,-0.6806733135107322,0.2485850851408633,-0.4853079513887856,-0.9269384984295421,3.9700838163668735,-0.7351953038402462,-0.9268557361408041,-0.9579093205048218,1.0991063538751835,-0.2276769654484108,-0.32231813273423643,-0.4394125609759417,-0.3827139945449321,-0.6619921530168219,0.8668940472517047,-0.8683830076777137,-0.8613948225780657,-0.9080965234317482,-0.8959953202133386,-0.9444478427726052,-0.9092212858817683,-0.9037950074872771,-0.9115133387665632,-1.3631547876489094,-0.8303089323472981,-0.7999926089713778,-0.5239601063663034,-0.540339749000727,2.5059118947132677,-0.5629201512904842,-1.0021161637757166,-0.4188814974124203,3.852380946500993,-0.7067800324650777,2.285496558467593,1.5859725858902234,1
-1.3638931145466213,1.1484138306629597,1.6897202694404572,1.0870640643631573,2.4204454828804343,-0.2135297493208454,-1.6504950545764985,-0.3532645363170142,0.15408407422066794,1.236899981111182,2.731000698019346,0.22950498484424894,-0.3703495535595102,-0.7200046182350637,1.3615125619640165,-0.7311478329879708,-0.28660094591455665,-0.674422883458293,1.6264040257501051,-0.5385027007917319,-0.6161540864479635,-0.5707445513748894,-0.5437453358304619,-0.8442199524415366,0.6953226825002288,-0.9295933495299068,-0.8280568849117349,-0.8702843312693457,-0.8426203735299949,-0.8163545019382045,-0.7551369763917325,-0.7360618117473817,-0.711800611359694,-0.6249851319566758,-0.6326476790977659,-0.7230584203676568,-1.0520742825753724,-0.6821337410426008,1.689720269440459,-0.36745562456032227,-0.6257194545801564,-0.6540260485496001,1.4084978604500196,3.1297822863545806,2.4996625552358704,1.2370094942959784,2
-0.42226598389942044,0.5046966462773861,0.049175102642107824,0.2848861813530543,0.2106959165179367,0.27330164917820454,-0.010043665930844983,0.5963592956726038,-0.4243025120011519,0.18965326059319867,0.46125063249726933,-0.01853631901198177,0.11247571732344663,-0.1405897536905242,0.12542487605416608,-0.2677124204024486,0.07163685337870088,-0.5243418285513072,-0.06649902605885398,0.626339375349258,0.7285189220724825,0.5064728979647937,0.42244271188271754,0.24213808259041616,0.4379656353730144,-0.01850095349918453,-0.17241077747389863,-0.2241890477987276,-0.27074594477988284,-0.25564402885177134,-0.3349070414189079,-0.3486780025385759,-0.36563188385445405,-0.013539880675126265,-0.5582590354017055,-0.16849114418250088,1.0307130865188214,0.20847315112123466,0.049175102642108746,0.26503240032916436,0.16764059413354157,0.5861634695034623,-0.21245831324525563,-0.520333873076416,-0.3045239520669806,0.19012021951324545,0
-2.75947271864633,2.4358481994341066,1.89376817575866,1.651307829531281,1.9227541391050973,1.3443307258761146,0.37312746134405195,0.5476606376218541,0.9252661891830941,2.8659504352502676,2.6887072185375684,-0.20933732197828805,1.6989016073674463,-0.9145224656178734,2.205462085447294,-0.5550828509139951,1.3826347571753028,-0.4659769738652572,1.9656013585351424,0.38793905406651674,0.2636936845592419,0.10805000574326691,0.26576356901031,-0.14334380080801873,1.7247508710090855,-0.35280358976885523,-0.5724660294698666,-0.6121750195520759,-0.6519955639466242,-0.6157554964805582,-0.6010526669016969,-0.594287324871994,-0.5653446112613232,0.6169140312680261,-0.7091617126137139,-0.8576932504241686,-1.0936113526142879,-1.0254861349952373,1.8937681757586582,0.6570456721639943,0.841354758478119,0.2101690345721209,1.278021442990686,-0.5026835686293538,0.2695798162087899,2.865503921735786,0
-1.4183674113609206,0.9008302982069696,1.51015811188044,1.2230264174157173,2.082015369113205,1.192872068565299,-0.8961268977540449,-1.2785390392812575,0.5396751317018809,1.0041784876627413,0.9264789067968253,-0.7626602305806196,-0.6002663492180609,-0.8731356895789777,2.0520167175412434,-0.6299610616810882,-0.35519967343879744,-0.7161120653769002,1.111440802340094,-0.3876164214988575,-0.4833468757298948,-0.4526933240499926,-0.4567013675680134,-0.680682183727049,0.8325797743014094,-0.7412538361385431,-0.6613671965800816,-0.7223235793295094,-0.7053705106299679,-0.6955117275661283,-0.6850986538962618,-0.6761570989831335,-0.6585438840511955,-0.7200284352646887,-0.6539015772966403,-0.6589465965312226,-0.9927356110912072,-0.8579114171275684,1.5101581118804388,-0.45590515390510356,-0.6103144050905701,-0.5096974760857976,1.4690570836244827,1.01771020606863,2.2000556044672455,1.0043674332331491,2
-0.7205776093110663,0.15807970083900025,1.232652959287683,0.40045418144773015,0.33014183902401756,1.2577829216985057,0.2893087772526684,-0.4506618524185136,0.3468796029612744,0.18965326059319867,-1.0331189758588808,-0.037616419308596126,-1.2440333770620031,-1.013850728111223,2.8192435570714953,-0.4660384921639384,-0.11891516752196801,-0.7703080018710896,0.824664875530926,-0.2970846539231329,-0.5314894896151947,-0.5205727797618083,-0.5872673199616862,-0.7788048449557415,0.7982655013511145,-0.7082944212950543,-0.7058177801351893,-0.640123161585156,-0.6062456096466152,-0.6085049300182336,-0.615060331400791,-0.6242396812541183,-0.6319155203969463,-0.7041878847133533,-0.7474187293716879,-0.24036049870314333,-1.4609177291012696,-1.1297808894723183,1.2326529592876831,-0.7537696089049695,-0.43110232936171544,-0.5273129633916362,1.339154169590833,-0.3752715353325546,0.4671867935648742,0.19012021951324545,1
0.5816174859641268,-0.8817711354761572,-0.48951137003794737,-0.7144371135832608,-0.6254255410246301,-0.4839916373758732,0.19351599543394404,-0.633281820108825,-0.4243025120011519,-0.6248719664763439,0.6304245504243805,-0.6290995285041836,-0.7210660336680731,-0.2720468797360363,-0.41599395073031353,-0.3112238497487715,-0.7352699576719907,-0.24879831031180716,-0.3489494507363824,-0.6770648146420221,-0.7613787790840213,-0.8043083753690737,-0.8671253814311309,-0.8653103962720965,-0.6017583572991401,-0.7339975754622566,-0.5507806474600392,-0.4420888376406603,-0.358688108625484,-0.37489116501955966,-0.32867460871215703,-0.30190509135534693,-0.29193326105936257,-0.9094476630081488,-0.2283115580604721,-0.347170797214643,-0.3512273825761917,-0.025145452139133054,-0.48951137003794665,-2.6437838430692215,-1.8170432817748357,-1.6276888027861742,-0.3550842361712039,0.2021158552228958,-0.18573110336286056,-0.624126994206658,0
-0.8191501464036096,1.5940641890837415,0.6286711565858042,0.9193771622650005,1.524601064084827,1.8960729775083716,-0.44111118411510414,-0.8767751103625724,-0.03871145451993881,0.887817740938521,-0.7793580989682138,-0.01853631901198177,-0.8071914653107563,-0.4385745411705731,0.7562558330012622,-0.4296112544934607,0.14785766173896844,-0.5076661557838644,0.4299625246537916,-0.4600418355594372,-0.4385244421125466,-0.35382542116539156,-0.38706619295805444,-0.4307030229777609,0.7124798189753764,-0.5011209565645541,-0.5391280918035358,-0.5546347271310285,-0.4766207391299232,-0.5311655544201048,-0.5029990154080378,-0.5403730833841706,-0.4987737021257001,-0.26698868949649396,-0.2798329689964505,-0.27487733789108215,-0.11452327312556436,0.4194063624231958,0.628671156585804,-0.4055294417382289,-0.18102702598076345,-0.45322429619355087,0.19730098770769547,-0.5586811568368529,0.9708942318505839,0.8880464027017345,2
1.0848562279629064,-0.8322544289849592,-0.709883108861606,-1.2039015845724763,-0.6453331947756435,-0.7219980988642976,0.6724799045275653,-0.7793777942610741,-0.6170980407417583,-0.6946884145108762,-0.6101841810411026,-0.3047378234614412,3.8601194865578226,0.6416203134446041,-0.7475087724780319,1.950301606644418,-0.019828116653620186,3.015069716338441,-0.8996910198635548,0.04995378845047811,0.23049188187972472,0.3589088638086727,0.2701157674234325,0.7911577347033384,-0.934605282638795,1.189226176122936,1.5278240435089654,1.89164970494093,1.9252518616205478,2.422231851233435,2.508648851897205,2.608617984256484,2.709944118211331,1.434286439716937,1.5565038353862999,0.11039528950598805,2.0691398374917096,2.0482794941438947,-0.7098831088616064,2.8985091590249055,0.950730609854182,0.5905303340036497,-0.5866709477369554,-0.012385735456203884,-0.519731165851627,-0.6939196125255068,0
0.6646259382525873,-0.7827377224937612,-0.5548067000597723,-0.29295381912032514,-0.784686771032738,-0.5272655394646776,0.18154189770660376,0.1337220441904814,0.7324706604424877,-0.8575934599247846,-1.24458637326777,-0.6290995285041836,-0.5082996309546409,-0.5585961916833706,-0.6034406214995734,-0.5959623065219757,-0.5762400176835734,-0.4201188737547893,-0.4515188348910336,-0.4509886588018648,-0.4634257941221845,-0.3597279825316365,-0.3348398120005853,-0.26482900042449503,-0.5056768707601046,-0.2727592965775257,-0.23908665280656002,-0.28008533186488804,-0.2554959600132132,-0.31848227152525105,-0.3489147059180021,-0.36664941636785037,-0.36563188385445405,-0.48242017699465645,-0.594390662339792,-0.23580855921075664,-0.6426374493346335,-0.7887721978674811,-0.5548067000597727,0.041789014222564626,-0.8347146259888781,-0.4153287940902343,-0.4108612525450391,-0.16304750777944202,-0.5075795825649196,-0.8567690552694875,1
0.6127456555723,-0.7827377224937612,-0.7180450251143339,-0.08221217188885732,-0.784686771032738,-0.4298992597648676,-0.06991415456754745,0.12154737967779426,0.5396751317018809,-0.8575934599247846,-1.0331189758588808,-0.34289802405472414,-0.4163329126912202,-0.36821702190445044,-0.595768353104271,-0.27783109753313684,-0.31708926925866365,-0.6494093743071286,-0.7374930225499825,-0.5898040357513091,-0.45512534345230515,-0.3007023688691881,-0.1868650659544226,0.1346704060066099,-0.7287196449370237,0.09214851061824184,-0.039059026808575856,0.009260138595236143,-0.04199617327983796,-0.15171924289178595,-0.20883806092706061,-0.2528304621157785,-0.27243261106458183,-0.16560916596794678,-0.6454000180170907,-0.36403220688362514,-0.7138438551156315,-0.7301796391724918,-0.7180450251143344,0.14442836956786756,-0.6857991475895432,-0.36736729924072486,-0.4598785864519331,-0.1640893352706333,-0.4306788898267996,-0.8567690552694875,1
0.49860903367567,-0.18853724459938556,-0.03244405988517296,-0.42211805452025697,0.13106530151388265,0.37066792887801464,-0.40518889093308275,-0.4628365169312007,-0.03871145451993881,-0.27578972630368276,-0.08856460076599165,1.7749931088713948,-1.0355024760980132,-0.6653740738637215,0.40484031254120895,0.10405541467366006,-0.7064340417722668,-0.16160808876612837,0.20092355425747913,-0.5821310401566842,-0.6466281008896847,-0.6950133735334271,-0.6823063265634284,-0.6099776258001527,0.2220220470470601,-0.581444172642569,-0.289820234765847,-0.11117073472820627,-0.03747712916236017,-0.16107449415216085,-0.005684879006448177,0.04309848606325194,0.049643233606667045,-0.7735969930982731,0.34931431923004314,-0.2973559100937335,-0.4309685050445079,-0.13584021315971911,-0.03244405988517326,-0.4065266731359031,-0.6428989826933614,-0.5890686400212892,-0.25304526796606464,0.06700090111759235,0.3799893916449245,-0.2751639026124136,1
1.2482791184058117,-0.7827377224937612,-0.6282639463343251,-0.8911881725515884,-0.6453331947756435,-1.0898262666191354,0.08574911588787938,-0.41413785888045107,-0.03871145451993881,-0.8575934599247846,-0.5255972220775468,1.2407503005657048,-0.4163329126912202,1.005823942586886,-0.37668246670507666,0.9687899249676569,-0.7294438424877111,0.4136647646173541,-0.7886809836793608,-1.0216405670875155,-0.9747335553867492,-0.86439697934557,-0.7831162485521956,-0.059238662611996507,-0.9517624191139428,0.4311596347226965,1.0722055620691129,1.225826321211667,1.147502638520395,0.9165308825573667,0.7436831250113417,0.8414289577111579,1.2986408445361224,-0.5045969477665262,0.9210122792399545,0.9342322258041679,0.08129434277218038,1.403761348499014,-0.6282639463343245,0.11991171541997953,-0.46961495308568135,-0.6703092721096188,-0.5227749919892267,0.7140072042189596,-0.27245144181959485,-0.8567690552694875,1
0.1198829701095756,-1.079837961440949,1.3224340380676929,-0.9115825255094726,-0.784686771032738,-0.8301828540863087,1.6304077227148086,-0.9376484329260103,-0.23150698326054528,-0.8575934599247846,-0.5396950485714728,-0.781740330877234,3.745161088728547,2.971695804434431,-0.7807552688576761,3.0532374138894385,-1.2393610504179011,-0.6952674744175966,-0.937002726469909,-0.18241108166054848,0.42140224728694853,0.9344085970175445,1.2711214024415913,5.136589874831149,-0.6463653898563151,5.073728639819814,5.783967418910514,5.294746999557161,4.7769990129877735,4.524896125307559,5.058043790732342,5.374218890205949,5.186381938056509,-1.2902882551127661,2.0240895957615375,-0.3281936973590586,-1.3606353742930306,-0.4430761015670449,1.322434038067693,1.9106013490421108,0.011022590989413472,1.4801864576010368,-0.591490317243891,0.6861153773441795,-0.14005290293081088,-0.8567690552694875,0
0.9214333375200047,-0.9808045484585531,-0.8976071826743528,-1.0747373491725443,-0.5258872722695626,-0.5380840149868786,-0.010043665930844983,-0.3045658782662646,-0.03871145451993881,-0.6248719664763439,0.22158758210052806,-0.28565772316482685,-1.313008415759568,-0.37235569950834,-0.5846861876443894,-0.44984860875483723,-0.9954544636650449,-0.6494093743071286,-0.8068742951651038,-1.003232441013785,-1.0278564396739767,-1.0473763816991601,-1.0573047485789087,-0.9797226750906833,-0.9002910096884998,-0.5693940301689235,-0.5057901541372052,-0.46750228432201385,-0.45374576197991867,-0.434491334922444,-0.3769300349161904,-0.3746367114030835,-0.3789460656815787,-1.1603957405918153,-0.33296771449363655,0.07192819520412744,-0.16199421031289643,-0.166519224526696,-0.8976071826743532,-0.3940629524968294,-1.1561666586715804,-1.0096664540309181,-0.4724130379886349,-0.01922758406675055,-0.3831342765937505,-0.624126994206658,1
0.4181945955212251,-0.7332210160025632,-1.3138649115634862,1.8280588884996087,-0.705056156028684,-0.6570872457310909,-0.2375515227503151,-0.3532645363170142,-0.4243025120011519,-0.7412327132005644,-1.9494776979640673,-0.5146189267243889,1.9518100825918523,1.1630936915346897,-0.7279018643567031,1.1509261133200455,-0.22562429922634258,1.5726240219546335,-0.72269168439209,0.20687551891506753,0.33009728991827625,0.25561403989938786,0.20048059281347358,0.38698582059467634,-0.8488196002630569,0.6477500751227648,0.7832767689609136,0.9710050262041713,1.0560027299203774,1.189635552638259,1.0574548097910508,1.220825471884731,0.899215389722384,0.48385340663680804,0.8742537032024307,1.3336488883051527,0.15843461570159478,0.407687850684198,-1.3138649115634857,1.9419811426550724,0.462390541034294,0.45315913887912773,-0.5808882525771223,0.022311439534562643,-0.41996091189974866,-0.7404480247380727,0
0.4856389630055954,-0.8322544289849592,-0.4487017887743063,-0.4734816101178906,-0.6851485022776705,-0.8193643785641076,2.1093716318084295,-1.899446929428315,-0.4243025120011519,-0.3921504730279032,-0.3564233041504355,0.9124169752054362,-0.41130515749642893,1.06376542904134,-0.6392445406776519,0.25845879039334113,-0.6898090221403721,0.3469620735475826,-0.7741880067330911,-0.8644170640643405,-0.8369460742667528,-0.7596265150947242,-0.6090283120272983,-0.5615332379493511,-0.8659767367382045,-0.01143822174700833,-0.005721089142245165,0.21804919966589378,0.3773784078035776,0.3413192765462845,0.4915451640276471,0.5518895126839577,0.5530466622171442,-0.20362648729115196,0.5278151625607778,-0.3992937099936639,-0.019581398750900387,0.6420580854641545,-0.4487017887743068,-2.6437838430692215,-0.588747335805149,-0.6587629863125144,-0.5498745798038167,-0.27564446066941706,-0.7853356431624092,-0.3914849331438284,0
0.1977033941300048,-0.28757065758178146,-0.5548067000597723,-0.38812746625711697,-0.3865336960124681,-0.9167306582639175,-1.1595570477555364,1.119869869718162,-1.0026890982229715,0.07329251386897835,0.3625658470397876,-2.498949357574099,-0.23239947616437945,0.32708081554899693,-0.43976556239978626,0.11679731056370532,-0.27135678424250315,-0.5993823560048002,-0.13742210473208907,0.1495387327837751,0.029620975668645817,0.29988325014622425,0.21353718805284075,0.3589507745293358,-0.14537700478200455,0.2216319260748042,0.23875712041084632,0.22626924144032926,0.1867535982202069,0.16972253693793646,0.12734588705119906,-0.029186201129251285,-0.05940570183058804,-0.466579626443321,-0.5476320863022682,-0.21016382967618302,0.25931035722467555,-0.5450271536963261,-0.5548067000597727,0.2169350701328986,-0.19129705897382074,0.17693645557917395,-0.4896102429664559,0.8044262992683099,-0.07245992714093766,0.0737991889818308,0
0.17176325278986296,-0.3866040705641775,0.5144043290476101,0.031845135394123474,-0.14764185100030616,-0.4515362108092698,-0.417162988660423,0.07284872162704459,-0.4243025120011519,1.8187037147322842,0.4471528060033434,0.09594428276781285,1.3310347343137647,1.7466472336831187,-0.4772744301101542,-0.9074151886045604,-0.722583969735287,-0.7327877381443431,0.10988358698936541,-0.6984421568421787,-0.6842177819409738,-0.7271624275803776,-0.7613552564865834,-0.8839362677007692,-0.41989118838436645,-1.0661394967386455,-1.0725350944648264,-1.0363291751129395,-1.0866201297967093,-1.0846254610442134,-1.0492979308727097,-1.0355853755686235,-1.0579693388649338,-1.0400075564016655,-0.23094900313903932,-0.27427565351261723,-0.8087857294902955,-0.037615595397719866,0.5144043290476101,0.8465458980051527,-0.9924109825972774,-0.8130835368699646,0.01629272993114464,0.9541905449652673,0.3967533787011412,1.818614646953053,2
0.22104952133613465,-0.8817711354761572,-0.4487017887743063,-0.8254730352428512,0.15097295526489618,0.8683178028992657,-0.29742201138701807,0.29199268285541863,-0.809893569482365,-0.7412327132005644,0.5740332444486766,0.17226468395435163,1.055134579523504,-0.23577933857998426,-0.48579917277160145,0.08644127917164054,-0.6295945835357606,1.5684551037627723,-0.8694716211245241,-1.0424628736299322,-0.9996349073963872,-0.8894828651521106,-0.7439464628340938,-0.059238662611996507,-1.0032338285393854,0.351115341531367,0.43878474640883025,0.38738206021926175,0.4383783468702563,0.3316518545965184,0.22539953854485822,0.1944580598572759,0.1669353892305304,-0.21313081762195332,0.6850940092324485,-0.1139960939215317,-0.06111846878981567,0.6713543648116491,-0.4487017887743068,0.996722550793649,-0.49169552402075495,-0.78362570515684,-0.4999344314249918,-0.9304421237602135,-0.23527260107627146,-0.7404480247380727,0
-0.25884309345651507,0.10856299434780224,0.22057534394939876,0.5500127698055461,0.35004949277503106,0.8250439008104613,-0.35729250002372054,0.14589670870316965,-0.23150698326054528,0.3060140073174192,-0.6247723177108139,1.0683658085597139,-0.5246050158194263,-0.3598964283590527,0.2857143685250111,-0.26231118368829803,-0.6327710353329884,-0.6774007987881169,0.6294515775133865,0.5176167595128657,0.48584884365771447,0.37588906849196746,0.4148759305387606,0.29518369712666864,0.955242088754496,-0.048564308883096076,-0.22601826142018736,-0.23704433048399906,-0.32633508779425385,-0.4587718853761592,-0.45273473833296557,-0.48559736124880326,-0.49882579162048835,-0.972777629692956,-0.6271681347533722,-0.27427565351261723,-0.5212719471993887,-0.842059161072524,0.22057534394939848,-0.156123602940977,-0.39946634542176773,0.4322998026007379,-0.15060323021504884,-0.4478669994992412,0.18013220414856032,0.30644125004466044,1
0.4804509347375677,-0.4856374835465734,0.17976576268575767,0.15798798517066492,-0.1675495047513197,-0.5921763925978842,-0.8961268977540449,-0.08542191703789158,-0.4243025120011519,1.236899981111182,0.48944628548512126,0.3058253860307606,-0.46231627182293017,0.020818672861168935,-0.567636702321495,-0.967115383675621,-1.0587177346040668,-1.0075194469879645,0.3131799665880196,-1.130278688178385,-1.1971856333395143,-1.2554416698592907,-1.324964950985938,-1.531078581042384,-0.6944053719867285,-1.4687152066126856,-1.2614500745740336,-1.1793579019881146,-1.1781200383967272,-1.152297414692576,-1.0913209243699922,-1.0715282032271727,-1.084597702519183,-1.5437370639341341,-0.26282985043735096,-0.6012459550784317,-1.6893716143153052,-0.507527916131533,0.1797657626857586,-0.11000423423305829,-1.426525277213821,-1.3167532474423622,0.06510398169174819,1.4503558011706847,0.6868333475830588,1.2370094942959784,2
0.7528224188090717,-0.8817711354761572,-0.26913963121428885,-0.7892164077621686,-0.5856102335226031,-0.9275491337861187,0.9598582499837379,-0.3045658782662646,-0.23150698326054528,-0.6248719664763439,-0.8498472314378437,0.13410448336106867,-0.3703495535595102,0.08289883691951246,-0.6162277354917443,-0.4680622275900761,-0.6905712302239747,-0.29922024619082854,-0.5814622494688653,-0.7195662359431811,-0.8153649025250668,-0.7478213923622345,-0.6743112882241349,-0.37930543852463633,-0.7630339178873189,-0.3739917850253836,-0.26131194458411383,-0.3244735574468388,-0.438495777213249,-0.45865988979685923,-0.5029990154080378,-0.5164111982784713,-0.5254020657799494,-0.4792520668843894,-0.49237195098519476,-0.1460520058397488,-0.04331686734456632,-0.8813484406055639,-0.269139631214289,0.05441215338727358,-0.8465251639308944,-0.7386988110616973,-0.4856734781014295,0.009788743867774478,-0.6519993589492022,-0.624126994206658,1
0.599775584902229,-0.7332210160025632,-0.9384167639379924,-0.8103661071259002,-0.12773419724929266,-0.08370804305443194,-0.6446708454798932,1.0955205406927866,-0.23150698326054528,-0.7412327132005644,-0.003977641802286915,-0.056696519605237604,0.227434115152722,0.509182630120138,-0.6366871178792176,-0.057243936084132786,-0.40093215845495794,0.6512931015534148,-0.8744054005104884,-0.7678498453169009,-0.6925182326108531,-0.6253432440126541,-0.5306887405910946,-0.17605135455091614,-0.9517624191139428,-0.032626417003536724,0.005391556746531732,-0.0071799449536344845,-0.0038712113631637884,-0.03812703498203449,-0.09677674493430728,-0.12303691779324048,-0.125976610966211,-0.24481191872462418,0.02622316506734121,1.3605758543164552,0.4907311760129192,0.4662804093791872,-0.9384167639379932,0.6309997909343829,-0.3920762039880965,-0.596738707479352,-0.5354138095144066,-0.6237898179838797,-0.5632483572376611,-0.7404480247380727,0
0.8695530548397173,-0.5846708965289693,-0.9955501777070894,-0.9659674667304965,-0.6851485022776705,-0.9167306582639175,0.9838064454384196,-0.6576311491341994,0.5396751317018809,-0.6248719664763439,-0.9626298433892511,-1.7357453457088197,-0.3197678585146293,-0.5972100537276602,-0.781096258564134,-0.21833327600468977,-0.39613024752826115,-0.3621709108879254,-0.8996601837423925,-0.5710941371189927,-0.6594824389447335,-0.6400996474282663,-0.6812748056851308,-0.6503108838229299,-0.7458767814121713,-0.4493275903819292,-0.5502407376923127,-0.2652892566709043,-0.20212101332986931,-0.24839346238944693,-0.22284572542615477,-0.2468399908393536,-0.16591915644758487,-0.2955016804888978,-0.5157512390039566,-0.42077117097886946,-0.35543827935127464,-0.567292326000422,-0.9955501777070901,0.28708062983828087,-0.5443294431101752,-0.6165006197090112,-0.5795749949633474,-0.3057164430253152,-0.8535921243072,-0.624126994206658,0
1.1263604541071384,-0.3866040705641775,-1.6403415616726107,-0.46290676043602497,-0.705056156028684,-0.8950937072195153,1.4747444522593818,-1.059395078052884,-0.23150698326054528,-0.7412327132005644,-1.0049233228710288,0.15318458365771015,0.5493176290746926,-0.6206763557417141,-0.7781978460592419,0.24024517155810213,2.388749427530835,0.5345633921813148,-0.7372525008049167,0.016155261888874336,-0.1491707317605544,-0.24610367623142318,-0.39185361121248924,-0.5148081611737831,-0.0767484588814142,-0.16917256421227547,-0.18352342336267552,-0.17322478879722852,0.09525368962018889,0.22531021314909136,0.3794838480348937,0.503965742472559,0.5663608440442688,4.982569763216086,-0.06516859718781876,0.7515135278703302,1.825851284406633,0.020976963297269315,-1.6403415616726114,1.109345926437933,1.7165156199815204,-0.10091455007678252,-0.5840490417810436,-0.8786858403258495,-1.2341334459655093,-0.7404480247380727,0
0.6386857969124418,-0.08950383161698967,-0.5548067000597723,-0.5988691134885848,-0.2670877735063871,-0.3866253576760631,0.19351599543394404,-0.15846990411401554,-0.23150698326054528,-0.3921504730279032,-0.9908254963771029,-0.3619781243513385,-1.6348919296815392,-0.9227998208256525,-0.12179266112780404,-0.5490116446355822,-0.4542867243071453,-0.6285647833478251,-0.2977699347759249,-0.14619837463025856,-0.23433335563351593,-0.35087414048226917,-0.49151895487299285,-0.6666646606943786,-0.4370483248595141,-0.8048184219081282,-0.6947051342464123,-0.6845113871671069,-0.6748705410966286,-0.6882611611038039,-0.6710909893971676,-0.6781539227419418,-0.711800611359694,-0.8530890598959069,-0.42435947674879654,-0.46661112502191987,-0.25693608468756063,-0.9997054091694421,-0.5548067000597727,-0.6733907140779655,-0.5687207714686869,-0.345606991392336,-0.16694919636578232,-0.15943569211964825,-0.40527496970896176,-0.3914849331438284,1
-0.32109943267286134,0.20759640733019827,1.4040532005949737,1.0719571362462064,0.27041887777097723,0.6086743903664391,-0.033991861385526075,-0.9011244393879477,-0.6170980407417584,0.4223747540416395,-0.5114993955836209,-0.01853631901198177,-0.002482680505828729,-0.6993112302156158,0.8244537742928402,-0.9924120765023416,-0.21038013755428908,-1.0454566025338967,0.5317217244893028,-0.27897830040798793,-0.47670651519399143,-0.5338535428358592,-0.6220849072666658,-1.11522539773983,0.009037223494323966,-1.2686044736343616,-1.216999491018926,-1.236898194409162,-1.2238699926967362,-1.1885502470041989,-1.1193362533681805,-1.0914964408152554,-1.1112260661734323,-0.5679591499718682,-0.8473120509063976,-0.34261885772225603,-0.5832987778504685,-0.9997054091694421,1.4040532005949729,-0.11817771684220714,-0.6432298608333196,-0.6133920043020988,4.746004732577715,0.6426385755778284,1.0262940294629919,0.42276228057607523,2
0.32740410083072136,0.20759640733019827,0.09814660015847687,-0.6940427606253768,-0.705056156028684,-1.154737119752342,0.9359100545290574,0.23111936029198074,-1.0026890982229715,-0.7412327132005644,-0.3282276511625836,-0.4001383249446214,0.08948403775759123,-0.8069168479167447,-0.5932109303058367,0.34143194286498474,2.6783884992998517,0.40532692823363253,-0.8494281423690447,-0.22465923986255326,-0.3488795748778503,-0.039514028412854056,-0.11287769293134148,-0.11297250090389943,-0.2997912330583332,0.08273153494867344,0.4165594546312764,0.3791620184448266,0.34687843827023823,0.3558204094709335,0.25341486754304654,0.26434689141556555,0.286763025674652,2.1629517650783696,-0.35209622287262354,-0.9971364672684131,-0.32220862332014205,-0.6129945217825136,0.09814660015847661,0.23828371873888413,1.8596285297397779,-0.14732173722283531,-0.54175159266851,0.20288208065864227,-0.6650080418559141,-0.7404480247380727,0
0.4804509347375677,-0.3866040705641775,-0.15487280367609488,-0.36773311329923314,0.25051122401996373,0.2408462226116012,1.3909257681679976,-1.9968442455298143,-0.23150698326054528,-0.5085112197521235,-0.8639450579317697,0.6683472916667588,-0.9635348863585714,-1.1918138650784744,0.25329601597587476,-0.6906731244652178,-0.6677049877158944,-0.7244499017606216,1.651072922679926,-0.4057227750140025,-0.6178141765819395,-0.6651855332348068,-0.6830156850503797,-0.9937401981233536,0.3521799529972762,-0.8613202759255375,-0.8058315931341812,-0.8176760639129594,-0.8197453963799904,-0.7414319818275172,-0.7411293118926383,-0.7180903979181072,-0.6984864295325693,-1.0463437766221997,-0.8643151694654971,-0.9057771183014942,-1.4241277527810872,-1.238763048644998,-0.15487280367609513,-2.6437838430692215,-0.8788757678590259,-0.6488450228714124,0.29264314040730427,-0.44037408907112774,-0.22944371822389908,-0.5078059636752432,1
0.8877111537778196,-0.8322544289849592,-1.0934931727398276,-0.5512822899201888,-0.665240848526657,-0.6895426722976943,0.43299794998075497,-0.24369255570282775,-0.6170980407417584,-0.7877770118902524,-0.6947711400046581,-0.38105822464797995,1.928818403025997,1.705260457644223,-0.6997702135739272,1.6973346783772116,0.10212517672280791,3.2860493988093875,-0.9255933616398668,1.4139657532580623,1.691371199778481,2.0411388531884516,1.636706069143875,2.0527348076436707,-0.5743054166606951,2.1780086214275953,2.361272485167232,2.3190918772115676,2.398001389387307,2.349726186610189,2.18647256841804,2.019554975408042,1.7113804811769855,0.7468065457889771,1.662773326380672,3.9624901128943018,1.7843142143677173,0.7123691558981416,-1.093493172739827,1.8228806481114033,1.4539622265140033,1.9638722119861383,-0.5802262021567516,-0.3639931587217715,-0.7492858112905114,-0.7869764369506387,0
-0.056509991003396966,-0.3866040705641775,-0.7262069413670618,2.0320024180784486,-0.3666260422614546,-0.5597209660312809,-0.273473815932337,0.06067405711435744,-0.03871145451993881,-0.5085112197521235,-1.752108127049104,-0.5336990270210304,-0.7382164266131916,-0.28958214743054866,-0.43294576827062853,0.02168174553523576,-0.6585584907126623,-0.3617540190687393,-0.43036525577371226,-0.38158097032714244,-0.2625548879111056,-0.2682382813548414,-0.26085243897750404,-0.26716525426327337,-0.3684197789589237,-0.18565227163401987,-0.12796019391879104,-0.07622829585889136,-0.05724615804650763,0.024711207691445237,-0.3629223704170963,0.10859463822851981,0.047107752786408934,-0.7105241049338874,-0.3988547989101473,-0.3454397779710592,-0.03144913304773314,-0.6469782058256073,-0.7262069413670624,-0.06112166269650152,-0.5373971708398614,-0.25064619217640877,-0.47861939316207,0.13501791986106998,-0.2856551561861871,-0.5078059636752432,0
-0.3288814750749047,-0.03998712512579167,0.38381366900396036,-0.08901028954148547,-0.02819592849422521,0.31657555126700904,0.34917926588937087,-0.04889792349982905,-0.03871145451993881,-0.043068232855241965,0.48944628548512126,0.07686418247117137,-0.35124892950733766,-0.4716839620016896,-0.1132679184663568,-0.2616412141240355,0.048770610870620616,-0.6827607198420145,0.4052936277239707,0.41811630992509163,0.28029458589900047,0.4326908808867332,0.42244271188271754,0.16737795974950753,0.6095370001244905,-0.1338589054513949,-0.3835510493606594,-0.3968099250618699,-0.4766207391299232,-0.434491334922444,-0.47498368640984945,-0.4984397844491967,-0.5520304294341986,-0.49192450732545784,-0.6198953401784413,-0.4281440307200594,-0.4646214348821383,0.16159910416524348,0.38381366900396024,-2.6437838430692215,-0.004382458500172897,0.30231727699131794,-0.3109659039481052,-0.33268058794263505,-0.12344848365351498,-0.04252184154958386,0
-0.06169801927142828,0.35614652680379205,0.09814660015847687,-0.16378958372039332,-0.3666260422614546,-0.5597209660312809,0.8161690772556519,0.6450579537233535,-0.03871145451993881,-0.6248719664763439,-0.765260272474288,-0.5909393279109277,-0.20940779659852488,-0.7531140390661802,-0.09962833020804125,0.3211945886036082,1.7180063139604802,0.09265806384407876,-0.43036525577371226,1.1333172737733161,1.0273351461881373,0.9639214038487686,1.34075657705155,1.3518586560101526,0.5752227271741953,1.0715139802533336,0.6610376641843679,0.6422033552267575,0.5451282402369436,0.5225834381043987,0.32345319003851736,0.3661849031147877,0.286763025674652,1.7510974507436468,-0.5051242899045194,-0.48905026336467183,-0.4883569034758043,-0.7372107462158907,0.09814660015847661,0.059870012531715686,1.594661678518892,1.202779539860354,-0.42449082072453587,-0.39471985504781415,-0.7371247747247894,-0.624126994206658,0
-0.6712913407647946,0.009529581365406346,2.1631114120986874,-0.28615570146769714,-0.24718011975537363,-0.7760904764753032,-0.5728262591158504,1.2537911793577239,-0.4243025120011519,2.516868195077606,0.9546745597846772,0.6111069907768615,0.2711183063278461,0.859438915737312,-0.5358394121942968,-0.8015738258175612,-0.46831135304543453,-0.04449934466813878,-0.41032177701823275,-0.517982166807901,-0.35468989034676573,-0.4541689643915539,-0.5019642310644866,-0.5615332379493511,-0.488519734284957,-0.6494383233602531,-0.7724936554678504,-0.8933004482377646,-0.9874952288133566,-0.9710332531344618,-0.9512442793790508,-0.9257600688341683,-0.9913984297293107,-0.7231965453749557,-0.1735634780020784,0.19277898313580602,0.27711195866992494,-0.6610404199124047,2.1631114120986883,-0.1282444920331362,-0.6075414961824446,-0.5232421575016312,-0.27043195040557566,1.8284789669815213,0.7136323798464571,2.516540830141541,2
0.12507099837760324,-1.0303212549497511,0.8735286441676465,-0.8368032313305647,-0.3666260422614546,-0.3866253576760631,0.5527389272541604,-0.5845831620580755,-0.6170980407417584,-0.7412327132005644,0.7714028153636401,0.22950498484424894,2.1127518395528377,-0.14472843129441376,-0.6366871178792176,0.38190665138773777,-0.826244269105251,1.018157902437158,-0.8966074077473272,-1.0515160503875047,-1.0527577916836146,-1.0104853731601298,-0.8832168120540115,-0.5171444150125615,-0.934605282638795,0.6477500751227648,0.8832905819599058,0.9545649426553006,0.9035028822536807,0.6845127557629808,0.4775374995285529,0.36418807935597947,0.15362120740340576,-0.4729158466638551,0.893382211581418,0.1392456102323834,-0.3518779590622246,0.6772136206811481,0.8735286441676455,1.1752545467804978,-0.6334219793249496,-0.7928035220724869,-0.5530430618545066,0.6564513367327022,0.18403601449306525,-0.7404480247380727,2
1.1704586943853788,-0.7332210160025632,-0.44053987252157834,-1.1291222903935683,-0.6254255410246301,-0.9167306582639175,0.22943828861596594,0.3041673473681058,-0.809893569482365,-0.6248719664763439,-0.4838785890086033,2.1176569129197893,-1.0579528441270565,0.5881798459860376,-0.3450393798682196,0.09018213329480122,-1.0432746146806229,-0.5328548771583,-0.7440744004805941,-1.174418967876112,-1.2949817832766228,-1.2787067868003674,-1.3067897704193265,-1.1913859910346125,-0.6930098461146232,-0.848545809790802,-0.4614977008207046,-0.21870359792224323,-0.1423249383236961,-0.151931683779526,0.051934632487044205,0.14673519227585383,0.24472259951179098,-1.2706690912423015,0.424561007967717,0.5075039263488615,-0.9174965678127066,0.33542766865867524,-0.4405398725215788,-0.33281748864539584,-1.1196272443095845,-1.191137988125865,-0.4605351321552815,0.1451059659416051,-0.5457404649370684,-0.624126994206658,1
-0.6064409874144363,0.009529581365406346,0.6368330728385321,0.1829144165636345,0.15097295526489618,0.38148640440021575,0.3132569727073495,-0.0610725880125162,-0.03871145451993881,-0.15942897957946245,0.8982832538089733,0.15318458365771015,-0.2526130884098369,-0.4096037979433461,0.20214756000719128,-0.3243770123343028,-0.1570255717021018,-0.5910445196210787,0.21719328863408635,0.16764508629892008,0.08440395008984913,0.1965884262369397,0.17436740233473894,-0.11998126242023467,0.31786568004698096,-0.33867812626450305,-0.4502269246933208,-0.49545042635509395,-0.5528706629632714,-0.5190812769828973,-0.5590296734044145,-0.5523540259370202,-0.6319155203969463,-0.7136922150441547,-0.5348797473829435,-0.12040727630517521,-0.5595633092568023,0.6889321324201461,0.636833072838532,-2.6437838430692215,-0.2082426134123658,0.07161360500687089,-0.15109367767331486,-0.21567049100964844,0.015006213945430781,-0.15884287208099884,0
0.8124847438914024,-0.33708736407297946,-0.9955501777070894,-0.25896323085718514,-0.5856102335226031,-1.1763740707967443,0.6964280999822464,-0.5602338330327,-1.0026890982229715,-0.6248719664763439,-0.2154450392111761,0.09594428276781285,-0.25539115573023485,-0.8441649463517508,-0.5429149486032979,-0.0005793441522784398,1.2987918679790085,0.25524587332664667,0.6211464758599036,0.18575143981406503,0.41310179661706925,0.2851268467306122,0.4572602991876969,0.384649566755898,0.7982655013511145,0.4193884151357361,0.12763066152307737,0.18023700750349114,0.08762869723685406,-0.055045023394125,-0.1416012713314086,-0.2468399908393536,-0.31903224745951786,1.2315273926598427,-0.3648485617919482,-0.37685457165091196,-0.7494470580061304,-0.9821276415609453,-0.9955501777070901,0.32977792705025283,1.060619962879898,0.38701224389917843,-0.5098443582585852,0.104983983460327,-0.7374684803797829,-0.624126994206658,0
-2.7335325773061885,2.3863314929429085,1.7305298507040983,2.460283830194012,4.192226666720635,3.183471564650303,-0.9081009954813851,-2.2038135422455003,0.9252661891830941,3.215032675422928,4.535522489241867,3.225080731415415,-0.5312913105204955,-0.6537857765728307,0.713632119694026,-0.6016287657151611,-0.20275805671826233,-0.7119431471850395,1.1021899659914112,-0.21258833751912334,-0.3073773215284538,-0.28447032511201487,-0.25650024056438153,-0.4797643535921072,1.2271939132298049,-0.7647962753124635,-0.5613533835810897,-0.686155395521994,-0.6443705715632894,-0.6785937391540378,-0.7271216473935442,-0.7240808691945322,-0.7517431568410677,-0.7485414262570925,-0.8090550341484236,-0.9602721685624633,-1.271627367066783,-1.0793912889946276,1.7305298507040965,-0.4584387363698283,-0.4454803755519961,-0.3376134089174181,0.44434683892459625,-0.1359407492451127,3.1583342116874746,3.21446701333003,1
0.38187839764502435,-1.0303212549497511,-0.13038705491791105,-0.5769640677190058,-0.3865336960124681,-0.4082623087204653,0.2893087772526684,-0.3410898718043271,0.5396751317018809,-0.7412327132005644,0.19339192911267616,-0.28565772316482685,0.5447192931615218,4.675175506195377,-0.5977290439164037,1.99664514790297,-0.2857625170225936,3.379850058126254,-0.9240823917029153,-0.5222069826281015,-0.41943340557182435,-0.2269203517911276,0.04293101025844143,1.4009199866244992,-1.071862374439976,2.2462816950319646,2.027893108503925,2.192503233885263,2.4742513132206554,2.122541770790686,2.270518555412605,2.2152437037712533,2.337147027051842,1.3931010082834645,4.285504364121776,0.7425378725332296,1.353515459392679,2.000233596014004,-0.13038705491791122,-2.6437838430692215,0.6272245705728683,0.13948504139113066,-0.570594472391033,0.1394049293388496,-0.19984941425206157,-0.7404480247380727,0
-0.9955431075165859,0.306629820312594,1.5672915256495354,0.3392711225740783,-0.705056156028684,-1.122281693185739,1.7142264068061925,1.4485858115607215,-0.4243025120011519,-0.3921504730279032,-0.3000319981747317,-0.4001383249446214,1.4459931321430401,0.670591056671831,-0.6750484598557303,0.08239380831936532,5.033611477632119,3.5778736722396376,-0.8201338272648824,2.1170958147628567,2.2724027466700316,1.9083312224479425,1.4016873548352642,0.97805804180561,-0.41989118838436645,0.3934917320444237,0.29432034985473055,0.24764135005386098,0.20962857537021123,0.2035585137621177,0.11333822255210489,0.15851523219872676,0.1136786619220319,4.0321367301359565,0.5193136032812279,-0.6845913260657962,2.888013503973188,0.3139397567722152,1.5672915256495348,0.6108216498172133,4.582214276199342,1.9764547029188795,-0.553335465898558,-0.051370914914407435,-0.8234091148028116,-0.3914849331438284,0
0.4804509347375677,-0.4361207770553754,-0.4487017887743063,-0.5648785252254448,-0.4462566572655086,-1.2088294973633475,0.636557611345544,-0.5480591685200129,-1.0026890982229715,-0.5085112197521235,0.32027236755800975,-1.2396627379964125,-0.6922330674814808,-0.8524423015595298,-0.5940634045719814,-0.4458011379025619,-0.23324638006236934,-0.31172700076641074,0.5286381123730752,-0.06773750939796384,-0.11646695612123,-0.25938443930547406,-0.3043744231087283,-0.5989132993698051,-0.3855769154340713,-0.7695047631472475,-0.6280292589137509,-0.5858708858738827,-0.5833706324966107,-0.550500398319637,-0.46097602191075526,-0.42655412913209867,-0.36563188385445405,-0.37153632313530816,-0.3946040192703724,-0.6621521877230443,-0.037383000196149735,-0.3950302034371537,-0.4487017887743068,-2.6437838430692215,-0.31813196643808206,-0.211566455632364,-0.4780017501345766,0.5519587769537895,-0.46859632005400537,-0.5078059636752432,0
0.21326747893409137,0.10856299434780224,-0.6037781975761414,-0.0006347600573213288,-0.5457949260205761,-0.1702558472320409,0.10969731134256047,0.48678731505841627,-0.23150698326054528,-0.27578972630368276,-0.5960863545471766,-0.3619781243513385,0.18145075602101118,-0.38891040992389825,-0.13287482658768543,0.171438167069422,0.32316552096758383,-0.11578784574895706,-0.11892043203472338,1.610117916338799,1.5585639890604122,1.4361263131483555,1.3755741643565293,1.0014205801933938,0.23207999767124302,0.6924807095532136,0.36099622518739194,0.2081851495365713,0.11812866677019339,0.15280454852584574,0.08532289355391671,0.13655017085183582,0.14030702557628114,0.23040459781544034,-0.315964595934537,-0.25504210636168695,-0.07892007023506545,-0.45831016682774217,-0.6037781975761406,0.4945988334102057,0.755599982986088,1.514085168466893,-0.4131430075897273,-0.5875289512124396,-0.6155809247757418,-0.2751639026124136,0
-2.8658272981409185,0.5046966462773861,4.61168628791712,0.23050124013203036,-0.02819592849422521,-0.07288956753223082,3.3666518931791862,1.6799044373017826,-0.23150698326054528,3.215032675422928,0.3484680205458617,-0.4382985255378773,-0.057662711463881355,-0.00554470347560763,-0.17728873585382565,-0.600009777374251,0.29267719762347677,-0.04700069558325515,0.26677777146302634,0.752782077396687,-0.07280658559766474,0.8030766066185967,0.688362034924498,0.5365060662764936,0.06050863291976687,0.41467992730095216,-0.18352342336267552,-0.5414826602919319,-0.6901205258632983,-0.7245139934154267,-0.7551369763917325,-0.7919728769940136,-0.8183140659766908,1.161828970233967,0.11761492732250137,-0.43455521310370276,0.533455019481518,-0.2192525273521862,4.611686287917119,-0.6658269580976857,0.04316779425768394,0.28736631717711864,-0.160370768964051,-0.2829092408516536,-0.5623409755554394,3.21446701333003,2
-0.4041612721838254,-0.12531540212998796,1.6562298091029988,-0.27649008561526567,-0.13855034937092095,-0.8243439374297021,-0.8059748768305486,3.341117568446783,-0.41363019906027165,0.3221170558578523,-0.1364972108451909,0.3630656869206308,0.020508999060025852,0.2318912306595369,-0.3835022608342345,2.4258794317867665,-0.522885451831386,-0.7161120653769002,-0.20526157128909653,1.0548564085410213,1.6249675944194466,1.7164979780449856,1.9413599580624452,3.010598881542812,-0.24831982363289035,3.2609608234279372,3.43919913637859,3.259464656206971,3.084250703887441,3.011944590169166,2.746779148381806,2.1793008761127046,1.8844648449296053,-0.8784339407780436,-0.5688859845011427,0.04628346566955384,2.454841202138782,-0.037615595397719866,1.656229809102999,-0.15713701413413886,0.7042498180208001,2.0338160586416727,-0.5531927620248426,0.6232625922637264,-0.18911359149581347,0.32253880230049087,0
-0.11357830195171195,-0.18853724459938556,0.016527437631196087,-0.11620276015199747,-0.20736481225334671,-0.5056285884202755,-0.9559973863907474,2.2642883339107778,-0.03871145451993881,-0.6132358918039218,0.33437019405193574,0.17226468395435163,-0.32436619442780024,0.04978941608839591,-0.3008122570181962,-0.4093739002320842,-0.5076412901593326,-0.3575851008768785,-0.6903137571717,-0.17637563048883342,-0.17124993054243332,-0.25938443930547406,-0.27390903421687135,-0.4797643535921072,-0.4370483248595141,-0.5835194936732759,-0.5391280918035358,-0.4987384430648682,-0.46137075436325353,-0.4538261788219762,-0.48899135090894363,-0.4465223667201815,-0.5120878839528248,-0.7517095363673598,-0.27133140971690073,0.610467515430175,1.624099801360472,0.06785101025326071,0.01652743763119684,0.011061635992680844,-0.5163436032040933,-0.24109830199803442,-0.34127047886406714,-0.005367533488586572,-0.3949710923633162,-0.6124948911535165,0
0.6412798110464575,-1.079837961440949,-0.21200621744519185,-0.9168699503504054,-0.7249638097796975,-0.6138133436422865,0.9119618590743758,-0.3045658782662646,0.3468796029612744,-0.7412327132005644,-0.4551080896079172,-0.09485672019849344,0.8482094634308087,1.742508556079229,-0.7554367831531777,2.1425564721274952,-0.8552081762821525,-0.27837565523152497,-0.9180076758339468,-1.2319760404217823,-1.2818502301722832,-1.2347827050774338,-1.183518502559459,-0.41201299226753374,-0.9946552603018118,0.5535803184270829,1.3055711257334275,1.7765691200988347,1.887126899703873,1.9871978634939609,2.18647256841804,2.1593326385246217,2.3105186633975925,-0.32084656137103457,1.662773326380672,1.0528390999015713,-1.0758097511690383,1.8021907476249406,-0.2120062174451932,0.7885138654961928,-0.43675084750789694,-0.8245928153407962,-0.5879675335848912,-0.19281627983724092,-0.6032852202607218,-0.7404480247380727,1
-2.0098026339161885,2.089231253995721,1.4856723631222546,1.5410272542775378,1.8232158703500299,1.1171427399098912,-0.7165154318439364,0.5598353021345412,0.7324706604424877,2.516868195077606,0.8559897743271955,-1.5449443427425134,-0.1634244374668149,0.008402640049500231,2.529402306582289,-0.6582933576470154,1.0167748770460185,-0.528510746743168,3.62150106494937,1.9963867913285571,1.8739811145158256,1.9083312224479425,1.636706069143875,0.7444326579277707,2.445350602965285,-0.04204339267310492,-0.4168889870269901,-0.6664272952633491,-0.7434954725466422,-0.7414319818275172,-0.7691446408908266,-0.7779951106823556,-0.8049998841495662,0.353960892115857,-0.6517761874767528,-0.2492411707303174,0.6628133233169978,-0.6200256288259123,1.485672363122255,-0.22015679787291279,1.0590794579309395,1.671884407693984,1.9679902341039757,0.07198789340406166,0.8499867226552968,2.516540830141541,0
